/*
Navicat MySQL Data Transfer

Source Server         : localhost
Source Server Version : 50621
Source Host           : 127.0.0.1:3306
Source Database       : estate

Target Server Type    : MYSQL
Target Server Version : 50621
File Encoding         : 65001

Date: 2017-04-13 09:56:28
*/

SET FOREIGN_KEY_CHECKS=0;

-- ----------------------------
-- Table structure for buildmag
-- ----------------------------
DROP TABLE IF EXISTS `buildmag`;
CREATE TABLE `buildmag` (
  `BLD_NO` varchar(20) NOT NULL,
  `BLD_NM` varchar(20) DEFAULT NULL,
  `BLD_SITE` varchar(100) DEFAULT NULL,
  `BLD_AREA` double DEFAULT NULL,
  `FLO_SUM` int(11) DEFAULT NULL,
  `HOUSE_SUM` int(11) DEFAULT NULL,
  `BLD_INVEST_MON` double DEFAULT NULL COMMENT '总投入',
  `BLD_INTRO` mediumtext,
  `BLD_IMG` varchar(100) DEFAULT NULL COMMENT '图片地址',
  `IS_RECMD` int(11) DEFAULT '0' COMMENT '是否推荐',
  `CREATE_DATE` timestamp NULL DEFAULT CURRENT_TIMESTAMP ON UPDATE CURRENT_TIMESTAMP COMMENT '创建时间',
  PRIMARY KEY (`BLD_NO`)
) ENGINE=InnoDB DEFAULT CHARSET=utf8;

-- ----------------------------
-- Records of buildmag
-- ----------------------------
INSERT INTO `buildmag` VALUES ('A', '苹果', '中', '10000', '20', '200', '1000000', '', '1452479121330.jpg', '1', '2016-01-11 10:25:24');
INSERT INTO `buildmag` VALUES ('B', '绿杨楼', '', '0', '10', '7', '0', '<p><br></p><p><br></p><p><br></p><p align=\"left\"><img wangeditor_img_max_width_mark=\"1\" style=\"max-width: 100%;\" src=\"data:image/jpeg;base64,/9j/4AAQSkZJRgABAgEASABIAAD/4REcRXhpZgAATU0AKgAAAAgABwESAAMAAAABAAEAAAEaAAUAAAABAAAAYgEbAAUAAAABAAAAagEoAAMAAAABAAIAAAExAAIAAAAcAAAAcgEyAAIAAAAUAAAAjodpAAQAAAABAAAApAAAANAACvyAAAAnEAAK/IAAACcQQWRvYmUgUGhvdG9zaG9wIENTMyBXaW5kb3dzADIwMTU6MDQ6MDggMTc6MzQ6NTIAAAAAA6ABAAMAAAABAAEAAKACAAQAAAABAAABcqADAAQAAAABAAABBAAAAAAAAAAGAQMAAwAAAAEABgAAARoABQAAAAEAAAEeARsABQAAAAEAAAEmASgAAwAAAAEAAgAAAgEABAAAAAEAAAEuAgIABAAAAAEAAA/mAAAAAAAAAEgAAAABAAAASAAAAAH/2P/gABBKRklGAAECAABIAEgAAP/tAAxBZG9iZV9DTQAB/+4ADkFkb2JlAGSAAAAAAf/bAIQADAgICAkIDAkJDBELCgsRFQ8MDA8VGBMTFRMTGBEMDAwMDAwRDAwMDAwMDAwMDAwMDAwMDAwMDAwMDAwMDAwMDAENCwsNDg0QDg4QFA4ODhQUDg4ODhQRDAwMDAwREQwMDAwMDBEMDAwMDAwMDAwMDAwMDAwMDAwMDAwMDAwMDAwM/8AAEQgAcACgAwEiAAIRAQMRAf/dAAQACv/EAT8AAAEFAQEBAQEBAAAAAAAAAAMAAQIEBQYHCAkKCwEAAQUBAQEBAQEAAAAAAAAAAQACAwQFBgcICQoLEAABBAEDAgQCBQcGCAUDDDMBAAIRAwQhEjEFQVFhEyJxgTIGFJGhsUIjJBVSwWIzNHKC0UMHJZJT8OHxY3M1FqKygyZEk1RkRcKjdDYX0lXiZfKzhMPTdePzRieUpIW0lcTU5PSltcXV5fVWZnaGlqa2xtbm9jdHV2d3h5ent8fX5/cRAAICAQIEBAMEBQYHBwYFNQEAAhEDITESBEFRYXEiEwUygZEUobFCI8FS0fAzJGLhcoKSQ1MVY3M08SUGFqKygwcmNcLSRJNUoxdkRVU2dGXi8rOEw9N14/NGlKSFtJXE1OT0pbXF1eX1VmZ2hpamtsbW5vYnN0dXZ3eHl6e3x//aAAwDAQACEQMRAD8A6kKbUDHvqe4H6YH0mTB7c/nIwcOyAXFK1TAQmuKl6oHGqKEug1UXWAeSEXOKG7mO/wDfx+RJS2TnGqtzmgSASJVX1sixrTba524AkTA1/kt2tSyanWe0d9EMPkMGvAH3BBIDu4GuHV5Aj/pOVkKn01/6q0eBP8FbTkMk6YJwkhkE4TBOEVLhSCYJwipdKEk4SUqEk6UIKf/Q16GA5NR5IdofkVpiByslziGktJBEEEaEK3hZXrex/wDPATP7w/e/rfvKLFIbeLLkid23qfh4JwERjZCl6YUzEwCcslJ0N+Pghuc8+Q8ECkLnY0iNTPAWTW8FzB4/3Kd+X1WnIc1mPWag8ip7vzm/mOdFo+l/VQMfHym2Nc9oA1iHTqfFMs9iuAHcPQdO/mB/WP5Gq8FmdPsvbc3HeG7C1zpbJIOm3e/6LNy0wpAtZJwmThFC4UgohOElMwnTBSCSlJwmUgkpQUoTBSSS/wD/0dB11bhtEhx4a5rgdOeRt/6SZpIgiQRBBHII8FR+rbbMnqWVjEC39dsqrqsca2BjQ/ZULKWvfUzT2ba10WV0p2K3fdiWtadQaLxY0CY95yMbH2/2rFDwUaBZfcFapun5rL27X6XN+k0d/wDhGf8AflbduI00CrUdItxshlhY8h25ga51QJJ/N3Ne7w/dWiaHMADmljo1bMx5bh7VNEkjViJjejTLFHarD2kIaRCmPose3a8SEq8Foj9I4wZHtais1VXqnVLOmuxK6cN2ddmvfXXW2xtRBY1r/pPZY12/f/ISpNt9mOGua7c47eAY/gEcBYrOs9ceGlv1fuIdG0/aa41+FaIeq9fGg+r9rv6uTWfl7qmJcQ7j7UW66SzeldXyM/JzcXJwnYF+D6XqVutbaT6we9v82xjW+yvd+f8Azi0NyKmYUghhykHIqSBSCG1ymCkpmFIKIUgglcKQCYKQSU//0rf1exfQ67U02ndm5DrRsrFRYXV3OdBEus/r2/8AXN67G6yjOxqaLbmnLdUH+m1wB9Q17voTu97XvcvP+hZlrevdOsa12S9j3H06yXW2ucy3dtffXh4n573v321s9NdoxnSumHDxRczGysXGrxazdfS270a9gqead/ou9b0fTe70mPUZjKVcNaHr/KKTXV1K3sONTaXNYwta/QxrG5zNv0W/+fEa1gLdzjzwszBvsY+3Jy8MYFEE1XZN9O0tJ9rduNZez6P57nfzf/XEn/WHpDwRRn4nqMeC5rLAQ4ARtc7Z+d/pGKQDhNk+H0YxE9k1jWEBzSC06AyIJHgq5bJ01+GqwrstwuNVNmJ9mY6u5t7slu6y2r1bq2ejtd6OK/IfT6j/AOk+lXf/AD/rV+mJuSbumGi6+jGuDmNa1uTWJY01vfZvw9jK/wDC7Mer/B/ov5aRludPtZIx1ANj6PR1vq9X0i9ot2h/pkgO2klos2fS9NzmPbvVbrWOH5PRnESG5pB/t1x/31YGNgYn7Uyb6smvJfkYj8b3WtDRUNuR6rq7rsm5vp3Nt9Wz1fR/4KpXs36w4d+Jimi/FxsjFtZfScq9hqeA19PtdhfaLPpfyK67/wDBXf4RKJ4rBFDzVKNDQ39HprKN0WCWFu0vHYuaPZ7P3f6iReKrxW0gtaPftEuEiWe76P6X3LEyeq9a6ph2N6NkYgyK2teGQ5zy5zG2uxLatt1TWfpNlr/X/Rfo/X2eoq3RW/X4UNyeoem+0h3+TnV00VN2uLf0mTU6zI9Z9bP0T66n47PU/wC1CinAcQN6S7AkrOA0T1De6cR+3frBc+GA2YocSYADKX7iXH81XjlYX/cmj/t6v/yawbTnu+rf1i6nm4bsB+dRY8YtjvUexraX0/pjsqb+k3bvT9+yv+dR2/V/oVOBTcOjYd9np1tLX0s3b9jH/pP0e6x9j/8ApvUkpcIAq03Q1dX7ZgTH2ugHw9ar/wAmp15GNa/ZTkVWPgnYyxjnQOTtre5yw8roHT7LfszOlYlNbnzj2NprLiNrnagzSxu71HVV+r/NV/zKD0fBxcb64ZjMfGqxvsXT62PZUwMaLLntc+IG73MZ9J/veiDeyBKzVF6gByI3d4IbNzjAE/BFbIMEEFFczBUwUwD/AN0/clZZXSw23ObVW36T3kNaO3ue72pbaqSBSCqU9R6ffcMejJptuLfUFbHtc4s/0m1p+irXCAIOxtL/AP/T5r6s5tuRkYjsk/aHOutDhZO1wFftY70yx2xv/Brs68zIrLnY/pYe/wCkMSllJMafzzWvyf8AwdcV0e1z+sYoGranH2tENY0ts/MYNlTN711nqQFHO73ZIURsjy3zuutJss/fsJe7/Ps3uXP5PUc3HygaNha9w1cHbhMNd9F7dy0eoZOpaDoFjW2MNzNzgPcPpEAaHdy74JgGrIdnWPVM9gO70yBySHdv+uLX6H0vr3V9t1jWYXT3a/aHtebLB/3Ux3We/d/3Iu/V/wDR/aFe+q/S+m5OM3qltQy3Gx7aQ4tdS30zt3iv6Ntu/wD0v83/AINi6r13kyWEk95H96l9vwY+Pxca/wCqNN7fROWWYkCcX0w9tjmkWMuzLbXGzKsa5v0P0WKxn6OrGr/wgrPqJXZmjJrzzU71BY3bSNxeA39Jbd6ge5+9v6L0/Sx6f+4/0/U6AWu/cP3j+9Tbc8EHYdDPI/vThClpk1/q79XWdEpfW677VY57y24sFbg159RzX7Cd9jn/AM5b/hNlLP8AArW0E+SAM2z/AEX/AEgmOQ8mdkf2giYlbarGtcbGOALHaFpEggiCC0/vLG65g5fp02YQeWsO2xtTWPe2oDRjGZF2NV6W5v7+/wD75sbySTt58wluP7v4hIxvcI0LzNtnU7WtYcbL/SWsdfZYMZp2tcHPbU6jO9Sn2/u++v8AM/cRem4NWH1HqOZvdccz0AWkw5jaWvrDWWR+lY76fvbW9aGbk9NxLhXe4VOc0P27XuEEubP6Njm/mKhj5mM/Kc0PaJa4uY+Ww0S7Vzw1nsZ+k/kIVWyQ6rLGmfs73b41rMbiP5LPzv8ArSxvrLgfWfqDKP2PnHGxqg43tpsi99hIaz6Bq/QY9O9/p+v/ADv/AGn+gtLZQXjcG2sEyw7Zkhrf+htVMvx9zjbkXtDLHNt03EavbRtcW77N2z3te+zYieytHj6+g/WZt94o6rkBgYLLLmXZAe9waJ3YlbrLbvpbPW3/AM1+Yo/81frJ1dzq8jPbl20NbvqssyXFrQf0bfVyKqsfb6m/871tlj13DXUW49oi6xxBdTbqxweN7R72mv2fzP0v0f00IWh5ZWLrbSJ3+oWkDw2bB/nKMw1Hbsmo1sbcTC+pXU2Bl+RmMqzGuP8ANEENaQa3PbYdj/XfW7Z9H0f5r1fXXT9C6MemuuLb3FlkAV/mQ36Gk7WuZ/wWz1Pp2KVQCFdlGnNdNbLK9rWzvEt26uHpe76T3oDBjjISEakOtlAAf//UBX6dLBVS1tVQIhjAGjnvtSuyA1pJMADXsAqeRlsr0J1nt2j3nef9XrDy+o5GadlUsr5ng/hu2f8Anz/hFEBbNYCTqXVWB7mV+950hZLvUseLLSS6ZA7BWBTWzRok9yoPEHw/IiNEGy+s/Udmz6qdPP8ApBdb/n33x/0Qt5qyPquz0vq10hn/AHTqd/nj1v8A0atYFTgaMRSgqQKECpgooSAqQKGCpAooZynlQlPKNKc7q/S7s61ttQJDK9joIEQXP7/1lgNDK+oZjMgmsUMeLw7hoe6pvb96mxdtS0WV21nhwg/MQuL68xmN1TLJta85teK/aJ3AMEXbvzff6NTmpp66bKH5uc+51rg/QueHOcBH0nPe7X/OVzItfXhYwa6a8ixz5H7jGBtH/S+0rFtt+zMdeWl20uaS3xAYGz/mKx1HqOMzqTMOq0fY8VjMcPEFjn1sO+xj/wB31Lrvo/zvqJi50PX2Nmx0FoDnl2um3dc7+y5WsTLcyn1tjXuFj2ObJaIadreJWBk9XoD76nh254sZW4DQ7i/Z/wBB1a0un5mPkYz/AEzO68jwgu3WNmf3msS0S7I628Mc5uOzc3SHPdG6N7G/RH05agerY/ILt0sc6SDrM6u+l7lm5LrDiWtpJrtfdsY8GCHEtLLG/wBhivY1m/GquiN1bXH/ADfckp//1eKc63JsFthns0EcDwY3/BqYYAA0DRPJ+9TamMim07jHHyV/qH1X6jidNr6jbUGVXSGzO8QNC9ke3ct36i9Gozcx2Tl604/5p4LvP+S1dP8AX62odKpqrj3Oc2GxABH/AEVJGArXqsM9aDY6fWKOn4dH+hxqK/8ANqrarIKCfa4t/d9v3e1TDk8BaSmBUw5BBUgUaQmDlIFBBUgUUJQVIFCBUgUVL29Tx+ntD7522mAWidWjcfyrhOu9VrzslmRSADXQysg8ktO07vv9i6D63PLOn0PEiLyJ+Nbz/wB8XDvrFjnAkgkQO/mmSIGnddEdWxj5tLg+m+Gh5Op+iZ/NKj9kxbz6l06mNPAe3/vqp+m2SHOdI7RH96lvGwASYJ1Gog66fco1zfpq6WKBXYySTuLtSQ7v/VRqmdJrqspG8Cx1dmknWv1G8/1b1jPeWnkieIP96kx79sg+6Yg8QO3+ckl3m5OO+9lTHgVtZLN06PDTW3/oobuo5FFTseCA0Oqc4askl30f7L2rJD3uEkat5R6sq8bq2PIY4+8cg/5yVqf/2f/tFkxQaG90b3Nob3AgMy4wADhCSU0EJQAAAAAAEAAAAAAAAAAAAAAAAAAAAAA4QklNBC8AAAAAAEqkAQEASAAAAEgAAAAAAAAAAAAAANACAABAAgAAAAAAAAAAAAAYAwAAZAIAAAABwAMAALAEAAABAA8nAQBsbHVuAAAAAAAAAAAAADhCSU0D7QAAAAAAEABIAAAAAQABAEgAAAABAAE4QklNBCYAAAAAAA4AAAAAAAAAAAAAP4AAADhCSU0EDQAAAAAABAAAAHg4QklNBBkAAAAAAAQAAAAeOEJJTQPzAAAAAAAJAAAAAAAAAAABADhCSU0ECgAAAAAAAQAAOEJJTScQAAAAAAAKAAEAAAAAAAAAAjhCSU0D9QAAAAAASAAvZmYAAQBsZmYABgAAAAAAAQAvZmYAAQChmZoABgAAAAAAAQAyAAAAAQBaAAAABgAAAAAAAQA1AAAAAQAtAAAABgAAAAAAAThCSU0D+AAAAAAAcAAA/////////////////////////////wPoAAAAAP////////////////////////////8D6AAAAAD/////////////////////////////A+gAAAAA/////////////////////////////wPoAAA4QklNBAAAAAAAAAIAADhCSU0EAgAAAAAAAgAAOEJJTQQwAAAAAAABAQA4QklNBC0AAAAAAAYAAQAAAAI4QklNBAgAAAAAABAAAAABAAACQAAAAkAAAAAAOEJJTQQeAAAAAAAEAAAAADhCSU0EGgAAAAADSQAAAAYAAAAAAAAAAAAAAQQAAAFyAAAACgBVAG4AdABpAHQAbABlAGQALQAxAAAAAQAAAAAAAAAAAAAAAAAAAAAAAAABAAAAAAAAAAAAAAFyAAABBAAAAAAAAAAAAAAAAAAAAAABAAAAAAAAAAAAAAAAAAAAAAAAABAAAAABAAAAAAAAbnVsbAAAAAIAAAAGYm91bmRzT2JqYwAAAAEAAAAAAABSY3QxAAAABAAAAABUb3AgbG9uZwAAAAAAAAAATGVmdGxvbmcAAAAAAAAAAEJ0b21sb25nAAABBAAAAABSZ2h0bG9uZwAAAXIAAAAGc2xpY2VzVmxMcwAAAAFPYmpjAAAAAQAAAAAABXNsaWNlAAAAEgAAAAdzbGljZUlEbG9uZwAAAAAAAAAHZ3JvdXBJRGxvbmcAAAAAAAAABm9yaWdpbmVudW0AAAAMRVNsaWNlT3JpZ2luAAAADWF1dG9HZW5lcmF0ZWQAAAAAVHlwZWVudW0AAAAKRVNsaWNlVHlwZQAAAABJbWcgAAAABmJvdW5kc09iamMAAAABAAAAAAAAUmN0MQAAAAQAAAAAVG9wIGxvbmcAAAAAAAAAAExlZnRsb25nAAAAAAAAAABCdG9tbG9uZwAAAQQAAAAAUmdodGxvbmcAAAFyAAAAA3VybFRFWFQAAAABAAAAAAAAbnVsbFRFWFQAAAABAAAAAAAATXNnZVRFWFQAAAABAAAAAAAGYWx0VGFnVEVYVAAAAAEAAAAAAA5jZWxsVGV4dElzSFRNTGJvb2wBAAAACGNlbGxUZXh0VEVYVAAAAAEAAAAAAAlob3J6QWxpZ25lbnVtAAAAD0VTbGljZUhvcnpBbGlnbgAAAAdkZWZhdWx0AAAACXZlcnRBbGlnbmVudW0AAAAPRVNsaWNlVmVydEFsaWduAAAAB2RlZmF1bHQAAAALYmdDb2xvclR5cGVlbnVtAAAAEUVTbGljZUJHQ29sb3JUeXBlAAAAAE5vbmUAAAAJdG9wT3V0c2V0bG9uZwAAAAAAAAAKbGVmdE91dHNldGxvbmcAAAAAAAAADGJvdHRvbU91dHNldGxvbmcAAAAAAAAAC3JpZ2h0T3V0c2V0bG9uZwAAAAAAOEJJTQQoAAAAAAAMAAAAAT/wAAAAAAAAOEJJTQQUAAAAAAAEAAAAAzhCSU0EDAAAAAAQAgAAAAEAAACgAAAAcAAAAeAAANIAAAAP5gAYAAH/2P/gABBKRklGAAECAABIAEgAAP/tAAxBZG9iZV9DTQAB/+4ADkFkb2JlAGSAAAAAAf/bAIQADAgICAkIDAkJDBELCgsRFQ8MDA8VGBMTFRMTGBEMDAwMDAwRDAwMDAwMDAwMDAwMDAwMDAwMDAwMDAwMDAwMDAENCwsNDg0QDg4QFA4ODhQUDg4ODhQRDAwMDAwREQwMDAwMDBEMDAwMDAwMDAwMDAwMDAwMDAwMDAwMDAwMDAwM/8AAEQgAcACgAwEiAAIRAQMRAf/dAAQACv/EAT8AAAEFAQEBAQEBAAAAAAAAAAMAAQIEBQYHCAkKCwEAAQUBAQEBAQEAAAAAAAAAAQACAwQFBgcICQoLEAABBAEDAgQCBQcGCAUDDDMBAAIRAwQhEjEFQVFhEyJxgTIGFJGhsUIjJBVSwWIzNHKC0UMHJZJT8OHxY3M1FqKygyZEk1RkRcKjdDYX0lXiZfKzhMPTdePzRieUpIW0lcTU5PSltcXV5fVWZnaGlqa2xtbm9jdHV2d3h5ent8fX5/cRAAICAQIEBAMEBQYHBwYFNQEAAhEDITESBEFRYXEiEwUygZEUobFCI8FS0fAzJGLhcoKSQ1MVY3M08SUGFqKygwcmNcLSRJNUoxdkRVU2dGXi8rOEw9N14/NGlKSFtJXE1OT0pbXF1eX1VmZ2hpamtsbW5vYnN0dXZ3eHl6e3x//aAAwDAQACEQMRAD8A6kKbUDHvqe4H6YH0mTB7c/nIwcOyAXFK1TAQmuKl6oHGqKEug1UXWAeSEXOKG7mO/wDfx+RJS2TnGqtzmgSASJVX1sixrTba524AkTA1/kt2tSyanWe0d9EMPkMGvAH3BBIDu4GuHV5Aj/pOVkKn01/6q0eBP8FbTkMk6YJwkhkE4TBOEVLhSCYJwipdKEk4SUqEk6UIKf/Q16GA5NR5IdofkVpiByslziGktJBEEEaEK3hZXrex/wDPATP7w/e/rfvKLFIbeLLkid23qfh4JwERjZCl6YUzEwCcslJ0N+Pghuc8+Q8ECkLnY0iNTPAWTW8FzB4/3Kd+X1WnIc1mPWag8ip7vzm/mOdFo+l/VQMfHym2Nc9oA1iHTqfFMs9iuAHcPQdO/mB/WP5Gq8FmdPsvbc3HeG7C1zpbJIOm3e/6LNy0wpAtZJwmThFC4UgohOElMwnTBSCSlJwmUgkpQUoTBSSS/wD/0dB11bhtEhx4a5rgdOeRt/6SZpIgiQRBBHII8FR+rbbMnqWVjEC39dsqrqsca2BjQ/ZULKWvfUzT2ba10WV0p2K3fdiWtadQaLxY0CY95yMbH2/2rFDwUaBZfcFapun5rL27X6XN+k0d/wDhGf8AflbduI00CrUdItxshlhY8h25ga51QJJ/N3Ne7w/dWiaHMADmljo1bMx5bh7VNEkjViJjejTLFHarD2kIaRCmPose3a8SEq8Foj9I4wZHtais1VXqnVLOmuxK6cN2ddmvfXXW2xtRBY1r/pPZY12/f/ISpNt9mOGua7c47eAY/gEcBYrOs9ceGlv1fuIdG0/aa41+FaIeq9fGg+r9rv6uTWfl7qmJcQ7j7UW66SzeldXyM/JzcXJwnYF+D6XqVutbaT6we9v82xjW+yvd+f8Azi0NyKmYUghhykHIqSBSCG1ymCkpmFIKIUgglcKQCYKQSU//0rf1exfQ67U02ndm5DrRsrFRYXV3OdBEus/r2/8AXN67G6yjOxqaLbmnLdUH+m1wB9Q17voTu97XvcvP+hZlrevdOsa12S9j3H06yXW2ucy3dtffXh4n573v321s9NdoxnSumHDxRczGysXGrxazdfS270a9gqead/ou9b0fTe70mPUZjKVcNaHr/KKTXV1K3sONTaXNYwta/QxrG5zNv0W/+fEa1gLdzjzwszBvsY+3Jy8MYFEE1XZN9O0tJ9rduNZez6P57nfzf/XEn/WHpDwRRn4nqMeC5rLAQ4ARtc7Z+d/pGKQDhNk+H0YxE9k1jWEBzSC06AyIJHgq5bJ01+GqwrstwuNVNmJ9mY6u5t7slu6y2r1bq2ejtd6OK/IfT6j/AOk+lXf/AD/rV+mJuSbumGi6+jGuDmNa1uTWJY01vfZvw9jK/wDC7Mer/B/ov5aRludPtZIx1ANj6PR1vq9X0i9ot2h/pkgO2klos2fS9NzmPbvVbrWOH5PRnESG5pB/t1x/31YGNgYn7Uyb6smvJfkYj8b3WtDRUNuR6rq7rsm5vp3Nt9Wz1fR/4KpXs36w4d+Jimi/FxsjFtZfScq9hqeA19PtdhfaLPpfyK67/wDBXf4RKJ4rBFDzVKNDQ39HprKN0WCWFu0vHYuaPZ7P3f6iReKrxW0gtaPftEuEiWe76P6X3LEyeq9a6ph2N6NkYgyK2teGQ5zy5zG2uxLatt1TWfpNlr/X/Rfo/X2eoq3RW/X4UNyeoem+0h3+TnV00VN2uLf0mTU6zI9Z9bP0T66n47PU/wC1CinAcQN6S7AkrOA0T1De6cR+3frBc+GA2YocSYADKX7iXH81XjlYX/cmj/t6v/yawbTnu+rf1i6nm4bsB+dRY8YtjvUexraX0/pjsqb+k3bvT9+yv+dR2/V/oVOBTcOjYd9np1tLX0s3b9jH/pP0e6x9j/8ApvUkpcIAq03Q1dX7ZgTH2ugHw9ar/wAmp15GNa/ZTkVWPgnYyxjnQOTtre5yw8roHT7LfszOlYlNbnzj2NprLiNrnagzSxu71HVV+r/NV/zKD0fBxcb64ZjMfGqxvsXT62PZUwMaLLntc+IG73MZ9J/veiDeyBKzVF6gByI3d4IbNzjAE/BFbIMEEFFczBUwUwD/AN0/clZZXSw23ObVW36T3kNaO3ue72pbaqSBSCqU9R6ffcMejJptuLfUFbHtc4s/0m1p+irXCAIOxtL/AP/T5r6s5tuRkYjsk/aHOutDhZO1wFftY70yx2xv/Brs68zIrLnY/pYe/wCkMSllJMafzzWvyf8AwdcV0e1z+sYoGranH2tENY0ts/MYNlTN711nqQFHO73ZIURsjy3zuutJss/fsJe7/Ps3uXP5PUc3HygaNha9w1cHbhMNd9F7dy0eoZOpaDoFjW2MNzNzgPcPpEAaHdy74JgGrIdnWPVM9gO70yBySHdv+uLX6H0vr3V9t1jWYXT3a/aHtebLB/3Ux3We/d/3Iu/V/wDR/aFe+q/S+m5OM3qltQy3Gx7aQ4tdS30zt3iv6Ntu/wD0v83/AINi6r13kyWEk95H96l9vwY+Pxca/wCqNN7fROWWYkCcX0w9tjmkWMuzLbXGzKsa5v0P0WKxn6OrGr/wgrPqJXZmjJrzzU71BY3bSNxeA39Jbd6ge5+9v6L0/Sx6f+4/0/U6AWu/cP3j+9Tbc8EHYdDPI/vThClpk1/q79XWdEpfW677VY57y24sFbg159RzX7Cd9jn/AM5b/hNlLP8AArW0E+SAM2z/AEX/AEgmOQ8mdkf2giYlbarGtcbGOALHaFpEggiCC0/vLG65g5fp02YQeWsO2xtTWPe2oDRjGZF2NV6W5v7+/wD75sbySTt58wluP7v4hIxvcI0LzNtnU7WtYcbL/SWsdfZYMZp2tcHPbU6jO9Sn2/u++v8AM/cRem4NWH1HqOZvdccz0AWkw5jaWvrDWWR+lY76fvbW9aGbk9NxLhXe4VOc0P27XuEEubP6Njm/mKhj5mM/Kc0PaJa4uY+Ww0S7Vzw1nsZ+k/kIVWyQ6rLGmfs73b41rMbiP5LPzv8ArSxvrLgfWfqDKP2PnHGxqg43tpsi99hIaz6Bq/QY9O9/p+v/ADv/AGn+gtLZQXjcG2sEyw7Zkhrf+htVMvx9zjbkXtDLHNt03EavbRtcW77N2z3te+zYieytHj6+g/WZt94o6rkBgYLLLmXZAe9waJ3YlbrLbvpbPW3/AM1+Yo/81frJ1dzq8jPbl20NbvqssyXFrQf0bfVyKqsfb6m/871tlj13DXUW49oi6xxBdTbqxweN7R72mv2fzP0v0f00IWh5ZWLrbSJ3+oWkDw2bB/nKMw1Hbsmo1sbcTC+pXU2Bl+RmMqzGuP8ANEENaQa3PbYdj/XfW7Z9H0f5r1fXXT9C6MemuuLb3FlkAV/mQ36Gk7WuZ/wWz1Pp2KVQCFdlGnNdNbLK9rWzvEt26uHpe76T3oDBjjISEakOtlAAf//UBX6dLBVS1tVQIhjAGjnvtSuyA1pJMADXsAqeRlsr0J1nt2j3nef9XrDy+o5GadlUsr5ng/hu2f8Anz/hFEBbNYCTqXVWB7mV+950hZLvUseLLSS6ZA7BWBTWzRok9yoPEHw/IiNEGy+s/Udmz6qdPP8ApBdb/n33x/0Qt5qyPquz0vq10hn/AHTqd/nj1v8A0atYFTgaMRSgqQKECpgooSAqQKGCpAooZynlQlPKNKc7q/S7s61ttQJDK9joIEQXP7/1lgNDK+oZjMgmsUMeLw7hoe6pvb96mxdtS0WV21nhwg/MQuL68xmN1TLJta85teK/aJ3AMEXbvzff6NTmpp66bKH5uc+51rg/QueHOcBH0nPe7X/OVzItfXhYwa6a8ixz5H7jGBtH/S+0rFtt+zMdeWl20uaS3xAYGz/mKx1HqOMzqTMOq0fY8VjMcPEFjn1sO+xj/wB31Lrvo/zvqJi50PX2Nmx0FoDnl2um3dc7+y5WsTLcyn1tjXuFj2ObJaIadreJWBk9XoD76nh254sZW4DQ7i/Z/wBB1a0un5mPkYz/AEzO68jwgu3WNmf3msS0S7I628Mc5uOzc3SHPdG6N7G/RH05agerY/ILt0sc6SDrM6u+l7lm5LrDiWtpJrtfdsY8GCHEtLLG/wBhivY1m/GquiN1bXH/ADfckp//1eKc63JsFthns0EcDwY3/BqYYAA0DRPJ+9TamMim07jHHyV/qH1X6jidNr6jbUGVXSGzO8QNC9ke3ct36i9Gozcx2Tl604/5p4LvP+S1dP8AX62odKpqrj3Oc2GxABH/AEVJGArXqsM9aDY6fWKOn4dH+hxqK/8ANqrarIKCfa4t/d9v3e1TDk8BaSmBUw5BBUgUaQmDlIFBBUgUUJQVIFCBUgUVL29Tx+ntD7522mAWidWjcfyrhOu9VrzslmRSADXQysg8ktO07vv9i6D63PLOn0PEiLyJ+Nbz/wB8XDvrFjnAkgkQO/mmSIGnddEdWxj5tLg+m+Gh5Op+iZ/NKj9kxbz6l06mNPAe3/vqp+m2SHOdI7RH96lvGwASYJ1Gog66fco1zfpq6WKBXYySTuLtSQ7v/VRqmdJrqspG8Cx1dmknWv1G8/1b1jPeWnkieIP96kx79sg+6Yg8QO3+ckl3m5OO+9lTHgVtZLN06PDTW3/oobuo5FFTseCA0Oqc4askl30f7L2rJD3uEkat5R6sq8bq2PIY4+8cg/5yVqf/2ThCSU0EIQAAAAAAVQAAAAEBAAAADwBBAGQAbwBiAGUAIABQAGgAbwB0AG8AcwBoAG8AcAAAABMAQQBkAG8AYgBlACAAUABoAG8AdABvAHMAaABvAHAAIABDAFMAMwAAAAEAOEJJTQQGAAAAAAAHAAUAAAABAQD/4Q/OaHR0cDovL25zLmFkb2JlLmNvbS94YXAvMS4wLwA8P3hwYWNrZXQgYmVnaW49Iu+7vyIgaWQ9Ilc1TTBNcENlaGlIenJlU3pOVGN6a2M5ZCI/PiA8eDp4bXBtZXRhIHhtbG5zOng9ImFkb2JlOm5zOm1ldGEvIiB4OnhtcHRrPSJBZG9iZSBYTVAgQ29yZSA0LjEtYzAzNiA0Ni4yNzY3MjAsIE1vbiBGZWIgMTkgMjAwNyAyMjo0MDowOCAgICAgICAgIj4gPHJkZjpSREYgeG1sbnM6cmRmPSJodHRwOi8vd3d3LnczLm9yZy8xOTk5LzAyLzIyLXJkZi1zeW50YXgtbnMjIj4gPHJkZjpEZXNjcmlwdGlvbiByZGY6YWJvdXQ9IiIgeG1sbnM6ZGM9Imh0dHA6Ly9wdXJsLm9yZy9kYy9lbGVtZW50cy8xLjEvIiB4bWxuczp4YXA9Imh0dHA6Ly9ucy5hZG9iZS5jb20veGFwLzEuMC8iIHhtbG5zOnhhcE1NPSJodHRwOi8vbnMuYWRvYmUuY29tL3hhcC8xLjAvbW0vIiB4bWxuczpzdFJlZj0iaHR0cDovL25zLmFkb2JlLmNvbS94YXAvMS4wL3NUeXBlL1Jlc291cmNlUmVmIyIgeG1sbnM6cGhvdG9zaG9wPSJodHRwOi8vbnMuYWRvYmUuY29tL3Bob3Rvc2hvcC8xLjAvIiB4bWxuczp0aWZmPSJodHRwOi8vbnMuYWRvYmUuY29tL3RpZmYvMS4wLyIgeG1sbnM6ZXhpZj0iaHR0cDovL25zLmFkb2JlLmNvbS9leGlmLzEuMC8iIGRjOmZvcm1hdD0iaW1hZ2UvanBlZyIgeGFwOkNyZWF0b3JUb29sPSJBZG9iZSBQaG90b3Nob3AgQ1MzIFdpbmRvd3MiIHhhcDpDcmVhdGVEYXRlPSIyMDE1LTA0LTA4VDE3OjM0OjUyKzA1OjMwIiB4YXA6TW9kaWZ5RGF0ZT0iMjAxNS0wNC0wOFQxNzozNDo1MiswNTozMCIgeGFwOk1ldGFkYXRhRGF0ZT0iMjAxNS0wNC0wOFQxNzozNDo1MiswNTozMCIgeGFwTU06RG9jdW1lbnRJRD0idXVpZDo1QjM0QjVDOUU2RERFNDExODZGRURGODExMzQxQ0U3NCIgeGFwTU06SW5zdGFuY2VJRD0idXVpZDo1QzM0QjVDOUU2RERFNDExODZGRURGODExMzQxQ0U3NCIgcGhvdG9zaG9wOkNvbG9yTW9kZT0iMyIgcGhvdG9zaG9wOklDQ1Byb2ZpbGU9InNSR0IgSUVDNjE5NjYtMi4xIiBwaG90b3Nob3A6SGlzdG9yeT0iIiB0aWZmOk9yaWVudGF0aW9uPSIxIiB0aWZmOlhSZXNvbHV0aW9uPSI3MjAwMDAvMTAwMDAiIHRpZmY6WVJlc29sdXRpb249IjcyMDAwMC8xMDAwMCIgdGlmZjpSZXNvbHV0aW9uVW5pdD0iMiIgdGlmZjpOYXRpdmVEaWdlc3Q9IjI1NiwyNTcsMjU4LDI1OSwyNjIsMjc0LDI3NywyODQsNTMwLDUzMSwyODIsMjgzLDI5NiwzMDEsMzE4LDMxOSw1MjksNTMyLDMwNiwyNzAsMjcxLDI3MiwzMDUsMzE1LDMzNDMyOzk1NUE4NDcyODc1OTEyRTQ3MDc4QTJDMzNEN0YzM0E3IiBleGlmOlBpeGVsWERpbWVuc2lvbj0iMzcwIiBleGlmOlBpeGVsWURpbWVuc2lvbj0iMjYwIiBleGlmOkNvbG9yU3BhY2U9IjEiIGV4aWY6TmF0aXZlRGlnZXN0PSIzNjg2NCw0MDk2MCw0MDk2MSwzNzEyMSwzNzEyMiw0MDk2Miw0MDk2MywzNzUxMCw0MDk2NCwzNjg2NywzNjg2OCwzMzQzNCwzMzQzNywzNDg1MCwzNDg1MiwzNDg1NSwzNDg1NiwzNzM3NywzNzM3OCwzNzM3OSwzNzM4MCwzNzM4MSwzNzM4MiwzNzM4MywzNzM4NCwzNzM4NSwzNzM4NiwzNzM5Niw0MTQ4Myw0MTQ4NCw0MTQ4Niw0MTQ4Nyw0MTQ4OCw0MTQ5Miw0MTQ5Myw0MTQ5NSw0MTcyOCw0MTcyOSw0MTczMCw0MTk4NSw0MTk4Niw0MTk4Nyw0MTk4OCw0MTk4OSw0MTk5MCw0MTk5MSw0MTk5Miw0MTk5Myw0MTk5NCw0MTk5NSw0MTk5Niw0MjAxNiwwLDIsNCw1LDYsNyw4LDksMTAsMTEsMTIsMTMsMTQsMTUsMTYsMTcsMTgsMjAsMjIsMjMsMjQsMjUsMjYsMjcsMjgsMzA7QjM5NzA3OTUzODk0NERDRjhFNUE0OTIxQjFCMTQyMzciPiA8eGFwTU06RGVyaXZlZEZyb20gc3RSZWY6aW5zdGFuY2VJRD0idXVpZDo1QTM0QjVDOUU2RERFNDExODZGRURGODExMzQxQ0U3NCIgc3RSZWY6ZG9jdW1lbnRJRD0idXVpZDo1QTM0QjVDOUU2RERFNDExODZGRURGODExMzQxQ0U3NCIvPiA8L3JkZjpEZXNjcmlwdGlvbj4gPC9yZGY6UkRGPiA8L3g6eG1wbWV0YT4gICAgICAgICAgICAgICAgICAgICAgICAgICAgICAgICAgICAgICAgICAgICAgICAgICAgICAgICAgICAgICAgICAgICAgICAgICAgICAgICAgICAgICAgICAgICAgICAgICAgICAgICAgICAgICAgICAgICAgICAgICAgICAgICAgICAgICAgICAgICAgICAgICAgICAgICAgICAgICAgICAgICAgICAgICAgICAgICAgICAgICAgICAgICAgICAgICAgICAgICAgICAgICAgICAgICAgICAgICAgICAgICAgICAgICAgICAgICAgICAgICAgICAgICAgICAgICAgICAgICAgICAgICAgICAgICAgICAgICAgICAgICAgICAgICAgICAgICAgICAgICAgICAgICAgICAgICAgICAgICAgICAgICAgICAgICAgICAgICAgICAgICAgICAgICAgICAgICAgICAgICAgICAgICAgICAgICAgICAgICAgICAgICAgICAgICAgICAgICAgICAgICAgICAgICAgICAgICAgICAgICAgICAgICAgICAgICAgICAgICAgICAgICAgICAgICAgICAgICAgICAgICAgICAgICAgICAgICAgICAgICAgICAgICAgICAgICAgICAgICAgICAgICAgICAgICAgICAgICAgICAgICAgICAgICAgICAgICAgICAgICAgICAgICAgICAgICAgICAgICAgICAgICAgICAgICAgICAgICAgICAgICAgICAgICAgICAgICAgICAgICAgICAgICAgICAgICAgICAgICAgICAgICAgICAgICAgICAgICAgICAgICAgICAgICAgICAgICAgICAgICAgICAgICAgICAgICAgICAgICAgICAgICAgICAgICAgICAgICAgICAgICAgICAgICAgICAgICAgICAgICAgICAgICAgICAgICAgICAgICAgICAgICAgICAgICAgICAgICAgICAgICAgICAgICAgICAgICAgICAgICAgICAgICAgICAgICAgICAgICAgICAgICAgICAgICAgICAgICAgICAgICAgICAgICAgICAgICAgICAgICAgICAgICAgICAgICAgICAgICAgICAgICAgICAgICAgICAgICAgICAgICAgICAgICAgICAgICAgICAgICAgICAgICAgICAgICAgICAgICAgICAgICAgICAgICAgICAgICAgICAgICAgICAgICAgICAgICAgICAgICAgICAgICAgICAgICAgICAgICAgICAgICAgICAgICAgICAgICAgICAgICAgICAgICAgICAgICAgICAgICAgICAgICAgICAgICAgICAgICAgICAgICAgICAgICAgICAgICAgICAgICAgICAgICAgICAgICAgICAgICAgICAgICAgICAgICAgICAgICAgICAgICAgICAgICAgICAgICAgICAgICAgICAgICAgICAgICAgICAgICAgICAgICAgICAgICAgICAgICAgICAgICAgICAgICAgICAgICAgICAgICAgICAgICAgICAgICAgICAgICAgICAgICAgICAgICAgICAgICAgICAgICAgICAgICAgICAgICAgICAgICAgICAgICAgICAgICAgICAgICAgICAgICAgICAgICAgICAgICAgICAgICAgICAgICAgICAgICAgICAgICAgICAgICAgICAgICAgICAgICAgICAgICAgICAgICAgICAgICAgICAgICAgICAgICAgICAgICAgICAgICAgICAgICAgICAgICAgICAgICAgICAgICAgICAgICAgICAgICAgICAgICAgICAgICAgICAgICAgICAgICAgICAgICAgICAgICAgICAgICAgICAgICAgICAgICAgICAgICAgICAgICAgICAgICAgICAgICAgICAgICAgICAgICAgICAgICAgICAgICAgICAgICAgICAgICAgICAgICAgICAgICAgICAgICAgICAgICAgICAgICAgICAgICAgICAgICAgICAgICAgICAgICAgICAgICAgICAgICAgICAgICAgICAgICAgICAgICAgICAgICAgICAgICAgICAgICAgICAgICAgICAgICAgICAgICAgICAgICAgICAgICAgICAgICAgICAgICAgICAgICAgICAgICAgICAgICAgICAgICAgICAgICAgICAgICAgICAgICAgICAgICAgICAgICAgICAgICAgICAgICAgICAgICAgICAgICAgICAgICAgICAgICAgICAgICAgICAgICAgICAgICAgICAgICAgICAgICAgICAgICAgICAgICAgICAgICAgICAgICAgICAgICAgICAgICAgICAgICAgICAgICAgICAgICAgICAgICAgICAgICAgICAgICAgICAgICAgICAgICAgICAgICAgICAgICAgICAgICAgICAgICAgICAgICAgICAgICAgICAgICAgICAgICAgICAgICAgICAgICAgICAgICAgICAgICAgICAgICAgICAgICAgICAgICAgICAgICAgICAgICAgICAgICAgICAgICAgICAgICAgICAgICAgICAgICAgICAgICAgICAgICAgICAgICAgICAgICAgICAgICAgICAgICAgICAgICAgICAgICAgICAgICA8P3hwYWNrZXQgZW5kPSJ3Ij8+/+IMWElDQ19QUk9GSUxFAAEBAAAMSExpbm8CEAAAbW50clJHQiBYWVogB84AAgAJAAYAMQAAYWNzcE1TRlQAAAAASUVDIHNSR0IAAAAAAAAAAAAAAAEAAPbWAAEAAAAA0y1IUCAgAAAAAAAAAAAAAAAAAAAAAAAAAAAAAAAAAAAAAAAAAAAAAAAAAAAAAAAAAAAAAAARY3BydAAAAVAAAAAzZGVzYwAAAYQAAABsd3RwdAAAAfAAAAAUYmtwdAAAAgQAAAAUclhZWgAAAhgAAAAUZ1hZWgAAAiwAAAAUYlhZWgAAAkAAAAAUZG1uZAAAAlQAAABwZG1kZAAAAsQAAACIdnVlZAAAA0wAAACGdmlldwAAA9QAAAAkbHVtaQAAA/gAAAAUbWVhcwAABAwAAAAkdGVjaAAABDAAAAAMclRSQwAABDwAAAgMZ1RSQwAABDwAAAgMYlRSQwAABDwAAAgMdGV4dAAAAABDb3B5cmlnaHQgKGMpIDE5OTggSGV3bGV0dC1QYWNrYXJkIENvbXBhbnkAAGRlc2MAAAAAAAAAEnNSR0IgSUVDNjE5NjYtMi4xAAAAAAAAAAAAAAASc1JHQiBJRUM2MTk2Ni0yLjEAAAAAAAAAAAAAAAAAAAAAAAAAAAAAAAAAAAAAAAAAAAAAAAAAAAAAAAAAAAAAAAAAAFhZWiAAAAAAAADzUQABAAAAARbMWFlaIAAAAAAAAAAAAAAAAAAAAABYWVogAAAAAAAAb6IAADj1AAADkFhZWiAAAAAAAABimQAAt4UAABjaWFlaIAAAAAAAACSgAAAPhAAAts9kZXNjAAAAAAAAABZJRUMgaHR0cDovL3d3dy5pZWMuY2gAAAAAAAAAAAAAABZJRUMgaHR0cDovL3d3dy5pZWMuY2gAAAAAAAAAAAAAAAAAAAAAAAAAAAAAAAAAAAAAAAAAAAAAAAAAAAAAAAAAAAAAZGVzYwAAAAAAAAAuSUVDIDYxOTY2LTIuMSBEZWZhdWx0IFJHQiBjb2xvdXIgc3BhY2UgLSBzUkdCAAAAAAAAAAAAAAAuSUVDIDYxOTY2LTIuMSBEZWZhdWx0IFJHQiBjb2xvdXIgc3BhY2UgLSBzUkdCAAAAAAAAAAAAAAAAAAAAAAAAAAAAAGRlc2MAAAAAAAAALFJlZmVyZW5jZSBWaWV3aW5nIENvbmRpdGlvbiBpbiBJRUM2MTk2Ni0yLjEAAAAAAAAAAAAAACxSZWZlcmVuY2UgVmlld2luZyBDb25kaXRpb24gaW4gSUVDNjE5NjYtMi4xAAAAAAAAAAAAAAAAAAAAAAAAAAAAAAAAAAB2aWV3AAAAAAATpP4AFF8uABDPFAAD7cwABBMLAANcngAAAAFYWVogAAAAAABMCVYAUAAAAFcf521lYXMAAAAAAAAAAQAAAAAAAAAAAAAAAAAAAAAAAAKPAAAAAnNpZyAAAAAAQ1JUIGN1cnYAAAAAAAAEAAAAAAUACgAPABQAGQAeACMAKAAtADIANwA7AEAARQBKAE8AVABZAF4AYwBoAG0AcgB3AHwAgQCGAIsAkACVAJoAnwCkAKkArgCyALcAvADBAMYAywDQANUA2wDgAOUA6wDwAPYA+wEBAQcBDQETARkBHwElASsBMgE4AT4BRQFMAVIBWQFgAWcBbgF1AXwBgwGLAZIBmgGhAakBsQG5AcEByQHRAdkB4QHpAfIB+gIDAgwCFAIdAiYCLwI4AkECSwJUAl0CZwJxAnoChAKOApgCogKsArYCwQLLAtUC4ALrAvUDAAMLAxYDIQMtAzgDQwNPA1oDZgNyA34DigOWA6IDrgO6A8cD0wPgA+wD+QQGBBMEIAQtBDsESARVBGMEcQR+BIwEmgSoBLYExATTBOEE8AT+BQ0FHAUrBToFSQVYBWcFdwWGBZYFpgW1BcUF1QXlBfYGBgYWBicGNwZIBlkGagZ7BowGnQavBsAG0QbjBvUHBwcZBysHPQdPB2EHdAeGB5kHrAe/B9IH5Qf4CAsIHwgyCEYIWghuCIIIlgiqCL4I0gjnCPsJEAklCToJTwlkCXkJjwmkCboJzwnlCfsKEQonCj0KVApqCoEKmAquCsUK3ArzCwsLIgs5C1ELaQuAC5gLsAvIC+EL+QwSDCoMQwxcDHUMjgynDMAM2QzzDQ0NJg1ADVoNdA2ODakNww3eDfgOEw4uDkkOZA5/DpsOtg7SDu4PCQ8lD0EPXg96D5YPsw/PD+wQCRAmEEMQYRB+EJsQuRDXEPURExExEU8RbRGMEaoRyRHoEgcSJhJFEmQShBKjEsMS4xMDEyMTQxNjE4MTpBPFE+UUBhQnFEkUahSLFK0UzhTwFRIVNBVWFXgVmxW9FeAWAxYmFkkWbBaPFrIW1hb6Fx0XQRdlF4kXrhfSF/cYGxhAGGUYihivGNUY+hkgGUUZaxmRGbcZ3RoEGioaURp3Gp4axRrsGxQbOxtjG4obshvaHAIcKhxSHHscoxzMHPUdHh1HHXAdmR3DHeweFh5AHmoelB6+HukfEx8+H2kflB+/H+ogFSBBIGwgmCDEIPAhHCFIIXUhoSHOIfsiJyJVIoIiryLdIwojOCNmI5QjwiPwJB8kTSR8JKsk2iUJJTglaCWXJccl9yYnJlcmhya3JugnGCdJJ3onqyfcKA0oPyhxKKIo1CkGKTgpaymdKdAqAio1KmgqmyrPKwIrNitpK50r0SwFLDksbiyiLNctDC1BLXYtqy3hLhYuTC6CLrcu7i8kL1ovkS/HL/4wNTBsMKQw2zESMUoxgjG6MfIyKjJjMpsy1DMNM0YzfzO4M/E0KzRlNJ402DUTNU01hzXCNf02NzZyNq426TckN2A3nDfXOBQ4UDiMOMg5BTlCOX85vDn5OjY6dDqyOu87LTtrO6o76DwnPGU8pDzjPSI9YT2hPeA+ID5gPqA+4D8hP2E/oj/iQCNAZECmQOdBKUFqQaxB7kIwQnJCtUL3QzpDfUPARANER0SKRM5FEkVVRZpF3kYiRmdGq0bwRzVHe0fASAVIS0iRSNdJHUljSalJ8Eo3Sn1KxEsMS1NLmkviTCpMcky6TQJNSk2TTdxOJU5uTrdPAE9JT5NP3VAnUHFQu1EGUVBRm1HmUjFSfFLHUxNTX1OqU/ZUQlSPVNtVKFV1VcJWD1ZcVqlW91dEV5JX4FgvWH1Yy1kaWWlZuFoHWlZaplr1W0VblVvlXDVchlzWXSddeF3JXhpebF69Xw9fYV+zYAVgV2CqYPxhT2GiYfViSWKcYvBjQ2OXY+tkQGSUZOllPWWSZedmPWaSZuhnPWeTZ+loP2iWaOxpQ2maafFqSGqfavdrT2una/9sV2yvbQhtYG25bhJua27Ebx5veG/RcCtwhnDgcTpxlXHwcktypnMBc11zuHQUdHB0zHUodYV14XY+dpt2+HdWd7N4EXhueMx5KnmJeed6RnqlewR7Y3vCfCF8gXzhfUF9oX4BfmJ+wn8jf4R/5YBHgKiBCoFrgc2CMIKSgvSDV4O6hB2EgITjhUeFq4YOhnKG14c7h5+IBIhpiM6JM4mZif6KZIrKizCLlov8jGOMyo0xjZiN/45mjs6PNo+ekAaQbpDWkT+RqJIRknqS45NNk7aUIJSKlPSVX5XJljSWn5cKl3WX4JhMmLiZJJmQmfyaaJrVm0Kbr5wcnImc951kndKeQJ6unx2fi5/6oGmg2KFHobaiJqKWowajdqPmpFakx6U4pammGqaLpv2nbqfgqFKoxKk3qamqHKqPqwKrdavprFys0K1ErbiuLa6hrxavi7AAsHWw6rFgsdayS7LCszizrrQltJy1E7WKtgG2ebbwt2i34LhZuNG5SrnCuju6tbsuu6e8IbybvRW9j74KvoS+/796v/XAcMDswWfB48JfwtvDWMPUxFHEzsVLxcjGRsbDx0HHv8g9yLzJOsm5yjjKt8s2y7bMNcy1zTXNtc42zrbPN8+40DnQutE80b7SP9LB00TTxtRJ1MvVTtXR1lXW2Ndc1+DYZNjo2WzZ8dp22vvbgNwF3IrdEN2W3hzeot8p36/gNuC94UThzOJT4tvjY+Pr5HPk/OWE5g3mlucf56noMui86Ubp0Opb6uXrcOv77IbtEe2c7ijutO9A78zwWPDl8XLx//KM8xnzp/Q09ML1UPXe9m32+/eK+Bn4qPk4+cf6V/rn+3f8B/yY/Sn9uv5L/tz/bf///+4ADkFkb2JlAGRAAAAAAf/bAIQABAMDAwMDBAMDBAYEAwQGBwUEBAUHCAYGBwYGCAoICQkJCQgKCgwMDAwMCgwMDAwMDAwMDAwMDAwMDAwMDAwMDAEEBQUIBwgPCgoPFA4ODhQUDg4ODhQRDAwMDAwREQwMDAwMDBEMDAwMDAwMDAwMDAwMDAwMDAwMDAwMDAwMDAwM/8AAEQgBBAFyAwERAAIRAQMRAf/dAAQAL//EAaIAAAAHAQEBAQEAAAAAAAAAAAQFAwIGAQAHCAkKCwEAAgIDAQEBAQEAAAAAAAAAAQACAwQFBgcICQoLEAACAQMDAgQCBgcDBAIGAnMBAgMRBAAFIRIxQVEGE2EicYEUMpGhBxWxQiPBUtHhMxZi8CRygvElQzRTkqKyY3PCNUQnk6OzNhdUZHTD0uIIJoMJChgZhJRFRqS0VtNVKBry4/PE1OT0ZXWFlaW1xdXl9WZ2hpamtsbW5vY3R1dnd4eXp7fH1+f3OEhYaHiImKi4yNjo+Ck5SVlpeYmZqbnJ2en5KjpKWmp6ipqqusra6voRAAICAQIDBQUEBQYECAMDbQEAAhEDBCESMUEFURNhIgZxgZEyobHwFMHR4SNCFVJicvEzJDRDghaSUyWiY7LCB3PSNeJEgxdUkwgJChgZJjZFGidkdFU38qOzwygp0+PzhJSktMTU5PRldYWVpbXF1eX1RlZmdoaWprbG1ub2R1dnd4eXp7fH1+f3OEhYaHiImKi4yNjo+DlJWWl5iZmpucnZ6fkqOkpaanqKmqq6ytrq+v/aAAwDAQACEQMRAD8A7wMg3Ki4UKi4qrLhQqLiqooriqooxVeMUKgGKrgtcVXLGoNQN+9MUqnHFXHiBU4FUy47bDFaaLqMLFRmvLeEcpHC/rwoY9cedojJLFYWnreixjM0z8ULClaKoJ2r45G2YCBl8y61cVCzLbr4QIFb/gjU4LLKghg0s7iSdnlckVaRi3f3JxV66D6io4/aVT94GXNS5cilcMKrwMKF4GKtjCq4UxVv5YUNjCq4YqvGKt4ULhhVdirYwqvGFVwxVdiq7FW6Yq0RilqmKt0wK4Yq3TArdMVbpgVumKv/0O8DINqoMVVVwoVFOFCquFVVcVVVGBVQDFVQDFVwpirfLFVjTU2G5xUBRaTuTgZqElyqd9/DFBQE9+5BCmg/HCwY7q1+yRsa/FTrkZFQEk0NTLbSOepmkJP3ZCPJtTX06ZJURCN0+Y/Xir1izb1LO3cd41/VT+GZBaFemBK4DFV4xVcDirq+GFWxhVf2xQ7FK4YoXjCq4Yq2MKF2FWxhVeMVXjFWxiq7FV2KupirqYpapirdMCt0xV2BW8VbwK//0e7K2VtxVI2Dy+hGC8wXmyIKlV/mbwHzyQ3QUUIZQvPjVe5BBp9xOGkW5cUKy4VVVIxVVVhiqoGxQurirTSBev3d8VUWmr1NB4ZFlSi81OmKUPJOx74qhJHPWuKEDcSEA4opjWqMXDCuQKV/l4LHp71oD60n8MQyR8jr44UqkDAmPfqy/rxCXqukSrJp0BB+wGQ/NWIzILjo8EYFbFBhS3XwxpWxiq4YquGKrhhQ3iq4YVXDFVwxQ3hCrhiq4YVXjFVwxVvFV2FW8CrhilumKupirqYFdirdMCXYq76MVf/S7ZFcIwBU1HjlTejrC4FobgcCyXMkczshCuJIQAp+IEMtBurCmT6EHqx6gphdam97crdzbzLH6SqkcdvHQ9WZY68m8CcMRSJG0MHGFivEhxVeslcKqqscUKwegqTsO+FVrXQ6J9/9MCaUTIa1r175FKwuT0xStO+BVNhiqHkU4EpddISDkbTSR3Voznc0rih2nKtvFJCTUiVjvt1AxZBWlkUdKffilF29GaMH+ZP1jFS9J0GQfo1CTt6s3/Jw5lFxwm6NXpgVfiq4YpXDFVwxVcMVXYq3hQuGKrhhVcMVbGKrhiq4YoXjClcMULhilvFW8VbBxVcDiq7FXUwK1TClsDArdMVdTFL/AP/TnkdzcWnxQPRevA7qc00M8o+YdxPFGXvTiw8xRSTwWlwjRzTt6cbAFk50qASOle1cz8eeMturhTxSG/Rka1zLpxrVFrhQqqMVVVFMKuaZU26t4DAqk0ruak/QOmBk2pJxVUArgVeFxVxXwwJQwgW51CG3uro2Vi1fUuFjMxWi1FEBFanYn9nK5y4RbOItShLNGeVTRmCsRxLKCQDQ9KjfEGxaSKKjLEz9BihQGn8jVunhixKRXiLFqV1GNgHpT/YrizjyQspXbfeuRSmVtx5Lueq7/TklL0HQCRpye0s3/Jw5lFxk+ibAqJXCq7AreKrhiq4YquGKrhhVsYpXjFDYxVeMKrhiq4YqvGKtjChcMUt4q3irfvirYxVcDgVdil1MVbxVumKXUxV//9SeFGAzng74t2kY/SFgfC5j/jl+H64+9py/Qfcz0Lvm9dOqquFKpRVHJjQeOKqTzE7J8I8e+KrVGRpK8Liq8LiqquBVQYq3TAq1o+QoQCPA4CyWmH2yKQ16IHbAlayBfiOyjqTsMQgsJ1SRH1e8Kmq8wAfH4VyB5s48kFKVDCu+4yLJO7dRzX/WH68mEM80H/eD/ntN/wATOZRcVPIsUopcVVBireKuGKrhiq7FVwwquGKrhiq4YqvGKrhhVcMVXjFWxiq4Yq3ireKt4q4YpXDFVwxVcMVbxSupgV1MUP8A/9XoPsPuznnfqlktdQsh/wAXof15fg/vI+9oy/QfczlR92bx1DRmVdk+Jvww2q34nNWNTiq8IcKrxHiq4CmKrwMiq4YqqLgSvFMVXinXIlIcQMgWSEmuo0qEHNvHtkbZ0l87PMauSfAdh9GC0UwrVZfT1e7T/KH4qMiWceSBknBdQD+0BT6ciSyAZTb/AG1Hgy5YGJZ9oe1j/wA9pv8AiZzMI3cVOo8ColMVVRilvFXYquGFVwxVdXFWxihcMVXDFV4OKrhhVeMVX4quxVsYq3ireKt4pbGKtjxxVcMVXjAq4DFLeBW6Yof/1ugE7V7H6c5136nLLJEgljYpKjBo3XqpHcZZCVEEMJAEEJtpHmaa6k+pagVD7BJ1HEOT2bwObbFn49jzddlw8O43DIV2OZIcdFxb5JiUSqVHTJKvKbVWle1TQb+PtihcltOY0klUIJWdI0JX1CY61JQElRtUcuuViYMuG92RiQLrZr0yMkxdwOKrqYFdkUqUl0ibL8bfh9+QLMIWS4kk+2dvAdMiWYS641vRrWZra71CCC5SheGSQK6gioqPcZWZAc2YiTyCiPMnlrvq9r/yM/swcQ714T3MG13UbSfW7ua0uI5rZ2X05UYFWAQA0+nIykLbIxNISGVpp4xERIwYNRSCaA1ORsMgGbW9xCHrzHUH6MtiQ1kMz0vXdFtrThPeoj+pI3EhujNUdB3zKOSPe4vAe5lMVGUMpqrAEH2O4yTFErilVGFWxirsKrsVbGKFwxVsYquGKrxiq4YqvGKrxiq4YVXjAq4YVdiq7FXAYpXDFWxgVeBilcBgVdireKt4q//Xn1VruKfLbOcegUrj/edqGpr9PfJhilVaSSVFD8O/0ZZbGmYeXNb+s8bC8b9+NoZD+2PA++bTBm49jzdbmxcG45MqjBU1zLDjI+FQckhEKnthQvAalAxpSlK7U8MVa9OvXAlr0x2wKoyske1at4DIqgpXlf2X+UZAsgoFDkCyaEZyKQ8z83eVfMV75puL+xtYpbW4jj9BnnWNpCkYVkVSD8Qp0rvmPkwmZ2cjHlEBux2Dy7q7O0UiQxulOSmQsaHoQAm9en+sOP2tsj4MmfjRTaHyjfNQ/WrZR4kSkU23qF6UPKv8nxfzUIwyXxYphZ+XL3T7hJXlSUkFRGkcgIJqtPiA3DDgf8viP2lyQwHvYnMGU2WjSyp6v1lFUry/uZmoAFatQP5W5fJX/ly4YT5NMsw812q6c+kwrNPMZwWKelBbyu3IMymoqO60+7J+Ee9h4weqac6zWFrMleLwxkV604jqMvaQjFGLJUGFC4YpbphVvFC7FWxirY64quGKrhiq4YqvGKrxiq8YquHTFVwwq3iq7FLYwKuHTFVwGKrxgSuAxVsDFVwGKW8Vf//Qn5UV7j8c52nf2o3IKwdRuafgckEFL1oXk/2P6stYrgtCGUkMDUEdQR0IwjY2pos78ua4NRQWl2QL9Bse0qjuPcdxm2w5RMebq82LgPkyi32NO2ZLjlHqlRkwGFr+FMaW1OR44/tHf+UdcgUoSWZ32Hwr4Dr9+RJZIZhkErOJyJV3HAytwXIpc8Ec8bRTIHib7Sn26EEdCOxGKUj1TQqk3IJ9UD4LroxPZZe2/Qt0f9ujUbJc0clGFIY5xD9akEyqGlBQKUYmtKFiTQk/F/N/rtyAvqyJCJmtrdkiJumc9JEEZUKKAUBLGu1R8gn++1qxMr3Gymuib2VvY+lCJLuXkQTKfRHEMDUCnPetX5dPtuPDLY3fk1yrpzV0tNOtZhdwTt9dkIjBeEJ6nwBEDtyJB2UniP2T13x3vlsjavNk+ksWtAr7OhIIBqBXfChMAMKVwGFC4Ypbwodiq7FWxirYxVcMVXDFVwxVeMVXDFV4xVeDiq4dMUrhiq4YquAxSuGKFwGBK4YpXDFW8VXAYFboMVf/0egROtwtbeRJ0/miYSD71Jzn3fIe+JECginx0P3HFUuQnnJ0P2f1ZYxKpX6DkkKiSPG6SRuUljIZHHVWHQjJRkQbDEixRekeW9dj1eH05aJqEI/fRjow/nX2Pcds3GLKJjzdVkxmBpk6SxonxtQ9h1P3ZkgtFLHneQUQcF8e/wDZkSU0oGOnz75FK0ocgUrCmRVYVpgVbwwJbCYEqyxjGk2iEjFKEAg7EHcEHDSbQ7+XtMnfnIJVI6COTgB4AbVoPnhpFolPL+l0A4SmnjKxxpFo2HR9NjXisNR/lMT/AByQQiP0Tpzij26kfM1+fX3wqjILeKAMIgQGILVJO4274oRAGFK6mKHYVbwq4Yq3ireKtjFVwxVeMVXDFVwxVeMVXjFVwxVeMUrxiq4YquGKrhgVcBilcMVXUxSuAxVcBgVumBX/0rkfRz/pMulXdlCK/wCktZywKeoJDW/KvTMMwiejmCZHVOLBSWt5Yb+5uLOWMtBC8xlt2RlqrgOC1aH4TyzHy4xEbORiyEndMFBDSVH8v6sxw3qgoe1MKF3FTvSnvhRa+O4ubGVLy1kMc8J5I69fcfIjJwmYGwwlASFF6npVzFcQrPQ1lCtU7n4hXrm8iQ6kgp3GiEVB3yTDdeYQw2yK2ptAR2wLag0RGRITamY8iyWFMFK2FONKqquNJV0GFUQgxVEIMKohFOFCuoxVVAwquGBV2FXYVarhVuuKtVxVuuKtg4quBxVeDiq4HFV4OKrwcVXjFV4xVeMVXjFK8YFXDFVwxVeMUrgMUtjAq4YoXgYEt0xWn//T5j52imX84dHeL143rpQ9WK5kiQoX+INGpCkb0I75GNeHy3bJfWHtXlm706AaJdawjyaLFDHJfxwhmlMASrcAnxE/LfMWcRIgHqW8SMQSOdF6PHdfkFfIj2/ma60x5xyVbgyDjTbiwliND7E5Z+R7i4Ue0JkkEcvxsi4/JvkTUU56J5+sZQ32BcGH8Ssin8MidDLoW4dob7hS/wCVZ6i3M2eraVdKvRvrHo8vlXlkZaOce4tkddA9CEJN+X/mSJSTbQzDoTBd28n4F1OVHTZO5tGqx97NPK+hXNtpdut8YYZkXi0bzwhhTpUc82cAeEW4M5izSf8A1JQNmVx/NGyuv3qSMmw4lNoAuNJtRdCOhOBUO5b54FUGJ8BkWSyvtgS2CMVVFpiqIjUHphVEomGlS7WvN/k7ypLBb+aNfsdGnukMttFey+m8katxLKKHYHbCAi0Cn5tflOennfR/+kg/804aTaqPzb/Kcf8ATb6P9E5P/GuBW/8Alb35Sru3nfSAPEzt/wA0YoXD83vymIqPO2kEf8Z2/wCaMCW/+VuflR/1O2kf9JB/5pwhFqbfnB+Uo6+d9I/5Ht/zRhW2SaPrejeYtOj1jy/qEGqaTMzxxXtq3OFniPF1BoN1OxwptG1xVxbFXcsCthsKrg2Krg2Krw2Krg2KqqtiqoDiqopwKvGFVRcUrxgVcMVXjFV4xS3gVcMVXjAlcMUN4q//1OZeeF4/nRpDeoAB+iDxqQaVPau9cgPoLOX1h7x+VbV1zyQSOYZ7cFKVqCpHTMHUGo8r3Df0PufVT+U9LvJHGpWttf2ygraiSKJjFX7QICKCa9+2Y3hSJuz3ek/o/nOIYglg3nH8sra5d7u00jQ5rFAqyJdQrZSinVvWReJrt1XCJ5Yg1M7beo/bycXNikd4kMT8jflv5OXV9Zsb/Q7dz6VteRCFi4SR0McoVVI5KZI2+LM7PnyCMSCaI6KY715PQ4fy08iTWH1mHQLRZ+BkoBJMhAHVasK/LvmVgyynDfm1EE7j8BC+W/JfkfUnFvceV7eqxmT6y8RQOCxC/DyNOnQ5QMsxKjK2zEQTVMmm8t6NoNultoVnHZWkjM8kMIohkoPi+dBmbA23kAcktmh9snTG0FLHkWYKEkjpkU2hXTIMlIriloLgVVRcVRUSHbCqNiQimEK+d/8AnJm3YeZfLtzx5V0e4Ar3Md2TT8clSERp35BaJeJpoh8xXcs1/DFcSFLa3WKASqpPJncE8SSPozXfmTxcIA57+TQczILb/nGnS5bT60nmC9k9PmLhEtrdWjaM04srNXfqG/4KmP5iZFiIJHON7hRlNXSJ03/nHLTAZXOvyu7J6cUc1lbTKUcDlKFdtippwfK/zcx/CGXibWi7r/nHny1c8baHUTZyhvjuLWzjiZz0pR5mShPgMTrd6oNfjG+Sk3/OLuiMxQeZ72tK1+qQMPwb78H5w8iBbcJ2aYX+bf5EaV+XPlWPzDZ63c6jcvdw2f1eaKGOPjMGJYFPi247ZlYs/EaPNmXo/wDzjzH6f5S6af59Q1R/vuSP4ZmBXphOFKwtgVrniq4Pjarg+Krg+Krw+Kr1fFVRXxVVVsVVQ2KqitiqqGxVeDilUBxVeMVXA4pXDAq8YquGBVwxVvFX/9XnnnnUNPtvzE0fUU0K91iQLZO2oWV5EtkGinZQrD03NUpV/jH+xG+VRJ4abJDe3sn5WGaXU/JAtZxHNJJAILlVEqgnkA4WtGHtXKMhqveG7ofc+sfLuvX2oXmp6Fq6Rwa3o8ipP9X5ejcQ3CGSG4jBJKq61DITVJEZeR2OY+T6hR2N15y6/rcVD+brO61TSLixjZoQZ4Who0Ub3BB5IoLkcQGFani1V/lzFJ50Nr/i5teSJIIYLpWlrbeYLOx1URIbq0u7eX06hVkhlS6WlGJVv3jfCT+FM2QJyYOIbcJaJR2AL1G2i9REKSyQpEATG9CATtVSDWnhmRpMkeEiO7XPHYBuqQGniY6vd2qq4a0Bae6kUxKzS0KFK7N8P2qGi/7LMbLjnK+DYdCmBqVHomVwzS84GK8Y6Mm/xHlUGg8B3yWgySMpCXRyZpZPbDuM3FNVpdNAMgQyBS+WKlcrIbAUHJHkaZBDstMFJaC4FVUXFKMiTDSo6KPJIeF/85LWfqXXliUDc2WoRD6JYn/jhUHd7H5Dt9PTTtMluityLrS7TjFJFVE/dqSC9DxqRtmowCsswepLiigSOdpnf2t3p93calBPPcGbk60CgxSN0BU7HsAe5ynU4ZwyccOZ/Hy72rJA3YJQmhrcxR3Mc0bLcXEn93KtG8aKfDtttmHhiRZPNgNtk3L29gQJjwlcEr/OSoqacvhoKhfpyfpjESPTp1LYAKJRVle0McUaCeYkFypBWPapI4bmlRX9eRxzjLcD9jZjJ6PM/wDnJpXH5cWETsJC+qwcnqCfhjlI6ZttLDcSsHzcjcBR/IaER/lLoVR/eyX03/B3cn9M2KQ9BZB8sUqTR+BwKsMbeIOKVvFx2+7fAruTDqCMVXB8ULg+Kr1kxtKqsmKqqyYVVVfFVdGwKrK2KqgOFKqpxVeDiq8YpXjFVwwKvGBVwxVdir//1hklno/p0Xy0kSEVIeytIx91cx3ICb+QtQMn5geVLP6sY4fr0SRqpjVEVa0UKh2HhTKsseKNeYXofc+ptPVLTz55ikUcI/0fpta0ps1zuSfDMfIY6aAIFAX1+2VtAB6K9/5j0qSe1ltp7a6QMxvH9SINFHHUEsrVJ4kn4ahvxzXy7Q02Sjxxur/tH3Mp4coqon5JH5ghNt5h03VnlVh+kYi4QcAkU4Nq3KvXZ0qe+bvSkT44Fwsh+wsuvbHTbxeF5PLLCqsRCkjJGeLVqeJFSKU65HHkxQqizlEHYlSuZ4vQitZDCkkhEdtG7EhqAOo8CwA+zWhy7xuK+Hk4s9hRq/xSLjjDTMfSRVVKLIFVW9xXrleEniib728EkkVtSHu2jjJVzQ5uI7hilczRnZSDiQytASxFj8IqfAZAhkCl04CEg9R1GVlsCDcg5FmsO2KuWYK1KgfM0wJR9s4Y0qK+FcKE1gXpkwGNvKP+cgLITW/lialf3l/D98UT/wAMmBuwt6V5M+tr5X8vzwOQRp0CH4tqKo7DttmHKBEifN185kSIDIjbTamGE8p4wsHSRqVLEUpQHbjlWTlu3wByR3KxraP63bwSDldohYXNagxnY06b12pmomIzlQRKBBAa1efTLSVP0lxaKdfShgajMSB8QHfcYc3DH6uVJnQKSeXG/RaXES2yGXfi0fwhlZiY4lDGi0Hcnj3zX4BKJvhsm/hH9Hv5MsRoUXnX/OQS3R8n6VFMGUT6qZuDbqtLd6Kp7gV65tuysJgZbU2xmaT38mofS/KbymB+3ZySH/Z3Mxze0zBZsYZmHJY2IPQhSQcizWG3uD0if/gT/TAl31a5P+6ZP+Ab+mKW/qt1/viT/gG/pgQuFpd/74k/4Bv6Yqu+pXR628n/AAB/phVa9nJGA0sDRqe7KV/XilYII+1RgVcIPBvvGGlXiF+xBxVeI5B+ycCqqA9wRhVXBwKqrhSrKcVVAcVXg4pXg4qvGBVwxVeMCt4q/wD/1wMfnLTdenul0W4abS44R9Tdoylw0vMrILgD4V2AZKU2zCMpCdVs5YA4b6ov8sr+ST80vK1aki/ioBuaKDsPfJZPp+Ia+/3Po7StQ1PVf+chfzF8q6nqDTeXW8taJc2mnLxBh9d54peRC8gxILUYnZhmLrcENRhMZbA/s/FFqhkMJCQ5hIpPIWsJ+YL6FPZXSeWWZ72TWU9FhNRKK3LkW50KqvwAI1eOc9P2cwwxcVkC/qvi26B2M+1cgHQnuej3lxpHmDyxqtpok0LPokHxwxK4MJhAkRQ7KOX93X550HZGbDI1jr01GgPpj/D7+91mbFk4eLIN5boe61rVY2m+oSSfVnKSQ2tnCryO8yBuA6ks1e5+Bfir2zZ49FjhYPIl1U8xERGPMslh8upNY/6R6kTyqnoQvSRrQDdlTxJNeTfaOHwfPfy+lfDJjvdfaE3lt7sG1ENyiIoAkjki5l1B3IIIoaZXDFKI2rbrTknYRFoLVPq6zKJZUjkuHKQo7KrSOAW4oDQs1BWg7Zs8cqoMZC7eZeZ7l7Pzhp8MUhjQWRaVuXEFnn+GvbouDNd7NmKq3UpNYv7jyld6h5oZNMa1E91PLAwIS1tVaRXf4qA0UkgNvQeOYgjPJjqex/ouUZQhk9G4/pMR0XXtT1Tyb5d1O61cWGoFkOrfWiFkD0MotnqRSUxsh4b+G+VZMUvDFSPp+cm7HlichuI9XL+iyZdZLxwXUVfSuiPTiccWFSfEe2XRlxREqq2qUeGRjzphfmH8ztd0zzDcaFp+gw3UcCI31maZ4hQx+o5Y04qqCtWJ6ZrM+unDL4cYcXxdtg0GOeIZJT4fg82/Ob8wPN0/5eavZanpEGk6dq9vHEl1FcmVpraaRavGRtwIH2q5LHqMs5iMo8IO/O+L9jDNp8MIGUJ8RG3KuH9rLvyc1fV9U/JuDW1v547+3gihtpgwZktrScQLErEV4sNzhz8ccciCbB+y+TXg4JZYgxFEfbX1PZ/IV9f3eiRvqNw9zc+tMvqyEM3AN8IJAHTMnQTlLEDI2d2nXQjHKREUNkl/PCBpdI8tSAV46hcIf9nan/mnNnH6nWyOz0PyHAf8HaHKYywFlEo9zuNsqkBxFwZQPETWzI54re3t2nZhBFEpknmc0QKAaliT2yki+baYXXBzYLJ5w0XVL0ppepW9tJaxc5LqSaNkEbUC0VmVeTD7RB+HOay6jjJAjw116+79buIaMRkJcVn7HSa95LEsX6X8w6XNDbh+BkvLRZVd6ceX72lAK9O/HI4oAkGQlIDy/iXUYfF6gEJtpmqeXvMxlu9D1Sy1a3tpVgmaylS6himSNaKxjZgG40qp7Z00cYlDZ5/MZifDL/jvveb/AJ8P6mhaVAw4hL2Vwv8Aqwcf45bhxCJNdzbimSSCyP8AKqIRflh5Mi8dNhP/AAbu38cn3uaHzDJpnn78wfzV806H5e80XtlIt7qNzGs2o3UFpFb203DgixMQvYKoWmYefMMUeI2zlIRG7If+VEfnEzxRjz1z9Y0Q/pfUB0FTWvSnTMA9pY/NiMgKKtf+ccfzgvTNXzyI4oW4CV9T1MKz0rQdOnfLMOtjl+kGv523D7gzEgSh7X8h/wAxLqztWvPNV3akv6L3dvrV6/rSVPxcJFIVadVUlg3tmXPII1fVo/MRq6NMc1L8qvPlhdOo853B03lxhvpdTvwrbE0PFq1FNzxAxGSxe7A6uI6Fu9/Kbz/Y6Nda1d+cpUt7WGa49IahqTSSJAKsEPLjX6csTHVxJAo7p/8A84uNql75n8wX17qV9eW1raW0aQ3d3PcIskxd6hZXYA0GHq5b6jEmFVRXwpVUY4FV1NcVV0OKqooewxVeFQ9sUrgi+4xVcE98VXhD4jFVwVsUrhXFVwOKVwOBV1cCv//Qi1i3neSwaCw0q0htpHLM/o307b/5RSCOvuTmMZAuSAQv8myz+XPO+meYPOk9nH5e06YzXlkl1ZRXbgDYiNZZnoD1Wqs3bCQDtuwN7vsTy/56/LXWbyTzz5ctIDqOtx/Vr3UZbY29/cwWzcY1YcTK8aj7AZQP2lyr8rnvaNxPWR4Rv/RcKUwCyLUtUa3uIdX022muYorKSdbKMNHcmOMbhYmCsQP999zm08H9xwAiPRh12SDX/O2jeRtO1bULqw1DU477hCNM0K1a8upHnQ8pGjQfCwXqzZdkxgVQApMZMI8sfnRcpclNE8hecNRDRwW2l2txo628kKxqqO887lR8VAa16DMWGnn4sp5Mlxlyh/MbZSxjHGMI1Ic5fznvfDzQwDCSxViKkcJa/L7WW3i7j8/2MKyd4UnTzUvxyz2Pop8UnpwytLxG54jnufbG8fQH5rwz6kJB5l00ahqmjX5so5dU0uSa50q6nt3m+rtNF6MkigEAMVY+4XMU5pA/3d/EI4bH1UD0p595mvdWsLS78zz6Rea9qD8YrLTtNtRDKIo1IopncVBLGrt3/Z2y3FmnMeqPCvhgci8VlvvzL80Wnmfytf8AlPUtK8l+ar7TZDPqNwkt3punOqfpO2WKOrOkjRUiVfserJ+zloEqqtmVC76on8wdS1K11+LVz5LvfMvk21uLvUNM0q1iZLsa7NDFDDLIrigghiVwkg5N6j9MenJIDLvy/wBU1rzJFrEuq+X9R0dLTUozaWN+ROPRntQZBbvWrR+oC1G3HOmA7hkBRQV95dv7vzu8DltG0URGSO/NtLK3GJFQRwhVaOpBI4ynpy65pZ6Sc85lfCO93cNVDHgEa4j3ITzZ5Q0iyvPKl3HqmqeZgNZtJL3Trqz9S3gtIiz+oeKURFcJ8DDh/k5bPAYixIyNV/Y0QzxmaMREX+LTTylHLY2Pmbylo2gan6Uup3zaOlvYTC1e1kuxch45GVUCULcRX6KZbLHKeIxHMtUZxhlEjyCa6H+Zmn+XBPpmoaNrFLEytPdR6fdSRsY2/e8AkLEhaih/3Z+xl+lwyx4wJc2GqnHJMyHJkGuXGofnN5ctbfyJZXVneaTex3dw+v2lzpsLRSwOvBGkjqZKOrFQvw9GIbM3i4d3BMWIeRF/My01TTPLP5hajd6cusSLe2Og6dcuk2kWcMZaKCWW2FSZCoM8Ts0fx/C65r9TqJRMar1ScvDp4yEr/hDLJ9I/OLX0vW0S6sbjSLl3S3t769mVTAC0ciToIX35Arx/k35dszo5+RpwpYQLD5d/5yC/JTzX5NRNbfRzcaPeAPP+iy9/HaXD/aidUQOFr9hzGFp1+LBnkCL5NuLu5sD/ACn/ACM0jzbZz+bfOVteto9ldm1Hl+ztJUuboCMHlJKqh4AHdabfvFDbjOb1euyxyDDgjxTIvi/gj/Wcrwz1FPpDR7fzD5D0iCL8ltGvZdP0eRmtvy/jjJi1a4mdVkubq7lIdOKfFwHRkWuxpl+kya4w4M8Y7/xwI9Mf5vD1l5tMsUeK2Iap/wA5G+d/zU1dfynt/wAso5/OD3Ztvq/16cXWnXMTcJnlPpfu1jAImLsE4/Rmbp8BxSsSKcshIbin1j5X0fUPLOg+WvLWocGudNtLa0klgYvC7R7ExswUkfMA+2Z8pOPEAvnf8hZvrX5reb5COX1qO/UjYE+pqPRSabmm2a3XE8G3UscvIB9FXEdxplhLqdnppurezG0LgrLBIoq7OrcWJVj0BKuvvmrw6ex6h5f1e+/xu45HCCasMfj806rca7b2WpXMFvpt1aveGLkFWaGIqp9OTd2YFgQgHL9n4sycOjyY57Co7U0RyZJjy7mNajrXma48zCXyvHcXFrFCJ4ra+SMRmKGpaX4AfTdjVv3lJeWZOYjjF9OTTKEroboOHS9N1bneXkXqG8nZ7e7glZn5TCjRxRHlzaoDU25iu4zMAFA/BqHqNoHz2f0F+WHmIarKt1qEdobXTq8kniR5ApkYCinY0405R9DU4xEhV05mHgOSgk//ADiracdC8z6pSn1jUIrdG8RbQAH8Wy3q7Pq+gA2FVVTiyRCbYqrq2Kq6PiqupxSvBxQvDYpXhsVXhsVXg16YFXcsVbriluoxVvbFX//R5dc2FlOC+pvPfXEhIVr65nuGPyWVyD92Yxckc9038gSaTofnTy9cSWkIsLPUEurqBY1CvHAjuwYCldh0OAHce8M5Cwfc+uLf/nIDTrwsvlLQrq8rXhHp9oZWcAbACFX3Pvm4OOI3kXViR6BKtM81/wDOUWr6jLfp5c0zRdLlcC0h11o4HijPiyyNMx/m+AZRYPRs4fNl8Hm3zboyNN5484+XdPoQXg0qzmlkJ6kepcTIPp9PBKUY8x8ymOOR5WhtQ/5yF8s2QMekw3mtXA6SKvpxMfn8CiuYk9Vj6b/1Q5MNLPr9pYJrv/OQPn++DppVpaaPAfsyTkzTL4fClB/w2YktWegr3uVHSjqXk+sfmt+Z51MSjzhewyMrMWsxHDHSoHHgyuCPc75V+Zyd/wBjf+Wx9yb6Z+Z/nS5QLc+cNWMu1eT24Ff+RWWDVZP532BrOngOibjzt5wk+IebNSYH+ZoD/wAysl+Yy/zvsDHwMf8ANWHzh5y/Y806h/07/wDVLH8xl/nJ8HH3KTecPO3Kp81X++xJFuTT6Ysj+Yy/zmXgY+5afOPnZtx5pv8A/gbb/qlg/MZe9PgY+5pvOPnZRQ+ab4jwKWxH/JrInUZO9l4GPubsvNn5g397Fp2l6/qN7qNwaQ2ttDbPK/0CLp4k/CMH5jKdgU+BjAshMb/80L/8v7Y3+q+ZrjzdrvI28Wi2s0EOi29z6no8by8jjX1WWT4CiMsfqfByc5m4jK/VLf8AmuJkjH+Ebd7DNf8AzO/M+2RfN/nDzFe2NtczNBZ6bp+pT6fYQ8OXJZxAysxoysnp8v8Aixo02y0Zoy5U1nFw8wxy6/NH8y7r/cnceZ9bRL5mnsq3lxbwOnQulW4iIHZeAoxwmZvbZRjjSfaX5n8/aTYaP53n1W21zWUuZ/0eLydbu6SAlVlkukf988fwhIfTL8aceKZTPEJ1In6TbbCfBxRiPq2ek/lX5j86SwnXvrkkuu+br8w6dYTI6W8Wm20wR5zbr8P7+Z/TSQ8eMUbd8z8MAI7uvzm5bPpGbyXoTVMkcsjmNonYzzfErijft7VzF/L45cx9rmR1OQcjXwb0XyppGhR3CaSstqty6yTKsjycmVeAJLlj0FOuGGnhj2gKBRk1E8hBkbpMRYLvWSQr4DxGWcI72o5GGj8uPKenalfazZaXHbalqUjy395CoimuHkbkxldAGep3+I5dER72oklkltaW0Vvbx8WMcXEqORJBU9QT3wy7kAPAfyo/KzVPJ/5jebLPXpW+rXtuJdE1e2BFvcLPeSStUdVeP4RJGT8P2viUjMHNw3ESF7tWWIlQunqGo+YIdHjexu2fUZX5pNOwKmQAEVk6cjx6cR0+0c1nqsS4rYykKrnaSaL9X/SgXgfrkcBl0vVii3NxFCW4mLehTif5TuPtZkznOXWnHwYzxHhNBN9Xaz1BVsAlxJDO8cV09oj2zokbFioZJKqpO22YWWOWUgYEbfjl1cw4z0+KT2Wp6d5S129UxWltY3UDPZQ8GD2f1dPjKtI7Cjk9KfazPiI5BU96YwwRiSQBu8//AOcjfMmh3/5fGTTUnW+vry2huWchY3BBkJoHardN6AZfhu/gyEY8VhFf841Wn1T8q7a6I+LUr+9u6+KmT0wfuXMoM+r14OPHClGWKxzTKkleB96V+nFU3aKziHxIqjxNf15LhK8QWhLSUhYWHM7AKa7n2wUthjmoed/JWi3clhq/mXTLK+hf0prea6jEiSEE8WUEkGgrQ9O+VSywjzIWwwzVf+cm/wAk9DCiXXpNULS+iZNMtZrqNfhrz5cVDLX4KrX48qOogjjDJk/PH8l5IkmHnXSVjlkSJOcxjbnLstVZQQPEkUX9rCNRj708QVtN/N/8qtZvYtP0jzdp1zezyNDFAJShaRa1WrqoB22qd+2COpxk1xC0cQYdrf8AzlN+T+jz3tnb6ncape2aTcPqds5t5pYAaokz8QaMCpYClVbKcutjHYCz9nzQZh49af8AOVvnDzDqpgs3isIFZJbZYIYgkhCFxBN6vNkEgoCa9eOaDUanWwAlKURv9MRy+Mmvjk35i/5yC/MDV78waVqsNlPYM7PpsAW1eW5iK1hQsf31CwH2vHmqnNZrNdqshBE/Dj/R/wB8wlOR5PZPIX5/WOseV4tQ822c1jrkLPb3lnFFS4edGoOMG1Cw3py/Xmywe0WOI4c28hW8P4r6j9LdHJtumdr/AM5B+TGUS6lbXWlwXEhg05Lng1xczKxUqIkqEAA5cman05mR7dxEEmMgB5blRlD1Gzvob60gvYOQguEEkfMcWofEZvsWSOWAnHkW5X9QeOW0h//S8b/l9dzT+fNEmvJXuGE7EmZ2f/dTnuTjIbJjze7+QtVEHnny5dyRrcLBdeu8DgOsgjjZihDfCQ1KUO2Ykzwi+5y4jiNPqC8/OnzpcILfRbO30ayH90o6qPDhGIl6fPK5ayR+mPzZx0sRzLE7zXfNOrknVNauXRt2hgPox/8ACcT+OUnLklzPybRjhHkEvjsrSM+p6StL/v2Q83P0nfKuENvEomU70NB4LtgpklGpXBRGNdz0wEMg88806re6cIbu0to7pVDLKkjsjAE1qvEH6a5OEAWMp0xP/lZt9b7jSIiV/wCXhx/xrk/B82s5T3M0s/O+tCNGOmREMob/AHobuK/y5d4B72vxweiYJ581ReukxH/o4b/mjHwT3r4oWv5/v166SnUE/wCkHenb7GQ8Ep8UKMn5lXMYLPpKqqirMbigAHzXInGz8R6j+V/kbz1+ZYi1S70z/Dfk5/iGsXjM01ytf+PS3KqX/wCMj8Yv9fEYSeqDm8nrWreTPOOnaZdeWPyw04eW9OvLdorzzRcSiTWriV6itVDcFUUI4kewXLxwwFAEtREpmyQwnSfyD/MK2s4odS16zvrm1Z5LOSXT2eCKRthIbdWiSR1HRpOW/wAS8W3ym9iBGr823h5XK68k81X8ovPKaRcapYppmr+ekeGPT31K0EWmw2vIesIkd5PQdlr8SfEfs8viy/DMRjXDTTkgZSu797BNQ/5x1/NrWtTk1jWdT0y8vZaj05Iz6MUIUrHBCqsRHGB8IVAAoy/xB5sPDPk3qv8AzjD+Ymp6dCscmjWM8UKwJaWUUsMZWpYqJHZ/T4k1rGF5ksx+LJeJtdFjwb1YfRH5K+SfM3l3TPrnndLVfMCwwWFrb6bX9H2unWKNHBDDy3JYs8sxPWRvbE3Ig9zjSjwk77PVygZSab5YCi1DioNSMTJBK+oC7d8qJ3YoHUz+4Xx5V/DLYc1CCiNYUHtlrNDzWsUysjiqk8vcMOjD3GQlESFEIlEEU828/aZqVtpM0Vhp93f6vyEljc2EYkDyM2/NCCEoB8QB+WYUdPInh6Dk4hjwGuhee+U/KP5ryy/pEWMtpPK0kjtqMgtYwUcMYlU8qE1PH4Qpplk8BO1Momhsza18qeZtNaXUpZln1CVa3NvFerECjMWKwS8WHP7KhZothyPPbMXJp5RG0TL3NgnuxvVIfNfmHzrpMWvaNJeeToy6tFNbR2i2qyq1fV4Tu0jKyoS6NwZvijHHMmGm4d+iiVmikf5tflveeZ/Ln1Xye8aanazteLp149BcnjQRRzmnFqgcFl+H9nmK5bGYB36t3h9z0b8srLS/LvkPy7olxBfadDbWaAm9VDNHLIS8iXAjH7t1csOlPfLOKhugRs7M/TTbORFljuDJE26urKVPyIydgryUG09LZpJbO4kjnepPJhLEx/ykb+FMq4N7Bpmcm1EWho2lcFZ2EbfsyQSShGP+UjE0+g5dEy6tREejzr8//NWreSvyp1fVtFupItbung0zT57cF2hlvH4esxBBUItfiHRiuOSRjFrIfEcPkrzhfxRJaaTcTTXwjuLSVm4y3HqORIVEhRgwKtzY79OeacYid6thStrPk7ztoPli61nU9KksdK1Fo7fUZborGZeDERsluSXRlKfEQOG4bJRxTjuRt0/HVUu0zy1+npmj8vadfahqKq8ZnTk3w7OGILLGCyN8PPj0+HICOQmgLUX8EFf297pst9pWpPJaXlsVglAdQ6zyqSjuBQMFbY75jZRwSoj339ymlaG5v7hrVxbRPEsj28wP771Z+I+ENx5OrdJArHj+OGYjKPpPNNI630TVfLLGNrSaGWYq01zvIYUZv7lmQENSnwt9tY+uHLGcoeuKDu9N8oeQfM3n/S7a9s7630/S9JmdrS71G6Bla4kQiQQUU8hvR3qPi/ys10OzJ6iMjGgPs+HuYiNsm0v8sPMI1C40VFgsLCd4rm71ezuo5ZLiaMgqRI7Hgqso5otC9Frmszdj6g5eER4jVCf+TEf1/aOieB6Cn5b38uqutzDa6hphIa2t7CZRfF3IL+m0icY/iHMUb/J+zl0uwtVigLkMlc4xPCT/AFeLZkIbvffJXljUPLmjrYSTTPEOJgtru5+tSRCnxVkCqKsTVlA4g9M6bsrTT0+Mxl6R/DDi4+Af1tv1OQBTI/Suv5PxGbmwr//T8Yfl5b3V15z0qO0haeVGlmZIxUiOKGR3Y+CqoLMewwy5Jjzev+RpifOGhEGv74/jE+YuYeguVjPqD6EVgx8T4nfMABzVUGpoBkkONep6e+GkWgJCqcjXxyLO2J61efGVBHEZAhmGFatIZomDbmuWRYlgGp2SqXYCgocttpIek21oPq0Bp1jQ/wDCjMxxAue3p0yJZhE6J5U1/wA26omi+WrCXUtSfcxRABI0/nlkaixoP5nP35WbZbB9N/lt/wA44+W/Krwaz5y9LzH5kjIkitStdKtHG4KxsKzuP55Bw/ljyYh3sTK3uJkdzyJqen0DoB7DJotcrNjS2vDEih3B6jGl4lZX2p2wgMeJznZaDvkwGJkyK0obaM0/ZFckWhfSoYDx2wFC5VotDgCUG5pX7shJi52ChQNyBU5CSoK/Ja3DHcVAGWwNpCEh/uwMuZr6VxVAa1oum+YdKudF1iD6xpt2vGaIM0bAjdWR1IKup3Vh0xIQ8U1L/nHfyhaOPrGr65NG+yTepBQ/5JquxGSssKQH/Kgvy/8A273WX+ctuP8AmXja0rWX5I+QNOvbXULafV/rVnNHcQM08FBJEwZa0i6VG+JXdlmpjmZSQKsSSB03zAm5UUxsruS40+OV2LSwUikY7kp+wT8vs/dmRilYaZiiugeWCQyWUrW0rdfToUYn+ZD8Jw8A5jZePv3TODzLChkTWLImKJzC9/ZqXTkux5RfbG5p8NcSTHmPiFAEht9qLjsoL8fpLQlg1iwf7UdvdNBMp7ipJQ0/lcRtlkZA7jdgYVzRcN35ablY3lm1pPSr2eo2rhyvStSHRgfFWOWAhFMR80/lz5N1vUTr0d3cRaiE4LAYVu7Mrt8KwyovAmm5R1yEob7FJ3DznzD5Ma7ihW+8v6bIvqUgEmn3t/69vWhZWtFDQnb/AHd/sWbIyBPNaKbeXvI+m2tpexWOkWek3FyYyI7uxk1G3fgaijyRRTKF7B+ZXtmuz6WUyalV934ty8WURFGKEg8k+dtJhjvYfLOm6jqcM5dbvT/0bDIyhqIVS6tkI4p3+19OaHLodbxne49N93bwzaQxG1HzDKfKEn5larc3mnectNgs/LcalYjdpZrPMWqCES3BAFKcmanL55maDHqY5CMh9P8ASrb+q06safwx4f1f0b+204H5f+RbSQTDSdPhcfZZEUGo/wBU50bpKpOLa08vWsK28NtbrEgoix2y8AK1oBxA647qrxW+kK3JLaJa91gRf1YKKphFDan414xhRUkqFAA71wSC0mtvqWnKgV72HkNvtjIiY7w2cEu4q36W0r/luh/4PDxx7wvhy7i//9Tzv+k1sLeay0W0ttIsp09G5isIhE00XXhLKxeVwabgvxPhiWYRnkWUnzroVT1uT/yafKco9JbcZ9QfSAYAf5jMBz7XhwB8+2FCnLNtvviUhIdQvPTVzWh3plbNhN/d8izMaVxZhjt7NyUjt75MMSx66QOHr3B3yYaiHp1tAv1K3Ymn7mMn/gBme4b1XyJ+RGs+ZhDqnmZ30Py+4Dxx0H6QuUO4KI20SkftyfF/KmRpbfSHl3y9oHlPTF0fy3Yxafp6kM6R/FJK/wDPNIfikc/zMflTDSLTUMPbGlteCMNIteCMNLa8MMUKgYeIyTElt2Hw5IILIbGZDbRgsAVAG5GCmtXEsQr8a/eMaKG/WipXmv3jGkoGSVDX4hSteoyEgaYqQlQty5jb3ysRKqNwytAwrVuQoAe3fLYApCHjA40y6mS/bGirsaK2FOaGKeJoZlDxPsyn/PqMaKLDHLvRVtnFZGMTfYag7dj740hCnToe7t+GKsa1hRBdSxdVB+EnuKZiZBu3QW6BOoZ4nHKJqq48VOOIrkT9LVIZQRE8iL8UcgYUNNxUfPrmUBu0Hkl01pH9R0+xkDm7nvbZrpkJ4j98ZZD9HEb4m1CZa5oFtP6+qWa/V9TCMZJoWaF5QBX4+FA5H+UMiYRJvqyE5RGx2YnaT+aTAklvpd1fWTisdzFcTAPTY1CvsajwyrgbBkKyzk165L3MNtc3sbsQIUklZYRXYFgak/PHgCjJJGhdUAupbmyeGOwjFxf82kJihILBnFa0IUkY+GE+Ie9lGreSY79VudD1CTTZnRWEMlZ7VwygjY/GvXsTkzhiUeLLvYFEfMls+qrJa291b6NcrZX1wDUiaQgLSpUsDUdsq8MdzLxZd6b3Npr2nKsmraVFaxFuAZ+LVbrQUck4TjA6J8SXeiLBQTyoATvQCg+jLIimqRJNlOIh0ybFHwivXCqH8z3DW2gyRxsVlvJY7ZSDQ8Wbk9P9iuApR+mJbR20Kp6coVByccWqepqcqAHc2We9MKQ/yDp4L93TLNu5Fnvf/9Xy/LKSCegHU9sLJNfIkoPnXRFUlmFzVgBWihHqT4Dfr0yrKPSWzGfUH0t6lQPkCfuzApz3cz3PXAlD3VxwQ70ORLIMQ1a9PJlXttXvkWYYpdzqGLfaOBkktzMDWvXwyxgUrV1vbtbKOREdq82dgqIAN+RO1fAZbCBkaaJzEQ9O027tZHsbJbmBnaS3t1Hqx1Yl1Qbcu9cz6cW32y0V2srK8iEqSpJQg/Dt/Nl7j7Lwl12kj/4Bv+asKFQJedRLEB/xjb/mvChUVL3/AH7F/wAi2/5rwqqCO/2pNFT/AIxt/wA14V2VBHfdpogf+Mbf814oVFjv+80X/Itv+a8KrxHf9p4h/wA8m/6qYVXelfn/AHfFX/jCf+a8O6F4hvv+WiL/AJE/834ULhDff8tUf/SOP+a8CrxDe/8ALWn/ACIH/NeO6qoiu+92D8oF/wCasd12VFS4H/H1X/nig/jjuhdwn/5aN/8AjEv9cV2d6d12u6f88Y8Vd6d13u2+iOMfwxXZv05e9w5+hB/xrinZIfN/mDTvLOnW17qrXDwSzmGM28XrMH4FtwCtBQdcqmmLDj+aPlOmy3//AEif835XbOkgvfOmkSXl7fXn102F6Im0qFYFYqIl4yM45jiWPgT45URaQaRPljV9K1K54WV2BcPVhZzApOABU0G4NPbK4RILOcrZ/btKq8UKuCN1Vg33gZlBpKjOvIEsrIfkaf1xQp/XryC3nRf9KUxSBELcXBKkCjHt88DJi+heb/0dYw6OtnJcS3Zl9G6WRESIuKNyVhyNDvtgtQjYfOUHliSXRxYPdNEV9SZZVjHPiKrQqSaeOE7bLHcLofOM18dYht9He5k1ZCjIJh+7Rbf0FU/BvSpNdsbTSeWXmXW7e1trY6Gxa3hiiLvOF5GNApNOJpWmEFaYtLdapp663+kLSGCLWtVh1IqZ+ThIGVuAULUg8dzlZNWSyAt2o6/deYb/AOt3QEYG0MCGqRqTUgV6knqe+QMuIsqpNrFKKDkw1ptHk1R0FcbVK/Nlj+kEt4HuoreKGKZwJJDG31iZeCPtvxUVwJAYVplhd6S6q+prciMAepbh4+bDx5U2ymu5sTf9JT/79b7XPqfteOSY0//W5do/5R2qlZvMd81w43NnZHhGD3DSsK0P+SozFlqP5ocyODvLObTTdJ0Wza00azhs4jxDCBRyajD7chqzfScxzIyO7kCIA2ToOF6neg96bYqse5pULX3PfIsgEqvrriDvVu3gPmcizDC9TugZWFa7knwyJZhjWo30cScpG4qdl7sx8FUbnCN1Jph2s+YPRLRV4np6CH95/wA9HH2f9Vd8yIY3GnkYk97dXUwegYJ9mMCkYB9v49cyBQcYm3on5c6dDqXnvyhZrErSXOr6eAOI6idHP3ccsG5a62L9NJW5zyv15uzV+ZrmU0rlwqqDChVXCqqMKFQYquBwoVBhQvGKrxhQuGBVwwquGKFwOK23XCq4HBSuxV1cVthH5rxiTyrGxFfTvYSKf5SuDkJC2US8SljoCQrkUr9kHIcDO2tbcQrYwhW/d2qMRTp6hLZXWyQmH5cFZfN0MoSiW1vcTEk1pRQP44K3UqT3r2Hlm1mR3juNc1Ca9dlYq3BpeCGoOwKqT9OS5BjzKGufMl/Y3lzAmoXSyrKoESzNsioN6EnYk5EWypEQecdcaSJBqF0FaSNW+MEFS4qDtWhHXEnZNBkflb0rzWFhA+Gzu7ksPCGMEsflthAshgeRY1qXmO31HVby+s6XFrcStIkiE0O9CNx26Yk2WURQRdp5hdITPbAPZPT94hKs7DuOmwFdjkatKaDX7uJzBJfTxKVVgBIxWjio+XXKzGTMUpkyXLl0lEznqxYlz/wW+VUzTHT4p1deUbAfKv6q5ZFgSzGyRgo+E/dlwDWmcQYmlDX5HCqPtY5HkVFUlmIHQ98VedeYtaik1K5vp0dYGuZLOAAVcJa/BUr2BORMWQQcGoaddOkUN4onc0SGQFWJPYZAhkjvq83+T/wXb7saQ//XL3lJNCajwGwzVO2UZ3Ahftt92+FUW8lKb7kDYfLCgIWe5VQRX6BgZJDf3ZYMK7AVPgB4nIWzDAdX16BBLLBInpKaPdyf3KnwUdXPsMkI2gyADzzVfMUk8ji0ZwWHF7lz++ceApsi+y5kxhXNxZZL5JJHbtP8b/DHX78sJprpGokaKEUUyFper/kFbm9/OLyHABUR6ks8nssEMjk/hl8OYapbAv0SU5mBoVlySFRcUKqnCqoDhQvBxVeDhQvU4oVAcKrwcULgcKrgcVXA4UN1xVcMVbrirdcVdXFUj822A1PQpbb0vXYSwyLGCQSUbxHzyUI3KmMjQeaXPlu7aKQLpc0QUH1AHcgEdB8XjmT4VtXijvYb5v8ARtLxFuVEdI41jZqjkqqBWvTbMLgIiDXNyYysqvkuluPMOoW4Be30uRYadC8x4KPpNMxyGxL/ADmUsrzTNGjqY9ItoIAoNPiQKCd/cMcMgxhvukGrH/nYbsivxr07VHE/xyAZqmnkm/gBJ3eqincAnE8kvQvL9tNZ6V5r1OM8bhkktrVj2knFTT5rXDDqfJhPo8z0W4JtwAKBZZAAfDmcDNOrOQR6Dp6H7TyXLmm32JDGMAXqjr6Q/wCjTb/vbeJh9AK/wyShLtZkaG40p6lf9LjBoSpYSRsu9OoyKs3+sXaWWnS2lzJbPJIqSvEVqUMbHfkGGxXbKxzZSUrbzx5phRR9ejkFBQyW8ZJ+ZFMuRSYQee/MciszXUNY1dpEWFAwoPhNNyKnG0Uh7/zz5wj01Z4dTkt5vWTlJDHGh9JSOQ+yaVrkZFkAFHWXee4RGYyhULu7GrM859RmPuScksUHbxGOaKQLsrK1PkcB5JZj9Y9/bK0P/9Am5/fmrdshrmUek4r0A/WMQlfLdgKAD2HT5YSoSbUdUgsxSYs87isdtEOUr/R2H+Ucil5t5m83BmeCUrM6nbT4W/cofGeQfbP+SMtjBrlMB55f3t5qUxe5ZpHHwxoo4xoPBVHQZeAAHHJJLcWn8DWWjPTZOor/ABwGSRFFCMgEFKDpTvX2pkWSi6HetKgYsXtP/OLVqLr86dAKje0s9Ru2HWgjtmUH73zIxbyaZ8n32pzNaFZckhVBxYqgOFV4bChUBxVepxQvBwoXg4VXg4VXA4oXA4quBxQuBwqurhVwOKrq4KVuuNKiLFI5LtEkUMjVBU7jpkJ2BYTQOxTS5tLWO2mkECsyRswWgqaAmmYwyS718GHc+bPz3t4rnyN5R1rT4h6Nzbox9TirrzjWQddiakgiuZuMmUCO4tQAjP3hiPlu6Nt5D8w6mm7zGxtkp8O7N6hH4ZiHm5bEb2W5XUb/ANS4kmdJmbnK5kJSQCRKFt9gaYy5rHkhYtZur64s728RRNdxuzlAQlQooAK+AyAZInUrl1027kiZhKsTFGjJVq9qEbjCVewanenTdM8u2EoAuNXme9uoxtVI41jQU/1q4Y7R97VLc+55XaQGxn1C0kHF7a9uEKnw58h+BGRbQdmQXCJGljaLSsFrGWHg05aU/wDEhiFQemD1hNKSWElzIUBJICKQgAr0G3QYUsdhLjRp5ASTHrrvGWJNKTjYV7b5FXq9tV9Ms/COVaj5CQZEc0lJIgpjWg3oMsVbovptd61dlQf38NmpPcW8YJH3scHVDri7t31LULC7u44jcQRSWcU0gRSQjKwTmQK1UE0xKDsnSAzx28/+/IY2b/W40P6sEeTNFRRj5/MZJUf6h/4X8cpQ/wD/0Y1JLTp2zVO3S+8nPoOxYKgoKk0BJIoN+5xSk+q+YEtInmMgsrVSUN3MKyMw24wx7kn3yYDAyp5vrPmie69SGxD2trLUSSFi11PXu79QP8kffl0YAc2gzJ5Mahs5LhvTVKAftEbD50yVsQEyjtILeoU8mI3c9f7MjbYBTbcK0pX3GBkh5AzE0FB2GKEHNRegr7jCwL33/nD23ef817y6Iotjod4W8f8ASJIohmRg+ppy8n3EpoMznGVVOFCoDhQvDYVXg4oVA2KFQHCheGxVeDhVcGwoXhsKrg2KFwOFVwbCrdcNIXA4pXVwK6uBCIsWpewf61PwOQyfSWUebIyoYEHcEUI+eYDdTwb80fKt1qX5N6TbW0LXGo6QFZEjG/COqPt7AZtMY9c4uIZfSXjOm3DL+V1sGAVr7VnV18RZx0r95zDlzLlBINUJT07gdJrMhh/l25KV+lSMEuiQltFgt9KdtlSgY9qMlMgyT/QbWDWdZsdMqHWeVS4G/wAEZ5n/AIjilN/z21SSLWX0yN/Tkt7a0toAhIZRJWV2FNxU5Oe2zVDlfexHy7JcS29x6s7z3L3D85JWLs7MFFampOVtgZFqmrJaeZdatncLHbmL6vU9ooQhH3rhQOTejX9qtha/GKhAzVI+0xLGv0nFkkOn3MT6GAWFJNWeYMTtQzV28cAV6zp0ytpy1IVfWFCxAHegr71yP8SnklsQUKp7Ab126ZYlC+XpYZdMYxuryyXM886g/EjSNVQw7EruPbAEMG/MUpeak4VQw06GJnqKikjnc/6pIwFL07RJxc6NYT13MQHj4H+OCKpmkpB8cklU9Qe/2a5BX//SgF5qQi5RW6fWbkdUU/Ap/wAph+ob5q6dtdMI1DWraXV40vtRikaCRD6St+6i3BIAWoqPHrkuE1ya+IXzYfrF/LqGqXNxNK1wRLIsLEkhYuR4hR0ApmSKAaDuVOCyMzCSQFU2NG/pgJZAJjxCJwWgA7DpkGYQzIXbwHc0xS0YST8IJp3OKVCYUU1YD398QgoIqVK7AuDuvWgOSYW+lv8AnDGzdvNnnHUGFFh0m1gUnrWW7LU+5MytONy0ZuQfYSnMxxlQNhVUDYoXhsKFQNiq8HbFC8NhQvDYqvDYULwckq8Niq8HChsHFVwOFDdckq8HAq6uKtg4qrWbUu4D/lr+JpkJj0lI5spzXOQwDzXeyW3kS/vI0WVrWSdDGa8GVZWFPbbNpjNZfh+hwTH0j3vkW41661GKO0qi6ZFNNcW1sqBTHNMQJCW6mtO+YuU3JzIDZA6nMDplfsvEziv+TItP1jKr2Z9Wp7Br7TFijYrIiK6EbVIHQ4ApQP5a64nkzz7Dqer2Ut/EIZIVt45FjIZip5LzHHcDjvjHmstwxTzFrF/q+tavrWou5u5pnfjIxbjyclUFegTlQU2wE72oFClDQ/NVzpTNGzU5NzSb9tZD0YH2O4yILKkz8wasdTuBd+qZrxlC3bE1kaQ7sxpQVJNcSUMbe71SznpHK6p/Kew+jAmkdBrd5bxxwcuUKuJOLV61rviCmnr+ga5Fq3kHU72dNtMvIJnjJ5U9N45BT+GHqxTlPMFjfabcT20w9T02+Fuo5Cm4+nJ2lX0CE2t5eWgGxtrKYeP2GQ/qwBWNNDHqerau53trtJLUue5A+GnyIxSyvyJK8nl6KCQ0ktnMbfRUfwwBWUBNx3+WFlSQ/pmP+ZunDr3wIp//0/O+ueaZ72NrKxU6fplKFFP7+Uf5bDoD/KuY3CBzcsyJ5MZhliWRQsdNwFCjEoCOjtSZGkYA1YkD54GaL4M3U7ZFk4RKOu+BLmWmwWpxS0kDuRvT9WSEUWqyacksQVaEsaE0r92TEWJQb2IgZRQKV2UAfFgIpQ+nv+cPbNorfzrqJWgeWwtAfHiksp/XmVp+rj5juH04rZluOqBsUKgOFC8NTFVQHCheGxQvDYqqA4QFXg5JiuBw0q8HCq8HChdXFVwOKtg4qvBwqvBwIbBwqqQtxmibwdT+IyMuRSGVGVVND8s1tN5kA848x6lpv+C/MUV7L6EFpdXUclDxYnlyHEDrXl2zZQFTB8nEPKvN8ePcQw/WGWoiSU+m7daHfMfNzcuHJC3upWk1rIgYfEAV3G5G+2Y7ZSe6VcrLApjAb4QeIPtgBTSB1myjZkvDCYp4jzjcEEEjsaZK1Yvf6Q+oz3YiUMkjrNt1ow6VPgcjJAQqeSbiQCMDktKb7UrkWSaaN5NS8ujdzOQolpIg2qYiAf1b4qyvU/JWmX4Z4gIJSO3TJUqQn8upi5AkWi7AeI8MFKyvyz5WlsvKnmzRWNf0hCskZO9GUU/hiAgoXS/KUkAj9V2aJSCy171r/DCyZBqF6dP1KSbmE9awKbjasT1H3VwoQFkqWWi2t237UpeQkV+1WhNe2BIb8uakbey1AwShWilV6kVUAtvt4b49VT1fNbxRE3A+Eg0ljoR93UY2rzb/ABF/l/8AHxx6n7+nXBa0/wD/1PKMKSXTV79OR6DMdywmcNtDEpCqWf8AabucaZIsK3RRsRXcZFK3cnfr7YKSqIop3J9umCk2rRIzbcSFGWCLG00srT1WVETmxNNhUn2y6MbayXu35bfkbP5nga+1mKa1tpRSPgVSVx3YLQke3jmyhgFWXDnl7mDfmV+WMHlTVWggErQklVWehcKtNywO498x82Gi2wybPYP+cZLH6l5T8wTcOAuNVRUp3EFsq/8AG2RxRoFGSVl7erZe1KitihUVsKqgbFC8NihUDYVXBsVVFbCheGwqvDYULg2FCoGwquBxVcGxVcGxQuDYVXhsVXcsCrlNSANj2+fbFXl13+aup28b/WJC7IzIVRa7qaUbcEZkGEBuA0gF5XqP5hTXT6vZTXBW1upDMsMqlmMlOo6nKJZA5Ag84kuo7q3uyaOisCONAd/n4ZhSNuQAx2QutVBowPJdqbdKb/qylsROmeYJtOmIkBe3BowqBT/Vp4ZFLJptdsbqyne3k5uqEAjqGPQbYbRSzTWBgjmc0kK8SR3I64UdUxXUI4xVl2H7Q3yKULY6zDD9ZQGoM7yKKUPF6HCFpGp5oMdFEZdT9k1H8cbSrDzVGy1WMiRdqdtsNrStaed3sZpUNsJ4LyBonHIpJEwOzKKEN/lKe3TG0UqRecFB4snxgbnsQfCnXG2SVa9rseoCAxAh4+aEjYlX6g/dgK0yLTNQ0zUdNWzJ4sqhWRt9x7YqxTVIJ9G1Cax06fhDfwk3CIvKqhhx4/ymo6jAtJS11qMNQ7cwNq0+KnyrhZKPL/IH+/8A7P7X82Baf//V81JFGCPSjCxigAB6D6cpcxW+DrESQNht9/U4Eu9QdGqPZsiq9UWnNyAp7d8CVaMqF+EEA9T3w0qOs1MzhFG34kZbEWwkae//AJP/AJX3PmK4ivZbYLGhUw+qtE67nt0za4sYAsuDkyPszy/5YttDslhWhZV+IqKAH29shkzcXJoA6vmb87YYG1e6a4ZTIXKqg3bgRtt2GWzqmcEw/JK2Fr5HLgUFxqN24HspRB+rMeLaXpCtkkKqthYqithVUDb4ULw2KqgbFC4HFVQNhCF4bChcGwqvDYVXhiPceGKF4bbFV3LFVwbFVwbCq8Niq4HFCrC1ZYx/lL+vEq+UtZv3hvb2JkKBLmdDU7njKwyByBtEXneqzNJM7CMvuSoVqN9GYZk5ACSpcSSJcgA0ZDVGAH+3lZKaS6G4kPwMeakAAkdKZG2S1pljPLcjcVFNvGp74FXWzSGb90SjNTkUAKleoqB0+eBKf2l5P9Unj5cGQh0c7ih2O3bJ3sxUxe3VFAJII6qRxr9JGRShZbkq5aTkh+0TQ8T9IwKsTVY61DMxHQgEinzpvhSuXV4i3qKxFDxK7jbFURFe+qTcSDii/CrEn79vDFKJW7qFXkJBWoJNOuKrpXjIJBIHc1+Ja9sUt2l5PE9EbiD05U+IHscASUwi1V47tbuQUlFF5qeVFTsRkrRTIrrWPL9/EUu4RFccTxeP9onwIxQx7jZeJ/l6fseHzxS//9bzR6nNq05kdBlFuWvYual2CD2/VgSqRhIx8Ch5OnqMa0+QwFKqgjZ2Lsa/hiqslGICt16+NMIC2zz8vvL7a3rNtbhAyoauT0A8T7ZnYIcRcbJKn37+X+hW2i6TBHEBsg5MSNz7HvmbkO1Ouuyzgz0iJ6qQfhAzE4d2XFs+Ovzvvl/xTdoq8pEVVkYmoBPanQEZl5Ngzxsw/KeMw+QNI5dZzcT/AESTN/TKI8mws2VskhVVsKFVWySFQNitrwcUWqA4ULw2NKuBwqqA4oXBsVXg4VXg4qvDYoXg4quBrhVcDTFC8HFK4HChfG3GRW7hgfxwK+RvOzpD5m16Ch4R31zUDqD6pO335hSO7lx5MGnPqMDESI6bmlN/GuY58m0Bq0jtyrI4BZ/hkB7HpWuAFJSy5s9PjIQMzMCQ6LvX3OEsWra104tyjJ5L8Jjf4fh+R8MCbXvDEh9OJAk2xWRaAFT2J7YqqWl56TywenI0QG7mlB2+0MkFQTSqzbcSwqAOvQ5FK2UyL8XNVVf5H7+9R0wqhprtgvEIQwJ+DxB/aUjG00piRmIVydx0b+3pilMuIXT44EejyNRQ1G6VJBwKhQJoGClttuSEcTXxB6HCto+OTkDzrXpUeBwKvoSQgYkbCh2p9JxSqSXDxy8GAPw/ExFQT9Hf3xVfbqZXHIB1BBAHj12xZJv6yfy+3Xv4Yof/1/NiUoPS/DplDltH0vUPqfa/DFKrHwptStdqdKYFV4uj0pilXt+HL4uu3TJRpiXtP5Hen+lFp9rkKV4167Vr2rm007gZub7M0v616EPpcuG1PRp/wv8Ak/LMs04SaS/p74fq3CtRXnXjXIDgV8jfm9T9N33r/wDHW9Y/W+Xh+xSnt9nI5XKx8npv5Z0/5V95bpX/AHiHKvXl6j1/HKQzLLlrkmKolcIVVFcLFUWuKqi1rhQvFcVXivfFVRa4VX74oXitcVXiuKrxXCheMVXDFVwxVeMULxXCq4VxUrt6inX+OKHyR+ZnD/G/mX0K0/SE3Gn0cvxzXz5lzYcgwW55cV9LlT/Kpx9+WUlsUIeXNOP97+14fT26ZEJKtqH1P6qfT4/Wqfuf5uv7VNv7MkhJH9D6zH1rQer048u9PbIpbuP7tPq3LjQ8a9ONf8+OEq1BWq/WuXqUPo+n9j3r25Yqvl+rfv8AlT1e3TlTb+XviVC4V5LWnpU+D1acuPtTf78VShvtdvQoePOtPo7064GS0/3Cc+td+n2e3vTwxHJKbt6HpW/pcvUr7Urx9/bwwhCqvHgOfD0q/FXp70rthQ6141+Hx+Pw+jtgSjbn0vQ/e/a5CnSte2KUD+/9Z/8AfXfn1rTfpgUJjY8PVXj4b0r1+nClMP33+V9vCr//2Q==\" alt=\"\"></p><p align=\"left\">环境y愉悦，干净，舒适</p>', '1452479147973.jpg', '1', '2016-02-26 14:15:19');
INSERT INTO `buildmag` VALUES ('C', '清风阁', '', '0', '0', '5', '0', '<p><br></p>', '1451023811590.jpg', '0', '2016-04-06 20:09:35');
INSERT INTO `buildmag` VALUES ('D', '蔡阁', '', '0', '0', '1', '0', '<p><br></p><p><br></p>', '1451014599609.jpg', '0', '2016-04-20 09:07:32');
INSERT INTO `buildmag` VALUES ('E', '陈璇居', '', '0', '0', '0', '0', '', '1451013581489.jpg', '0', '2016-01-08 20:04:52');
INSERT INTO `buildmag` VALUES ('F', '韩轩居', '', '0', '0', '0', '0', '<p><br></p>', '1452478614661.jpg', '1', '2016-01-11 10:16:56');
INSERT INTO `buildmag` VALUES ('G', '雅阁', '', '0', '0', '0', '0', '<br>', '1452478587734.jpg', '1', '2016-01-11 10:16:30');
INSERT INTO `buildmag` VALUES ('H', '佐伊楼', '', '0', '0', '0', '0', '<p><br></p><p align=\"left\">11112<img wangeditor_img_max_width_mark=\"1\" style=\"max-width: 100%;\" src=\"data:image/png;base64,iVBORw0KGgoAAAANSUhEUgAAABAAAAAQCAYAAAAf8/9hAAAABGdBTUEAAK/INwWK6QAAABl0RVh0U29mdHdhcmUAQWRvYmUgSW1hZ2VSZWFkeXHJZTwAAAFiSURBVBgZpcEhbpRRGIXh99x7IU0asGBJWEIdCLaAqcFiCArFCkjA0KRJF0EF26kkFbVVdEj6/985zJ0wBjfp8ygJD6G3n358fP3m5NvtJscJYBObchEHx6QKJ6SKsnn6eLm7urr5/PP76cU4eXVy/ujouD074hDHd5s6By7GZknb3P7mUH+WNLZGKnx595JDvf96zTQSM92vRYA4lMEEO5RNraHWUDH3FV48f0K5mAYJk5pQQpqIgixaE1JDKtRDd2OsYfJaTKNcTA2IBIIesMAOPdDUGYJSqGYml5lGHHYkSGhAJBBIkAoWREAT3Z3JLqZhF3uS2EloQCQ8xLBxoAEWO7aZxros7EgISIIkwlZCY6s1OlAJTWFal5VppMzUgbAlQcIkiT0DXSI2U2ymYZs9AWJL4n+df3pncsI0bn5dX344W05dhctUFbapZcE2ToiLVHBMbGymS7aUhIdoPNBf7Jjw/gQ77u4AAAAASUVORK5CYII=\" alt=\"\"></p><div><p></p></div>', '1452478561740.jpg', '1', '2016-01-11 10:16:06');
INSERT INTO `buildmag` VALUES ('I', 'I', '', '0', '0', '0', '0', '', 'I.jpg', '0', '2016-04-06 20:07:29');
INSERT INTO `buildmag` VALUES ('J', '姣姣者', '', '0', '0', '1', '0', '<p align=\"left\">111122222333331112222问问1112222啊啊啊12333<br></p>', '1452478703730.jpg', '1', '2016-04-20 09:09:13');
INSERT INTO `buildmag` VALUES ('K', 'K', '', '0', '0', '0', '0', '', 'K.jpg', '0', '2016-04-06 20:07:34');
INSERT INTO `buildmag` VALUES ('L', 'L', '', '0', '0', '0', '0', '', 'L.jpg', '0', '2016-04-06 20:09:29');

-- ----------------------------
-- Table structure for bystg_pay_crcs
-- ----------------------------
DROP TABLE IF EXISTS `bystg_pay_crcs`;
CREATE TABLE `bystg_pay_crcs` (
  `SELL_NO` int(11) NOT NULL COMMENT '销售ID',
  `PAYED_SUM` int(4) DEFAULT NULL COMMENT '付款期数',
  `UNPAY_SUM` int(4) DEFAULT NULL COMMENT '所缺期数',
  `PER_PRD_MON` double DEFAULT NULL COMMENT '每期金额',
  `FSDPD_PAY` double DEFAULT NULL COMMENT '首付',
  PRIMARY KEY (`SELL_NO`)
) ENGINE=InnoDB DEFAULT CHARSET=utf8 COMMENT='分期付款情况';

-- ----------------------------
-- Records of bystg_pay_crcs
-- ----------------------------
INSERT INTO `bystg_pay_crcs` VALUES ('24', '0', '240', '0.8500000000000001', null);
INSERT INTO `bystg_pay_crcs` VALUES ('25', '2', '238', '0.8312999999999999', '20');
INSERT INTO `bystg_pay_crcs` VALUES ('26', '1', '239', '33.32', '1960');
INSERT INTO `bystg_pay_crcs` VALUES ('27', '0', '240', '0', '0');
INSERT INTO `bystg_pay_crcs` VALUES ('28', '0', '0', '0', '1000000');
INSERT INTO `bystg_pay_crcs` VALUES ('33', '0', '240', '2.975', '300');
INSERT INTO `bystg_pay_crcs` VALUES ('34', '1', '239', '29155', '2940000');
INSERT INTO `bystg_pay_crcs` VALUES ('35', '0', '240', '33.32', '1960');

-- ----------------------------
-- Table structure for cusinfo
-- ----------------------------
DROP TABLE IF EXISTS `cusinfo`;
CREATE TABLE `cusinfo` (
  `CUS_NO` int(11) NOT NULL AUTO_INCREMENT COMMENT '客户号',
  `CUS_NM` varchar(20) DEFAULT NULL COMMENT '客户名',
  `CUS_ICD` varchar(20) DEFAULT NULL COMMENT '身份证',
  `CUS_TEL` varchar(20) DEFAULT NULL COMMENT '电话',
  `CUS_EMAIL` varchar(20) DEFAULT NULL COMMENT '邮箱',
  PRIMARY KEY (`CUS_NO`)
) ENGINE=InnoDB AUTO_INCREMENT=6 DEFAULT CHARSET=utf8;

-- ----------------------------
-- Records of cusinfo
-- ----------------------------
INSERT INTO `cusinfo` VALUES ('1', 'cwh', '441581111110102222', '13148958558', 'cwh.1010@qq.com');
INSERT INTO `cusinfo` VALUES ('2', 'qwe', '123456789123456789', '321123123321', 'cwh.1010@qq.com');
INSERT INTO `cusinfo` VALUES ('4', 'me', '441581199311111111', '13148955555', 'cwh.1010@qq.com');
INSERT INTO `cusinfo` VALUES ('5', 'aaa', '121212121221121212', '11111', 'cwh.1010@qq.com');

-- ----------------------------
-- Table structure for cuslikehos
-- ----------------------------
DROP TABLE IF EXISTS `cuslikehos`;
CREATE TABLE `cuslikehos` (
  `ID` int(11) NOT NULL AUTO_INCREMENT,
  `HOS_NO` varchar(255) NOT NULL COMMENT '房间号',
  `IP` varchar(255) NOT NULL COMMENT 'IP地址',
  PRIMARY KEY (`ID`),
  KEY `HOS_NO` (`HOS_NO`)
) ENGINE=InnoDB AUTO_INCREMENT=108 DEFAULT CHARSET=utf8;

-- ----------------------------
-- Records of cuslikehos
-- ----------------------------
INSERT INTO `cuslikehos` VALUES ('104', 'A0103', '127.0.0.1');
INSERT INTO `cuslikehos` VALUES ('105', 'C0102', '127.0.0.1');
INSERT INTO `cuslikehos` VALUES ('106', 'B0101', '127.0.0.1');
INSERT INTO `cuslikehos` VALUES ('107', 'D0107', '127.0.0.1');

-- ----------------------------
-- Table structure for hossellcrcs
-- ----------------------------
DROP TABLE IF EXISTS `hossellcrcs`;
CREATE TABLE `hossellcrcs` (
  `SEL_NO` int(11) NOT NULL AUTO_INCREMENT COMMENT '销售ID',
  `BLD_NO` varchar(20) DEFAULT NULL COMMENT '楼号',
  `HOS_NO` varchar(11) DEFAULT NULL COMMENT '房间号',
  `WRKR_NO` varchar(11) DEFAULT NULL COMMENT '员工号',
  `CUS_NO` int(11) DEFAULT NULL COMMENT '客户号',
  `HOS_PFT` double DEFAULT NULL COMMENT '利润',
  `TXN_DT` timestamp NULL DEFAULT CURRENT_TIMESTAMP ON UPDATE CURRENT_TIMESTAMP COMMENT '交易时间',
  `COMMENT` varchar(100) DEFAULT NULL COMMENT '备注',
  `PRD_SUM_ID` int(11) DEFAULT NULL COMMENT '分期数',
  `FSDPD_PAY` double DEFAULT NULL COMMENT '首付',
  PRIMARY KEY (`SEL_NO`),
  KEY `WRKR_NO` (`WRKR_NO`),
  KEY `CUS_NO` (`CUS_NO`),
  KEY `HOS_BLD_NO` (`HOS_NO`,`BLD_NO`),
  CONSTRAINT `CUS_NO` FOREIGN KEY (`CUS_NO`) REFERENCES `cusinfo` (`CUS_NO`) ON DELETE SET NULL,
  CONSTRAINT `HOS_BLD_NO` FOREIGN KEY (`HOS_NO`, `BLD_NO`) REFERENCES `housemag` (`HOS_NO`, `BLD_NO`) ON DELETE SET NULL,
  CONSTRAINT `WRKR_NO` FOREIGN KEY (`WRKR_NO`) REFERENCES `wrkrinfo` (`WRKR_NO`) ON DELETE SET NULL
) ENGINE=InnoDB AUTO_INCREMENT=36 DEFAULT CHARSET=utf8;

-- ----------------------------
-- Records of hossellcrcs
-- ----------------------------
INSERT INTO `hossellcrcs` VALUES ('1', 'A', 'A0103', '10001', '5', '7000', '2016-02-25 16:34:56', '', null, null);
INSERT INTO `hossellcrcs` VALUES ('2', 'A', 'A0102', '00000', '5', '10000', '2016-12-08 15:48:02', '', null, null);
INSERT INTO `hossellcrcs` VALUES ('3', 'I', 'I0102', '00000', '1', '7000', '2016-02-25 16:35:00', '', null, null);
INSERT INTO `hossellcrcs` VALUES ('4', 'I', 'I0103', '00000', '1', '7000', '2016-02-25 16:35:02', '', null, null);
INSERT INTO `hossellcrcs` VALUES ('5', 'I', 'I0105', '00000', '1', '7000', '2016-02-25 16:35:11', '', null, null);
INSERT INTO `hossellcrcs` VALUES ('6', 'H', 'H0105', '00000', '1', '-7000', '2016-01-08 20:15:26', '', null, null);
INSERT INTO `hossellcrcs` VALUES ('7', 'H', 'H0106', '00000', '1', '-7000', '2016-01-08 20:15:32', '', null, null);
INSERT INTO `hossellcrcs` VALUES ('8', 'G', 'G0107', '00000', '1', '-7000', '2016-01-08 20:15:45', '', null, null);
INSERT INTO `hossellcrcs` VALUES ('9', 'D', 'D0107', '00000', '1', '-7000', '2016-01-08 20:15:51', '', null, null);
INSERT INTO `hossellcrcs` VALUES ('10', 'H', 'H0107', '00000', '1', '-7000', '2016-02-01 20:21:20', '', null, null);
INSERT INTO `hossellcrcs` VALUES ('11', 'G', 'G0101', '00000', '1', '-7000', '2016-02-01 20:21:26', '', null, null);
INSERT INTO `hossellcrcs` VALUES ('12', 'G', 'G0102', '00000', '1', '-7000', '2016-02-01 20:21:35', '', null, null);
INSERT INTO `hossellcrcs` VALUES ('13', 'F', 'F0101', '00000', '1', '-7000', '2016-03-01 20:22:24', '', null, null);
INSERT INTO `hossellcrcs` VALUES ('14', 'C', 'C0102', '00000', '1', '-7000', '2016-03-01 20:22:30', '', null, null);
INSERT INTO `hossellcrcs` VALUES ('15', 'E', 'E0107', '00000', '1', '-7000', '2016-06-01 20:23:16', '', null, null);
INSERT INTO `hossellcrcs` VALUES ('16', 'D', 'D0103', '00000', '1', '-7000', '2016-06-01 20:23:20', '', null, null);
INSERT INTO `hossellcrcs` VALUES ('17', 'B', 'B0105', '00000', '1', '-7000', '2016-06-01 20:23:24', '', null, null);
INSERT INTO `hossellcrcs` VALUES ('18', 'D', 'D0106', '00000', '1', '7000', '2016-02-25 16:35:32', '', null, null);
INSERT INTO `hossellcrcs` VALUES ('19', 'C', 'C0103', '00000', '1', '-7000', '2016-06-01 20:23:34', '', null, null);
INSERT INTO `hossellcrcs` VALUES ('20', 'C', 'C0105', '00000', '4', '800', '2016-02-24 14:31:34', '', null, null);
INSERT INTO `hossellcrcs` VALUES ('21', 'I', 'I0102', '00000', '1', '800', '2016-02-29 17:08:26', '', '4', null);
INSERT INTO `hossellcrcs` VALUES ('22', 'B', 'B1003', '00000', '2', '0', '2016-03-01 09:03:26', '', '4', '20');
INSERT INTO `hossellcrcs` VALUES ('23', 'B', 'B0102', '00000', '4', '800', '2016-03-01 11:19:10', '', '4', '20');
INSERT INTO `hossellcrcs` VALUES ('24', 'B', 'B0103', '00000', '5', '800', '2016-03-01 11:32:19', '', '4', '20');
INSERT INTO `hossellcrcs` VALUES ('25', 'F', 'F0107', '00000', '5', '800', '2016-03-01 11:47:52', '', '4', '20');
INSERT INTO `hossellcrcs` VALUES ('26', 'F', 'F0102', '00000', '5', '800', '2016-03-01 12:27:40', '', '4', null);
INSERT INTO `hossellcrcs` VALUES ('27', 'B', 'B1001', '00000', '4', '0', '2016-03-04 10:35:13', '', '4', null);
INSERT INTO `hossellcrcs` VALUES ('33', 'A', 'A1001', '20003', '5', '914', '2016-04-22 16:47:11', '', '4', null);
INSERT INTO `hossellcrcs` VALUES ('34', 'A', 'A5001', '00000', '2', '9137200', '2016-04-23 08:43:08', '', '4', null);
INSERT INTO `hossellcrcs` VALUES ('35', 'A', 'A4003', '00000', '4', '9956.8', '2016-04-23 11:03:34', '', '4', null);

-- ----------------------------
-- Table structure for housemag
-- ----------------------------
DROP TABLE IF EXISTS `housemag`;
CREATE TABLE `housemag` (
  `HOS_NO` varchar(11) NOT NULL COMMENT '房间号',
  `BLD_NO` varchar(20) NOT NULL COMMENT '楼号',
  `HOS_AREA` double DEFAULT NULL COMMENT '房间面积',
  `HOS_TP` varchar(255) DEFAULT NULL COMMENT '户型',
  `COST_PCE` double DEFAULT NULL COMMENT '成本价',
  `SELL_PCE` double DEFAULT NULL COMMENT '销售价',
  `DSCNT_RATE` double DEFAULT NULL COMMENT '折扣率',
  `SELL_ST` int(11) DEFAULT '0' COMMENT '销售状态',
  `HOS_INTRO` mediumtext COMMENT '简介',
  `HOS_IMG` varchar(1000) DEFAULT NULL COMMENT '图片地址',
  `IS_RECMD` int(11) DEFAULT '0' COMMENT '是否推荐',
  `CREATE_DATE` timestamp NULL DEFAULT CURRENT_TIMESTAMP ON UPDATE CURRENT_TIMESTAMP COMMENT '创建时间',
  PRIMARY KEY (`HOS_NO`,`BLD_NO`),
  KEY `HOS_NO` (`HOS_NO`)
) ENGINE=InnoDB DEFAULT CHARSET=utf8;

-- ----------------------------
-- Records of housemag
-- ----------------------------
INSERT INTO `housemag` VALUES ('A0101', 'A', '100', '一厅三房两卫', '100000', '120000', '1', '0', '<p><br></p>一厅三房两卫', 'art_1.jpg', '1', '2016-01-09 21:39:19');
INSERT INTO `housemag` VALUES ('A0102', 'A', '50', '一房一厅', '90000', '100000', '0', '1', '一房一厅<br><p align=\"left\">A0102</p><p align=\"left\"><img wangeditor_img_max_width_mark=\"1\" style=\"max-width: 100%;\" src=\"data:image/jpeg;base64,/9j/4AAQSkZJRgABAgEASABIAAD/4REcRXhpZgAATU0AKgAAAAgABwESAAMAAAABAAEAAAEaAAUAAAABAAAAYgEbAAUAAAABAAAAagEoAAMAAAABAAIAAAExAAIAAAAcAAAAcgEyAAIAAAAUAAAAjodpAAQAAAABAAAApAAAANAACvyAAAAnEAAK/IAAACcQQWRvYmUgUGhvdG9zaG9wIENTMyBXaW5kb3dzADIwMTU6MDQ6MDggMTc6MzQ6NTIAAAAAA6ABAAMAAAABAAEAAKACAAQAAAABAAABcqADAAQAAAABAAABBAAAAAAAAAAGAQMAAwAAAAEABgAAARoABQAAAAEAAAEeARsABQAAAAEAAAEmASgAAwAAAAEAAgAAAgEABAAAAAEAAAEuAgIABAAAAAEAAA/mAAAAAAAAAEgAAAABAAAASAAAAAH/2P/gABBKRklGAAECAABIAEgAAP/tAAxBZG9iZV9DTQAB/+4ADkFkb2JlAGSAAAAAAf/bAIQADAgICAkIDAkJDBELCgsRFQ8MDA8VGBMTFRMTGBEMDAwMDAwRDAwMDAwMDAwMDAwMDAwMDAwMDAwMDAwMDAwMDAENCwsNDg0QDg4QFA4ODhQUDg4ODhQRDAwMDAwREQwMDAwMDBEMDAwMDAwMDAwMDAwMDAwMDAwMDAwMDAwMDAwM/8AAEQgAcACgAwEiAAIRAQMRAf/dAAQACv/EAT8AAAEFAQEBAQEBAAAAAAAAAAMAAQIEBQYHCAkKCwEAAQUBAQEBAQEAAAAAAAAAAQACAwQFBgcICQoLEAABBAEDAgQCBQcGCAUDDDMBAAIRAwQhEjEFQVFhEyJxgTIGFJGhsUIjJBVSwWIzNHKC0UMHJZJT8OHxY3M1FqKygyZEk1RkRcKjdDYX0lXiZfKzhMPTdePzRieUpIW0lcTU5PSltcXV5fVWZnaGlqa2xtbm9jdHV2d3h5ent8fX5/cRAAICAQIEBAMEBQYHBwYFNQEAAhEDITESBEFRYXEiEwUygZEUobFCI8FS0fAzJGLhcoKSQ1MVY3M08SUGFqKygwcmNcLSRJNUoxdkRVU2dGXi8rOEw9N14/NGlKSFtJXE1OT0pbXF1eX1VmZ2hpamtsbW5vYnN0dXZ3eHl6e3x//aAAwDAQACEQMRAD8A6kKbUDHvqe4H6YH0mTB7c/nIwcOyAXFK1TAQmuKl6oHGqKEug1UXWAeSEXOKG7mO/wDfx+RJS2TnGqtzmgSASJVX1sixrTba524AkTA1/kt2tSyanWe0d9EMPkMGvAH3BBIDu4GuHV5Aj/pOVkKn01/6q0eBP8FbTkMk6YJwkhkE4TBOEVLhSCYJwipdKEk4SUqEk6UIKf/Q16GA5NR5IdofkVpiByslziGktJBEEEaEK3hZXrex/wDPATP7w/e/rfvKLFIbeLLkid23qfh4JwERjZCl6YUzEwCcslJ0N+Pghuc8+Q8ECkLnY0iNTPAWTW8FzB4/3Kd+X1WnIc1mPWag8ip7vzm/mOdFo+l/VQMfHym2Nc9oA1iHTqfFMs9iuAHcPQdO/mB/WP5Gq8FmdPsvbc3HeG7C1zpbJIOm3e/6LNy0wpAtZJwmThFC4UgohOElMwnTBSCSlJwmUgkpQUoTBSSS/wD/0dB11bhtEhx4a5rgdOeRt/6SZpIgiQRBBHII8FR+rbbMnqWVjEC39dsqrqsca2BjQ/ZULKWvfUzT2ba10WV0p2K3fdiWtadQaLxY0CY95yMbH2/2rFDwUaBZfcFapun5rL27X6XN+k0d/wDhGf8AflbduI00CrUdItxshlhY8h25ga51QJJ/N3Ne7w/dWiaHMADmljo1bMx5bh7VNEkjViJjejTLFHarD2kIaRCmPose3a8SEq8Foj9I4wZHtais1VXqnVLOmuxK6cN2ddmvfXXW2xtRBY1r/pPZY12/f/ISpNt9mOGua7c47eAY/gEcBYrOs9ceGlv1fuIdG0/aa41+FaIeq9fGg+r9rv6uTWfl7qmJcQ7j7UW66SzeldXyM/JzcXJwnYF+D6XqVutbaT6we9v82xjW+yvd+f8Azi0NyKmYUghhykHIqSBSCG1ymCkpmFIKIUgglcKQCYKQSU//0rf1exfQ67U02ndm5DrRsrFRYXV3OdBEus/r2/8AXN67G6yjOxqaLbmnLdUH+m1wB9Q17voTu97XvcvP+hZlrevdOsa12S9j3H06yXW2ucy3dtffXh4n573v321s9NdoxnSumHDxRczGysXGrxazdfS270a9gqead/ou9b0fTe70mPUZjKVcNaHr/KKTXV1K3sONTaXNYwta/QxrG5zNv0W/+fEa1gLdzjzwszBvsY+3Jy8MYFEE1XZN9O0tJ9rduNZez6P57nfzf/XEn/WHpDwRRn4nqMeC5rLAQ4ARtc7Z+d/pGKQDhNk+H0YxE9k1jWEBzSC06AyIJHgq5bJ01+GqwrstwuNVNmJ9mY6u5t7slu6y2r1bq2ejtd6OK/IfT6j/AOk+lXf/AD/rV+mJuSbumGi6+jGuDmNa1uTWJY01vfZvw9jK/wDC7Mer/B/ov5aRludPtZIx1ANj6PR1vq9X0i9ot2h/pkgO2klos2fS9NzmPbvVbrWOH5PRnESG5pB/t1x/31YGNgYn7Uyb6smvJfkYj8b3WtDRUNuR6rq7rsm5vp3Nt9Wz1fR/4KpXs36w4d+Jimi/FxsjFtZfScq9hqeA19PtdhfaLPpfyK67/wDBXf4RKJ4rBFDzVKNDQ39HprKN0WCWFu0vHYuaPZ7P3f6iReKrxW0gtaPftEuEiWe76P6X3LEyeq9a6ph2N6NkYgyK2teGQ5zy5zG2uxLatt1TWfpNlr/X/Rfo/X2eoq3RW/X4UNyeoem+0h3+TnV00VN2uLf0mTU6zI9Z9bP0T66n47PU/wC1CinAcQN6S7AkrOA0T1De6cR+3frBc+GA2YocSYADKX7iXH81XjlYX/cmj/t6v/yawbTnu+rf1i6nm4bsB+dRY8YtjvUexraX0/pjsqb+k3bvT9+yv+dR2/V/oVOBTcOjYd9np1tLX0s3b9jH/pP0e6x9j/8ApvUkpcIAq03Q1dX7ZgTH2ugHw9ar/wAmp15GNa/ZTkVWPgnYyxjnQOTtre5yw8roHT7LfszOlYlNbnzj2NprLiNrnagzSxu71HVV+r/NV/zKD0fBxcb64ZjMfGqxvsXT62PZUwMaLLntc+IG73MZ9J/veiDeyBKzVF6gByI3d4IbNzjAE/BFbIMEEFFczBUwUwD/AN0/clZZXSw23ObVW36T3kNaO3ue72pbaqSBSCqU9R6ffcMejJptuLfUFbHtc4s/0m1p+irXCAIOxtL/AP/T5r6s5tuRkYjsk/aHOutDhZO1wFftY70yx2xv/Brs68zIrLnY/pYe/wCkMSllJMafzzWvyf8AwdcV0e1z+sYoGranH2tENY0ts/MYNlTN711nqQFHO73ZIURsjy3zuutJss/fsJe7/Ps3uXP5PUc3HygaNha9w1cHbhMNd9F7dy0eoZOpaDoFjW2MNzNzgPcPpEAaHdy74JgGrIdnWPVM9gO70yBySHdv+uLX6H0vr3V9t1jWYXT3a/aHtebLB/3Ux3We/d/3Iu/V/wDR/aFe+q/S+m5OM3qltQy3Gx7aQ4tdS30zt3iv6Ntu/wD0v83/AINi6r13kyWEk95H96l9vwY+Pxca/wCqNN7fROWWYkCcX0w9tjmkWMuzLbXGzKsa5v0P0WKxn6OrGr/wgrPqJXZmjJrzzU71BY3bSNxeA39Jbd6ge5+9v6L0/Sx6f+4/0/U6AWu/cP3j+9Tbc8EHYdDPI/vThClpk1/q79XWdEpfW677VY57y24sFbg159RzX7Cd9jn/AM5b/hNlLP8AArW0E+SAM2z/AEX/AEgmOQ8mdkf2giYlbarGtcbGOALHaFpEggiCC0/vLG65g5fp02YQeWsO2xtTWPe2oDRjGZF2NV6W5v7+/wD75sbySTt58wluP7v4hIxvcI0LzNtnU7WtYcbL/SWsdfZYMZp2tcHPbU6jO9Sn2/u++v8AM/cRem4NWH1HqOZvdccz0AWkw5jaWvrDWWR+lY76fvbW9aGbk9NxLhXe4VOc0P27XuEEubP6Njm/mKhj5mM/Kc0PaJa4uY+Ww0S7Vzw1nsZ+k/kIVWyQ6rLGmfs73b41rMbiP5LPzv8ArSxvrLgfWfqDKP2PnHGxqg43tpsi99hIaz6Bq/QY9O9/p+v/ADv/AGn+gtLZQXjcG2sEyw7Zkhrf+htVMvx9zjbkXtDLHNt03EavbRtcW77N2z3te+zYieytHj6+g/WZt94o6rkBgYLLLmXZAe9waJ3YlbrLbvpbPW3/AM1+Yo/81frJ1dzq8jPbl20NbvqssyXFrQf0bfVyKqsfb6m/871tlj13DXUW49oi6xxBdTbqxweN7R72mv2fzP0v0f00IWh5ZWLrbSJ3+oWkDw2bB/nKMw1Hbsmo1sbcTC+pXU2Bl+RmMqzGuP8ANEENaQa3PbYdj/XfW7Z9H0f5r1fXXT9C6MemuuLb3FlkAV/mQ36Gk7WuZ/wWz1Pp2KVQCFdlGnNdNbLK9rWzvEt26uHpe76T3oDBjjISEakOtlAAf//UBX6dLBVS1tVQIhjAGjnvtSuyA1pJMADXsAqeRlsr0J1nt2j3nef9XrDy+o5GadlUsr5ng/hu2f8Anz/hFEBbNYCTqXVWB7mV+950hZLvUseLLSS6ZA7BWBTWzRok9yoPEHw/IiNEGy+s/Udmz6qdPP8ApBdb/n33x/0Qt5qyPquz0vq10hn/AHTqd/nj1v8A0atYFTgaMRSgqQKECpgooSAqQKGCpAooZynlQlPKNKc7q/S7s61ttQJDK9joIEQXP7/1lgNDK+oZjMgmsUMeLw7hoe6pvb96mxdtS0WV21nhwg/MQuL68xmN1TLJta85teK/aJ3AMEXbvzff6NTmpp66bKH5uc+51rg/QueHOcBH0nPe7X/OVzItfXhYwa6a8ixz5H7jGBtH/S+0rFtt+zMdeWl20uaS3xAYGz/mKx1HqOMzqTMOq0fY8VjMcPEFjn1sO+xj/wB31Lrvo/zvqJi50PX2Nmx0FoDnl2um3dc7+y5WsTLcyn1tjXuFj2ObJaIadreJWBk9XoD76nh254sZW4DQ7i/Z/wBB1a0un5mPkYz/AEzO68jwgu3WNmf3msS0S7I628Mc5uOzc3SHPdG6N7G/RH05agerY/ILt0sc6SDrM6u+l7lm5LrDiWtpJrtfdsY8GCHEtLLG/wBhivY1m/GquiN1bXH/ADfckp//1eKc63JsFthns0EcDwY3/BqYYAA0DRPJ+9TamMim07jHHyV/qH1X6jidNr6jbUGVXSGzO8QNC9ke3ct36i9Gozcx2Tl604/5p4LvP+S1dP8AX62odKpqrj3Oc2GxABH/AEVJGArXqsM9aDY6fWKOn4dH+hxqK/8ANqrarIKCfa4t/d9v3e1TDk8BaSmBUw5BBUgUaQmDlIFBBUgUUJQVIFCBUgUVL29Tx+ntD7522mAWidWjcfyrhOu9VrzslmRSADXQysg8ktO07vv9i6D63PLOn0PEiLyJ+Nbz/wB8XDvrFjnAkgkQO/mmSIGnddEdWxj5tLg+m+Gh5Op+iZ/NKj9kxbz6l06mNPAe3/vqp+m2SHOdI7RH96lvGwASYJ1Gog66fco1zfpq6WKBXYySTuLtSQ7v/VRqmdJrqspG8Cx1dmknWv1G8/1b1jPeWnkieIP96kx79sg+6Yg8QO3+ckl3m5OO+9lTHgVtZLN06PDTW3/oobuo5FFTseCA0Oqc4askl30f7L2rJD3uEkat5R6sq8bq2PIY4+8cg/5yVqf/2f/tFkxQaG90b3Nob3AgMy4wADhCSU0EJQAAAAAAEAAAAAAAAAAAAAAAAAAAAAA4QklNBC8AAAAAAEqkAQEASAAAAEgAAAAAAAAAAAAAANACAABAAgAAAAAAAAAAAAAYAwAAZAIAAAABwAMAALAEAAABAA8nAQBsbHVuAAAAAAAAAAAAADhCSU0D7QAAAAAAEABIAAAAAQABAEgAAAABAAE4QklNBCYAAAAAAA4AAAAAAAAAAAAAP4AAADhCSU0EDQAAAAAABAAAAHg4QklNBBkAAAAAAAQAAAAeOEJJTQPzAAAAAAAJAAAAAAAAAAABADhCSU0ECgAAAAAAAQAAOEJJTScQAAAAAAAKAAEAAAAAAAAAAjhCSU0D9QAAAAAASAAvZmYAAQBsZmYABgAAAAAAAQAvZmYAAQChmZoABgAAAAAAAQAyAAAAAQBaAAAABgAAAAAAAQA1AAAAAQAtAAAABgAAAAAAAThCSU0D+AAAAAAAcAAA/////////////////////////////wPoAAAAAP////////////////////////////8D6AAAAAD/////////////////////////////A+gAAAAA/////////////////////////////wPoAAA4QklNBAAAAAAAAAIAADhCSU0EAgAAAAAAAgAAOEJJTQQwAAAAAAABAQA4QklNBC0AAAAAAAYAAQAAAAI4QklNBAgAAAAAABAAAAABAAACQAAAAkAAAAAAOEJJTQQeAAAAAAAEAAAAADhCSU0EGgAAAAADSQAAAAYAAAAAAAAAAAAAAQQAAAFyAAAACgBVAG4AdABpAHQAbABlAGQALQAxAAAAAQAAAAAAAAAAAAAAAAAAAAAAAAABAAAAAAAAAAAAAAFyAAABBAAAAAAAAAAAAAAAAAAAAAABAAAAAAAAAAAAAAAAAAAAAAAAABAAAAABAAAAAAAAbnVsbAAAAAIAAAAGYm91bmRzT2JqYwAAAAEAAAAAAABSY3QxAAAABAAAAABUb3AgbG9uZwAAAAAAAAAATGVmdGxvbmcAAAAAAAAAAEJ0b21sb25nAAABBAAAAABSZ2h0bG9uZwAAAXIAAAAGc2xpY2VzVmxMcwAAAAFPYmpjAAAAAQAAAAAABXNsaWNlAAAAEgAAAAdzbGljZUlEbG9uZwAAAAAAAAAHZ3JvdXBJRGxvbmcAAAAAAAAABm9yaWdpbmVudW0AAAAMRVNsaWNlT3JpZ2luAAAADWF1dG9HZW5lcmF0ZWQAAAAAVHlwZWVudW0AAAAKRVNsaWNlVHlwZQAAAABJbWcgAAAABmJvdW5kc09iamMAAAABAAAAAAAAUmN0MQAAAAQAAAAAVG9wIGxvbmcAAAAAAAAAAExlZnRsb25nAAAAAAAAAABCdG9tbG9uZwAAAQQAAAAAUmdodGxvbmcAAAFyAAAAA3VybFRFWFQAAAABAAAAAAAAbnVsbFRFWFQAAAABAAAAAAAATXNnZVRFWFQAAAABAAAAAAAGYWx0VGFnVEVYVAAAAAEAAAAAAA5jZWxsVGV4dElzSFRNTGJvb2wBAAAACGNlbGxUZXh0VEVYVAAAAAEAAAAAAAlob3J6QWxpZ25lbnVtAAAAD0VTbGljZUhvcnpBbGlnbgAAAAdkZWZhdWx0AAAACXZlcnRBbGlnbmVudW0AAAAPRVNsaWNlVmVydEFsaWduAAAAB2RlZmF1bHQAAAALYmdDb2xvclR5cGVlbnVtAAAAEUVTbGljZUJHQ29sb3JUeXBlAAAAAE5vbmUAAAAJdG9wT3V0c2V0bG9uZwAAAAAAAAAKbGVmdE91dHNldGxvbmcAAAAAAAAADGJvdHRvbU91dHNldGxvbmcAAAAAAAAAC3JpZ2h0T3V0c2V0bG9uZwAAAAAAOEJJTQQoAAAAAAAMAAAAAT/wAAAAAAAAOEJJTQQUAAAAAAAEAAAAAzhCSU0EDAAAAAAQAgAAAAEAAACgAAAAcAAAAeAAANIAAAAP5gAYAAH/2P/gABBKRklGAAECAABIAEgAAP/tAAxBZG9iZV9DTQAB/+4ADkFkb2JlAGSAAAAAAf/bAIQADAgICAkIDAkJDBELCgsRFQ8MDA8VGBMTFRMTGBEMDAwMDAwRDAwMDAwMDAwMDAwMDAwMDAwMDAwMDAwMDAwMDAENCwsNDg0QDg4QFA4ODhQUDg4ODhQRDAwMDAwREQwMDAwMDBEMDAwMDAwMDAwMDAwMDAwMDAwMDAwMDAwMDAwM/8AAEQgAcACgAwEiAAIRAQMRAf/dAAQACv/EAT8AAAEFAQEBAQEBAAAAAAAAAAMAAQIEBQYHCAkKCwEAAQUBAQEBAQEAAAAAAAAAAQACAwQFBgcICQoLEAABBAEDAgQCBQcGCAUDDDMBAAIRAwQhEjEFQVFhEyJxgTIGFJGhsUIjJBVSwWIzNHKC0UMHJZJT8OHxY3M1FqKygyZEk1RkRcKjdDYX0lXiZfKzhMPTdePzRieUpIW0lcTU5PSltcXV5fVWZnaGlqa2xtbm9jdHV2d3h5ent8fX5/cRAAICAQIEBAMEBQYHBwYFNQEAAhEDITESBEFRYXEiEwUygZEUobFCI8FS0fAzJGLhcoKSQ1MVY3M08SUGFqKygwcmNcLSRJNUoxdkRVU2dGXi8rOEw9N14/NGlKSFtJXE1OT0pbXF1eX1VmZ2hpamtsbW5vYnN0dXZ3eHl6e3x//aAAwDAQACEQMRAD8A6kKbUDHvqe4H6YH0mTB7c/nIwcOyAXFK1TAQmuKl6oHGqKEug1UXWAeSEXOKG7mO/wDfx+RJS2TnGqtzmgSASJVX1sixrTba524AkTA1/kt2tSyanWe0d9EMPkMGvAH3BBIDu4GuHV5Aj/pOVkKn01/6q0eBP8FbTkMk6YJwkhkE4TBOEVLhSCYJwipdKEk4SUqEk6UIKf/Q16GA5NR5IdofkVpiByslziGktJBEEEaEK3hZXrex/wDPATP7w/e/rfvKLFIbeLLkid23qfh4JwERjZCl6YUzEwCcslJ0N+Pghuc8+Q8ECkLnY0iNTPAWTW8FzB4/3Kd+X1WnIc1mPWag8ip7vzm/mOdFo+l/VQMfHym2Nc9oA1iHTqfFMs9iuAHcPQdO/mB/WP5Gq8FmdPsvbc3HeG7C1zpbJIOm3e/6LNy0wpAtZJwmThFC4UgohOElMwnTBSCSlJwmUgkpQUoTBSSS/wD/0dB11bhtEhx4a5rgdOeRt/6SZpIgiQRBBHII8FR+rbbMnqWVjEC39dsqrqsca2BjQ/ZULKWvfUzT2ba10WV0p2K3fdiWtadQaLxY0CY95yMbH2/2rFDwUaBZfcFapun5rL27X6XN+k0d/wDhGf8AflbduI00CrUdItxshlhY8h25ga51QJJ/N3Ne7w/dWiaHMADmljo1bMx5bh7VNEkjViJjejTLFHarD2kIaRCmPose3a8SEq8Foj9I4wZHtais1VXqnVLOmuxK6cN2ddmvfXXW2xtRBY1r/pPZY12/f/ISpNt9mOGua7c47eAY/gEcBYrOs9ceGlv1fuIdG0/aa41+FaIeq9fGg+r9rv6uTWfl7qmJcQ7j7UW66SzeldXyM/JzcXJwnYF+D6XqVutbaT6we9v82xjW+yvd+f8Azi0NyKmYUghhykHIqSBSCG1ymCkpmFIKIUgglcKQCYKQSU//0rf1exfQ67U02ndm5DrRsrFRYXV3OdBEus/r2/8AXN67G6yjOxqaLbmnLdUH+m1wB9Q17voTu97XvcvP+hZlrevdOsa12S9j3H06yXW2ucy3dtffXh4n573v321s9NdoxnSumHDxRczGysXGrxazdfS270a9gqead/ou9b0fTe70mPUZjKVcNaHr/KKTXV1K3sONTaXNYwta/QxrG5zNv0W/+fEa1gLdzjzwszBvsY+3Jy8MYFEE1XZN9O0tJ9rduNZez6P57nfzf/XEn/WHpDwRRn4nqMeC5rLAQ4ARtc7Z+d/pGKQDhNk+H0YxE9k1jWEBzSC06AyIJHgq5bJ01+GqwrstwuNVNmJ9mY6u5t7slu6y2r1bq2ejtd6OK/IfT6j/AOk+lXf/AD/rV+mJuSbumGi6+jGuDmNa1uTWJY01vfZvw9jK/wDC7Mer/B/ov5aRludPtZIx1ANj6PR1vq9X0i9ot2h/pkgO2klos2fS9NzmPbvVbrWOH5PRnESG5pB/t1x/31YGNgYn7Uyb6smvJfkYj8b3WtDRUNuR6rq7rsm5vp3Nt9Wz1fR/4KpXs36w4d+Jimi/FxsjFtZfScq9hqeA19PtdhfaLPpfyK67/wDBXf4RKJ4rBFDzVKNDQ39HprKN0WCWFu0vHYuaPZ7P3f6iReKrxW0gtaPftEuEiWe76P6X3LEyeq9a6ph2N6NkYgyK2teGQ5zy5zG2uxLatt1TWfpNlr/X/Rfo/X2eoq3RW/X4UNyeoem+0h3+TnV00VN2uLf0mTU6zI9Z9bP0T66n47PU/wC1CinAcQN6S7AkrOA0T1De6cR+3frBc+GA2YocSYADKX7iXH81XjlYX/cmj/t6v/yawbTnu+rf1i6nm4bsB+dRY8YtjvUexraX0/pjsqb+k3bvT9+yv+dR2/V/oVOBTcOjYd9np1tLX0s3b9jH/pP0e6x9j/8ApvUkpcIAq03Q1dX7ZgTH2ugHw9ar/wAmp15GNa/ZTkVWPgnYyxjnQOTtre5yw8roHT7LfszOlYlNbnzj2NprLiNrnagzSxu71HVV+r/NV/zKD0fBxcb64ZjMfGqxvsXT62PZUwMaLLntc+IG73MZ9J/veiDeyBKzVF6gByI3d4IbNzjAE/BFbIMEEFFczBUwUwD/AN0/clZZXSw23ObVW36T3kNaO3ue72pbaqSBSCqU9R6ffcMejJptuLfUFbHtc4s/0m1p+irXCAIOxtL/AP/T5r6s5tuRkYjsk/aHOutDhZO1wFftY70yx2xv/Brs68zIrLnY/pYe/wCkMSllJMafzzWvyf8AwdcV0e1z+sYoGranH2tENY0ts/MYNlTN711nqQFHO73ZIURsjy3zuutJss/fsJe7/Ps3uXP5PUc3HygaNha9w1cHbhMNd9F7dy0eoZOpaDoFjW2MNzNzgPcPpEAaHdy74JgGrIdnWPVM9gO70yBySHdv+uLX6H0vr3V9t1jWYXT3a/aHtebLB/3Ux3We/d/3Iu/V/wDR/aFe+q/S+m5OM3qltQy3Gx7aQ4tdS30zt3iv6Ntu/wD0v83/AINi6r13kyWEk95H96l9vwY+Pxca/wCqNN7fROWWYkCcX0w9tjmkWMuzLbXGzKsa5v0P0WKxn6OrGr/wgrPqJXZmjJrzzU71BY3bSNxeA39Jbd6ge5+9v6L0/Sx6f+4/0/U6AWu/cP3j+9Tbc8EHYdDPI/vThClpk1/q79XWdEpfW677VY57y24sFbg159RzX7Cd9jn/AM5b/hNlLP8AArW0E+SAM2z/AEX/AEgmOQ8mdkf2giYlbarGtcbGOALHaFpEggiCC0/vLG65g5fp02YQeWsO2xtTWPe2oDRjGZF2NV6W5v7+/wD75sbySTt58wluP7v4hIxvcI0LzNtnU7WtYcbL/SWsdfZYMZp2tcHPbU6jO9Sn2/u++v8AM/cRem4NWH1HqOZvdccz0AWkw5jaWvrDWWR+lY76fvbW9aGbk9NxLhXe4VOc0P27XuEEubP6Njm/mKhj5mM/Kc0PaJa4uY+Ww0S7Vzw1nsZ+k/kIVWyQ6rLGmfs73b41rMbiP5LPzv8ArSxvrLgfWfqDKP2PnHGxqg43tpsi99hIaz6Bq/QY9O9/p+v/ADv/AGn+gtLZQXjcG2sEyw7Zkhrf+htVMvx9zjbkXtDLHNt03EavbRtcW77N2z3te+zYieytHj6+g/WZt94o6rkBgYLLLmXZAe9waJ3YlbrLbvpbPW3/AM1+Yo/81frJ1dzq8jPbl20NbvqssyXFrQf0bfVyKqsfb6m/871tlj13DXUW49oi6xxBdTbqxweN7R72mv2fzP0v0f00IWh5ZWLrbSJ3+oWkDw2bB/nKMw1Hbsmo1sbcTC+pXU2Bl+RmMqzGuP8ANEENaQa3PbYdj/XfW7Z9H0f5r1fXXT9C6MemuuLb3FlkAV/mQ36Gk7WuZ/wWz1Pp2KVQCFdlGnNdNbLK9rWzvEt26uHpe76T3oDBjjISEakOtlAAf//UBX6dLBVS1tVQIhjAGjnvtSuyA1pJMADXsAqeRlsr0J1nt2j3nef9XrDy+o5GadlUsr5ng/hu2f8Anz/hFEBbNYCTqXVWB7mV+950hZLvUseLLSS6ZA7BWBTWzRok9yoPEHw/IiNEGy+s/Udmz6qdPP8ApBdb/n33x/0Qt5qyPquz0vq10hn/AHTqd/nj1v8A0atYFTgaMRSgqQKECpgooSAqQKGCpAooZynlQlPKNKc7q/S7s61ttQJDK9joIEQXP7/1lgNDK+oZjMgmsUMeLw7hoe6pvb96mxdtS0WV21nhwg/MQuL68xmN1TLJta85teK/aJ3AMEXbvzff6NTmpp66bKH5uc+51rg/QueHOcBH0nPe7X/OVzItfXhYwa6a8ixz5H7jGBtH/S+0rFtt+zMdeWl20uaS3xAYGz/mKx1HqOMzqTMOq0fY8VjMcPEFjn1sO+xj/wB31Lrvo/zvqJi50PX2Nmx0FoDnl2um3dc7+y5WsTLcyn1tjXuFj2ObJaIadreJWBk9XoD76nh254sZW4DQ7i/Z/wBB1a0un5mPkYz/AEzO68jwgu3WNmf3msS0S7I628Mc5uOzc3SHPdG6N7G/RH05agerY/ILt0sc6SDrM6u+l7lm5LrDiWtpJrtfdsY8GCHEtLLG/wBhivY1m/GquiN1bXH/ADfckp//1eKc63JsFthns0EcDwY3/BqYYAA0DRPJ+9TamMim07jHHyV/qH1X6jidNr6jbUGVXSGzO8QNC9ke3ct36i9Gozcx2Tl604/5p4LvP+S1dP8AX62odKpqrj3Oc2GxABH/AEVJGArXqsM9aDY6fWKOn4dH+hxqK/8ANqrarIKCfa4t/d9v3e1TDk8BaSmBUw5BBUgUaQmDlIFBBUgUUJQVIFCBUgUVL29Tx+ntD7522mAWidWjcfyrhOu9VrzslmRSADXQysg8ktO07vv9i6D63PLOn0PEiLyJ+Nbz/wB8XDvrFjnAkgkQO/mmSIGnddEdWxj5tLg+m+Gh5Op+iZ/NKj9kxbz6l06mNPAe3/vqp+m2SHOdI7RH96lvGwASYJ1Gog66fco1zfpq6WKBXYySTuLtSQ7v/VRqmdJrqspG8Cx1dmknWv1G8/1b1jPeWnkieIP96kx79sg+6Yg8QO3+ckl3m5OO+9lTHgVtZLN06PDTW3/oobuo5FFTseCA0Oqc4askl30f7L2rJD3uEkat5R6sq8bq2PIY4+8cg/5yVqf/2ThCSU0EIQAAAAAAVQAAAAEBAAAADwBBAGQAbwBiAGUAIABQAGgAbwB0AG8AcwBoAG8AcAAAABMAQQBkAG8AYgBlACAAUABoAG8AdABvAHMAaABvAHAAIABDAFMAMwAAAAEAOEJJTQQGAAAAAAAHAAUAAAABAQD/4Q/OaHR0cDovL25zLmFkb2JlLmNvbS94YXAvMS4wLwA8P3hwYWNrZXQgYmVnaW49Iu+7vyIgaWQ9Ilc1TTBNcENlaGlIenJlU3pOVGN6a2M5ZCI/PiA8eDp4bXBtZXRhIHhtbG5zOng9ImFkb2JlOm5zOm1ldGEvIiB4OnhtcHRrPSJBZG9iZSBYTVAgQ29yZSA0LjEtYzAzNiA0Ni4yNzY3MjAsIE1vbiBGZWIgMTkgMjAwNyAyMjo0MDowOCAgICAgICAgIj4gPHJkZjpSREYgeG1sbnM6cmRmPSJodHRwOi8vd3d3LnczLm9yZy8xOTk5LzAyLzIyLXJkZi1zeW50YXgtbnMjIj4gPHJkZjpEZXNjcmlwdGlvbiByZGY6YWJvdXQ9IiIgeG1sbnM6ZGM9Imh0dHA6Ly9wdXJsLm9yZy9kYy9lbGVtZW50cy8xLjEvIiB4bWxuczp4YXA9Imh0dHA6Ly9ucy5hZG9iZS5jb20veGFwLzEuMC8iIHhtbG5zOnhhcE1NPSJodHRwOi8vbnMuYWRvYmUuY29tL3hhcC8xLjAvbW0vIiB4bWxuczpzdFJlZj0iaHR0cDovL25zLmFkb2JlLmNvbS94YXAvMS4wL3NUeXBlL1Jlc291cmNlUmVmIyIgeG1sbnM6cGhvdG9zaG9wPSJodHRwOi8vbnMuYWRvYmUuY29tL3Bob3Rvc2hvcC8xLjAvIiB4bWxuczp0aWZmPSJodHRwOi8vbnMuYWRvYmUuY29tL3RpZmYvMS4wLyIgeG1sbnM6ZXhpZj0iaHR0cDovL25zLmFkb2JlLmNvbS9leGlmLzEuMC8iIGRjOmZvcm1hdD0iaW1hZ2UvanBlZyIgeGFwOkNyZWF0b3JUb29sPSJBZG9iZSBQaG90b3Nob3AgQ1MzIFdpbmRvd3MiIHhhcDpDcmVhdGVEYXRlPSIyMDE1LTA0LTA4VDE3OjM0OjUyKzA1OjMwIiB4YXA6TW9kaWZ5RGF0ZT0iMjAxNS0wNC0wOFQxNzozNDo1MiswNTozMCIgeGFwOk1ldGFkYXRhRGF0ZT0iMjAxNS0wNC0wOFQxNzozNDo1MiswNTozMCIgeGFwTU06RG9jdW1lbnRJRD0idXVpZDo1QjM0QjVDOUU2RERFNDExODZGRURGODExMzQxQ0U3NCIgeGFwTU06SW5zdGFuY2VJRD0idXVpZDo1QzM0QjVDOUU2RERFNDExODZGRURGODExMzQxQ0U3NCIgcGhvdG9zaG9wOkNvbG9yTW9kZT0iMyIgcGhvdG9zaG9wOklDQ1Byb2ZpbGU9InNSR0IgSUVDNjE5NjYtMi4xIiBwaG90b3Nob3A6SGlzdG9yeT0iIiB0aWZmOk9yaWVudGF0aW9uPSIxIiB0aWZmOlhSZXNvbHV0aW9uPSI3MjAwMDAvMTAwMDAiIHRpZmY6WVJlc29sdXRpb249IjcyMDAwMC8xMDAwMCIgdGlmZjpSZXNvbHV0aW9uVW5pdD0iMiIgdGlmZjpOYXRpdmVEaWdlc3Q9IjI1NiwyNTcsMjU4LDI1OSwyNjIsMjc0LDI3NywyODQsNTMwLDUzMSwyODIsMjgzLDI5NiwzMDEsMzE4LDMxOSw1MjksNTMyLDMwNiwyNzAsMjcxLDI3MiwzMDUsMzE1LDMzNDMyOzk1NUE4NDcyODc1OTEyRTQ3MDc4QTJDMzNEN0YzM0E3IiBleGlmOlBpeGVsWERpbWVuc2lvbj0iMzcwIiBleGlmOlBpeGVsWURpbWVuc2lvbj0iMjYwIiBleGlmOkNvbG9yU3BhY2U9IjEiIGV4aWY6TmF0aXZlRGlnZXN0PSIzNjg2NCw0MDk2MCw0MDk2MSwzNzEyMSwzNzEyMiw0MDk2Miw0MDk2MywzNzUxMCw0MDk2NCwzNjg2NywzNjg2OCwzMzQzNCwzMzQzNywzNDg1MCwzNDg1MiwzNDg1NSwzNDg1NiwzNzM3NywzNzM3OCwzNzM3OSwzNzM4MCwzNzM4MSwzNzM4MiwzNzM4MywzNzM4NCwzNzM4NSwzNzM4NiwzNzM5Niw0MTQ4Myw0MTQ4NCw0MTQ4Niw0MTQ4Nyw0MTQ4OCw0MTQ5Miw0MTQ5Myw0MTQ5NSw0MTcyOCw0MTcyOSw0MTczMCw0MTk4NSw0MTk4Niw0MTk4Nyw0MTk4OCw0MTk4OSw0MTk5MCw0MTk5MSw0MTk5Miw0MTk5Myw0MTk5NCw0MTk5NSw0MTk5Niw0MjAxNiwwLDIsNCw1LDYsNyw4LDksMTAsMTEsMTIsMTMsMTQsMTUsMTYsMTcsMTgsMjAsMjIsMjMsMjQsMjUsMjYsMjcsMjgsMzA7QjM5NzA3OTUzODk0NERDRjhFNUE0OTIxQjFCMTQyMzciPiA8eGFwTU06RGVyaXZlZEZyb20gc3RSZWY6aW5zdGFuY2VJRD0idXVpZDo1QTM0QjVDOUU2RERFNDExODZGRURGODExMzQxQ0U3NCIgc3RSZWY6ZG9jdW1lbnRJRD0idXVpZDo1QTM0QjVDOUU2RERFNDExODZGRURGODExMzQxQ0U3NCIvPiA8L3JkZjpEZXNjcmlwdGlvbj4gPC9yZGY6UkRGPiA8L3g6eG1wbWV0YT4gICAgICAgICAgICAgICAgICAgICAgICAgICAgICAgICAgICAgICAgICAgICAgICAgICAgICAgICAgICAgICAgICAgICAgICAgICAgICAgICAgICAgICAgICAgICAgICAgICAgICAgICAgICAgICAgICAgICAgICAgICAgICAgICAgICAgICAgICAgICAgICAgICAgICAgICAgICAgICAgICAgICAgICAgICAgICAgICAgICAgICAgICAgICAgICAgICAgICAgICAgICAgICAgICAgICAgICAgICAgICAgICAgICAgICAgICAgICAgICAgICAgICAgICAgICAgICAgICAgICAgICAgICAgICAgICAgICAgICAgICAgICAgICAgICAgICAgICAgICAgICAgICAgICAgICAgICAgICAgICAgICAgICAgICAgICAgICAgICAgICAgICAgICAgICAgICAgICAgICAgICAgICAgICAgICAgICAgICAgICAgICAgICAgICAgICAgICAgICAgICAgICAgICAgICAgICAgICAgICAgICAgICAgICAgICAgICAgICAgICAgICAgICAgICAgICAgICAgICAgICAgICAgICAgICAgICAgICAgICAgICAgICAgICAgICAgICAgICAgICAgICAgICAgICAgICAgICAgICAgICAgICAgICAgICAgICAgICAgICAgICAgICAgICAgICAgICAgICAgICAgICAgICAgICAgICAgICAgICAgICAgICAgICAgICAgICAgICAgICAgICAgICAgICAgICAgICAgICAgICAgICAgICAgICAgICAgICAgICAgICAgICAgICAgICAgICAgICAgICAgICAgICAgICAgICAgICAgICAgICAgICAgICAgICAgICAgICAgICAgICAgICAgICAgICAgICAgICAgICAgICAgICAgICAgICAgICAgICAgICAgICAgICAgICAgICAgICAgICAgICAgICAgICAgICAgICAgICAgICAgICAgICAgICAgICAgICAgICAgICAgICAgICAgICAgICAgICAgICAgICAgICAgICAgICAgICAgICAgICAgICAgICAgICAgICAgICAgICAgICAgICAgICAgICAgICAgICAgICAgICAgICAgICAgICAgICAgICAgICAgICAgICAgICAgICAgICAgICAgICAgICAgICAgICAgICAgICAgICAgICAgICAgICAgICAgICAgICAgICAgICAgICAgICAgICAgICAgICAgICAgICAgICAgICAgICAgICAgICAgICAgICAgICAgICAgICAgICAgICAgICAgICAgICAgICAgICAgICAgICAgICAgICAgICAgICAgICAgICAgICAgICAgICAgICAgICAgICAgICAgICAgICAgICAgICAgICAgICAgICAgICAgICAgICAgICAgICAgICAgICAgICAgICAgICAgICAgICAgICAgICAgICAgICAgICAgICAgICAgICAgICAgICAgICAgICAgICAgICAgICAgICAgICAgICAgICAgICAgICAgICAgICAgICAgICAgICAgICAgICAgICAgICAgICAgICAgICAgICAgICAgICAgICAgICAgICAgICAgICAgICAgICAgICAgICAgICAgICAgICAgICAgICAgICAgICAgICAgICAgICAgICAgICAgICAgICAgICAgICAgICAgICAgICAgICAgICAgICAgICAgICAgICAgICAgICAgICAgICAgICAgICAgICAgICAgICAgICAgICAgICAgICAgICAgICAgICAgICAgICAgICAgICAgICAgICAgICAgICAgICAgICAgICAgICAgICAgICAgICAgICAgICAgICAgICAgICAgICAgICAgICAgICAgICAgICAgICAgICAgICAgICAgICAgICAgICAgICAgICAgICAgICAgICAgICAgICAgICAgICAgICAgICAgICAgICAgICAgICAgICAgICAgICAgICAgICAgICAgICAgICAgICAgICAgICAgICAgICAgICAgICAgICAgICAgICAgICAgICAgICAgICAgICAgICAgICAgICAgICAgICAgICAgICAgICAgICAgICAgICAgICAgICAgICAgICAgICAgICAgICAgICAgICAgICAgICAgICAgICAgICAgICAgICAgICAgICAgICAgICAgICAgICAgICAgICAgICAgICAgICAgICAgICAgICAgICAgICAgICAgICAgICAgICAgICAgICAgICAgICAgICAgICAgICAgICAgICAgICAgICAgICAgICAgICAgICAgICAgICAgICAgICAgICAgICAgICAgICAgICAgICAgICAgICAgICAgICAgICAgICAgICAgICAgICAgICAgICAgICAgICAgICAgICAgICAgICAgICAgICAgICAgICAgICAgICAgICAgICAgICAgICAgICAgICAgICAgICAgICAgICAgICAgICAgICAgICAgICAgICAgICAgICAgICAgICAgICAgICAgICAgICAgICAgICAgICAgICAgICAgICAgICAgICAgICAgICAgICAgICAgICAgICAgICAgICAgICAgICAgICAgICAgICAgICAgICAgICAgICAgICAgICAgICA8P3hwYWNrZXQgZW5kPSJ3Ij8+/+IMWElDQ19QUk9GSUxFAAEBAAAMSExpbm8CEAAAbW50clJHQiBYWVogB84AAgAJAAYAMQAAYWNzcE1TRlQAAAAASUVDIHNSR0IAAAAAAAAAAAAAAAEAAPbWAAEAAAAA0y1IUCAgAAAAAAAAAAAAAAAAAAAAAAAAAAAAAAAAAAAAAAAAAAAAAAAAAAAAAAAAAAAAAAARY3BydAAAAVAAAAAzZGVzYwAAAYQAAABsd3RwdAAAAfAAAAAUYmtwdAAAAgQAAAAUclhZWgAAAhgAAAAUZ1hZWgAAAiwAAAAUYlhZWgAAAkAAAAAUZG1uZAAAAlQAAABwZG1kZAAAAsQAAACIdnVlZAAAA0wAAACGdmlldwAAA9QAAAAkbHVtaQAAA/gAAAAUbWVhcwAABAwAAAAkdGVjaAAABDAAAAAMclRSQwAABDwAAAgMZ1RSQwAABDwAAAgMYlRSQwAABDwAAAgMdGV4dAAAAABDb3B5cmlnaHQgKGMpIDE5OTggSGV3bGV0dC1QYWNrYXJkIENvbXBhbnkAAGRlc2MAAAAAAAAAEnNSR0IgSUVDNjE5NjYtMi4xAAAAAAAAAAAAAAASc1JHQiBJRUM2MTk2Ni0yLjEAAAAAAAAAAAAAAAAAAAAAAAAAAAAAAAAAAAAAAAAAAAAAAAAAAAAAAAAAAAAAAAAAAFhZWiAAAAAAAADzUQABAAAAARbMWFlaIAAAAAAAAAAAAAAAAAAAAABYWVogAAAAAAAAb6IAADj1AAADkFhZWiAAAAAAAABimQAAt4UAABjaWFlaIAAAAAAAACSgAAAPhAAAts9kZXNjAAAAAAAAABZJRUMgaHR0cDovL3d3dy5pZWMuY2gAAAAAAAAAAAAAABZJRUMgaHR0cDovL3d3dy5pZWMuY2gAAAAAAAAAAAAAAAAAAAAAAAAAAAAAAAAAAAAAAAAAAAAAAAAAAAAAAAAAAAAAZGVzYwAAAAAAAAAuSUVDIDYxOTY2LTIuMSBEZWZhdWx0IFJHQiBjb2xvdXIgc3BhY2UgLSBzUkdCAAAAAAAAAAAAAAAuSUVDIDYxOTY2LTIuMSBEZWZhdWx0IFJHQiBjb2xvdXIgc3BhY2UgLSBzUkdCAAAAAAAAAAAAAAAAAAAAAAAAAAAAAGRlc2MAAAAAAAAALFJlZmVyZW5jZSBWaWV3aW5nIENvbmRpdGlvbiBpbiBJRUM2MTk2Ni0yLjEAAAAAAAAAAAAAACxSZWZlcmVuY2UgVmlld2luZyBDb25kaXRpb24gaW4gSUVDNjE5NjYtMi4xAAAAAAAAAAAAAAAAAAAAAAAAAAAAAAAAAAB2aWV3AAAAAAATpP4AFF8uABDPFAAD7cwABBMLAANcngAAAAFYWVogAAAAAABMCVYAUAAAAFcf521lYXMAAAAAAAAAAQAAAAAAAAAAAAAAAAAAAAAAAAKPAAAAAnNpZyAAAAAAQ1JUIGN1cnYAAAAAAAAEAAAAAAUACgAPABQAGQAeACMAKAAtADIANwA7AEAARQBKAE8AVABZAF4AYwBoAG0AcgB3AHwAgQCGAIsAkACVAJoAnwCkAKkArgCyALcAvADBAMYAywDQANUA2wDgAOUA6wDwAPYA+wEBAQcBDQETARkBHwElASsBMgE4AT4BRQFMAVIBWQFgAWcBbgF1AXwBgwGLAZIBmgGhAakBsQG5AcEByQHRAdkB4QHpAfIB+gIDAgwCFAIdAiYCLwI4AkECSwJUAl0CZwJxAnoChAKOApgCogKsArYCwQLLAtUC4ALrAvUDAAMLAxYDIQMtAzgDQwNPA1oDZgNyA34DigOWA6IDrgO6A8cD0wPgA+wD+QQGBBMEIAQtBDsESARVBGMEcQR+BIwEmgSoBLYExATTBOEE8AT+BQ0FHAUrBToFSQVYBWcFdwWGBZYFpgW1BcUF1QXlBfYGBgYWBicGNwZIBlkGagZ7BowGnQavBsAG0QbjBvUHBwcZBysHPQdPB2EHdAeGB5kHrAe/B9IH5Qf4CAsIHwgyCEYIWghuCIIIlgiqCL4I0gjnCPsJEAklCToJTwlkCXkJjwmkCboJzwnlCfsKEQonCj0KVApqCoEKmAquCsUK3ArzCwsLIgs5C1ELaQuAC5gLsAvIC+EL+QwSDCoMQwxcDHUMjgynDMAM2QzzDQ0NJg1ADVoNdA2ODakNww3eDfgOEw4uDkkOZA5/DpsOtg7SDu4PCQ8lD0EPXg96D5YPsw/PD+wQCRAmEEMQYRB+EJsQuRDXEPURExExEU8RbRGMEaoRyRHoEgcSJhJFEmQShBKjEsMS4xMDEyMTQxNjE4MTpBPFE+UUBhQnFEkUahSLFK0UzhTwFRIVNBVWFXgVmxW9FeAWAxYmFkkWbBaPFrIW1hb6Fx0XQRdlF4kXrhfSF/cYGxhAGGUYihivGNUY+hkgGUUZaxmRGbcZ3RoEGioaURp3Gp4axRrsGxQbOxtjG4obshvaHAIcKhxSHHscoxzMHPUdHh1HHXAdmR3DHeweFh5AHmoelB6+HukfEx8+H2kflB+/H+ogFSBBIGwgmCDEIPAhHCFIIXUhoSHOIfsiJyJVIoIiryLdIwojOCNmI5QjwiPwJB8kTSR8JKsk2iUJJTglaCWXJccl9yYnJlcmhya3JugnGCdJJ3onqyfcKA0oPyhxKKIo1CkGKTgpaymdKdAqAio1KmgqmyrPKwIrNitpK50r0SwFLDksbiyiLNctDC1BLXYtqy3hLhYuTC6CLrcu7i8kL1ovkS/HL/4wNTBsMKQw2zESMUoxgjG6MfIyKjJjMpsy1DMNM0YzfzO4M/E0KzRlNJ402DUTNU01hzXCNf02NzZyNq426TckN2A3nDfXOBQ4UDiMOMg5BTlCOX85vDn5OjY6dDqyOu87LTtrO6o76DwnPGU8pDzjPSI9YT2hPeA+ID5gPqA+4D8hP2E/oj/iQCNAZECmQOdBKUFqQaxB7kIwQnJCtUL3QzpDfUPARANER0SKRM5FEkVVRZpF3kYiRmdGq0bwRzVHe0fASAVIS0iRSNdJHUljSalJ8Eo3Sn1KxEsMS1NLmkviTCpMcky6TQJNSk2TTdxOJU5uTrdPAE9JT5NP3VAnUHFQu1EGUVBRm1HmUjFSfFLHUxNTX1OqU/ZUQlSPVNtVKFV1VcJWD1ZcVqlW91dEV5JX4FgvWH1Yy1kaWWlZuFoHWlZaplr1W0VblVvlXDVchlzWXSddeF3JXhpebF69Xw9fYV+zYAVgV2CqYPxhT2GiYfViSWKcYvBjQ2OXY+tkQGSUZOllPWWSZedmPWaSZuhnPWeTZ+loP2iWaOxpQ2maafFqSGqfavdrT2una/9sV2yvbQhtYG25bhJua27Ebx5veG/RcCtwhnDgcTpxlXHwcktypnMBc11zuHQUdHB0zHUodYV14XY+dpt2+HdWd7N4EXhueMx5KnmJeed6RnqlewR7Y3vCfCF8gXzhfUF9oX4BfmJ+wn8jf4R/5YBHgKiBCoFrgc2CMIKSgvSDV4O6hB2EgITjhUeFq4YOhnKG14c7h5+IBIhpiM6JM4mZif6KZIrKizCLlov8jGOMyo0xjZiN/45mjs6PNo+ekAaQbpDWkT+RqJIRknqS45NNk7aUIJSKlPSVX5XJljSWn5cKl3WX4JhMmLiZJJmQmfyaaJrVm0Kbr5wcnImc951kndKeQJ6unx2fi5/6oGmg2KFHobaiJqKWowajdqPmpFakx6U4pammGqaLpv2nbqfgqFKoxKk3qamqHKqPqwKrdavprFys0K1ErbiuLa6hrxavi7AAsHWw6rFgsdayS7LCszizrrQltJy1E7WKtgG2ebbwt2i34LhZuNG5SrnCuju6tbsuu6e8IbybvRW9j74KvoS+/796v/XAcMDswWfB48JfwtvDWMPUxFHEzsVLxcjGRsbDx0HHv8g9yLzJOsm5yjjKt8s2y7bMNcy1zTXNtc42zrbPN8+40DnQutE80b7SP9LB00TTxtRJ1MvVTtXR1lXW2Ndc1+DYZNjo2WzZ8dp22vvbgNwF3IrdEN2W3hzeot8p36/gNuC94UThzOJT4tvjY+Pr5HPk/OWE5g3mlucf56noMui86Ubp0Opb6uXrcOv77IbtEe2c7ijutO9A78zwWPDl8XLx//KM8xnzp/Q09ML1UPXe9m32+/eK+Bn4qPk4+cf6V/rn+3f8B/yY/Sn9uv5L/tz/bf///+4ADkFkb2JlAGRAAAAAAf/bAIQABAMDAwMDBAMDBAYEAwQGBwUEBAUHCAYGBwYGCAoICQkJCQgKCgwMDAwMCgwMDAwMDAwMDAwMDAwMDAwMDAwMDAEEBQUIBwgPCgoPFA4ODhQUDg4ODhQRDAwMDAwREQwMDAwMDBEMDAwMDAwMDAwMDAwMDAwMDAwMDAwMDAwMDAwM/8AAEQgBBAFyAwERAAIRAQMRAf/dAAQAL//EAaIAAAAHAQEBAQEAAAAAAAAAAAQFAwIGAQAHCAkKCwEAAgIDAQEBAQEAAAAAAAAAAQACAwQFBgcICQoLEAACAQMDAgQCBgcDBAIGAnMBAgMRBAAFIRIxQVEGE2EicYEUMpGhBxWxQiPBUtHhMxZi8CRygvElQzRTkqKyY3PCNUQnk6OzNhdUZHTD0uIIJoMJChgZhJRFRqS0VtNVKBry4/PE1OT0ZXWFlaW1xdXl9WZ2hpamtsbW5vY3R1dnd4eXp7fH1+f3OEhYaHiImKi4yNjo+Ck5SVlpeYmZqbnJ2en5KjpKWmp6ipqqusra6voRAAICAQIDBQUEBQYECAMDbQEAAhEDBCESMUEFURNhIgZxgZEyobHwFMHR4SNCFVJicvEzJDRDghaSUyWiY7LCB3PSNeJEgxdUkwgJChgZJjZFGidkdFU38qOzwygp0+PzhJSktMTU5PRldYWVpbXF1eX1RlZmdoaWprbG1ub2R1dnd4eXp7fH1+f3OEhYaHiImKi4yNjo+DlJWWl5iZmpucnZ6fkqOkpaanqKmqq6ytrq+v/aAAwDAQACEQMRAD8A7wMg3Ki4UKi4qrLhQqLiqooriqooxVeMUKgGKrgtcVXLGoNQN+9MUqnHFXHiBU4FUy47bDFaaLqMLFRmvLeEcpHC/rwoY9cedojJLFYWnreixjM0z8ULClaKoJ2r45G2YCBl8y61cVCzLbr4QIFb/gjU4LLKghg0s7iSdnlckVaRi3f3JxV66D6io4/aVT94GXNS5cilcMKrwMKF4GKtjCq4UxVv5YUNjCq4YqvGKt4ULhhVdirYwqvGFVwxVdiq7FW6Yq0RilqmKt0wK4Yq3TArdMVbpgVumKv/0O8DINqoMVVVwoVFOFCquFVVcVVVGBVQDFVQDFVwpirfLFVjTU2G5xUBRaTuTgZqElyqd9/DFBQE9+5BCmg/HCwY7q1+yRsa/FTrkZFQEk0NTLbSOepmkJP3ZCPJtTX06ZJURCN0+Y/Xir1izb1LO3cd41/VT+GZBaFemBK4DFV4xVcDirq+GFWxhVf2xQ7FK4YoXjCq4Yq2MKF2FWxhVeMVXjFWxiq7FV2KupirqYpapirdMCt0xV2BW8VbwK//0e7K2VtxVI2Dy+hGC8wXmyIKlV/mbwHzyQ3QUUIZQvPjVe5BBp9xOGkW5cUKy4VVVIxVVVhiqoGxQurirTSBev3d8VUWmr1NB4ZFlSi81OmKUPJOx74qhJHPWuKEDcSEA4opjWqMXDCuQKV/l4LHp71oD60n8MQyR8jr44UqkDAmPfqy/rxCXqukSrJp0BB+wGQ/NWIzILjo8EYFbFBhS3XwxpWxiq4YquGKrhhQ3iq4YVXDFVwxQ3hCrhiq4YVXjFVwxVvFV2FW8CrhilumKupirqYFdirdMCXYq76MVf/S7ZFcIwBU1HjlTejrC4FobgcCyXMkczshCuJIQAp+IEMtBurCmT6EHqx6gphdam97crdzbzLH6SqkcdvHQ9WZY68m8CcMRSJG0MHGFivEhxVeslcKqqscUKwegqTsO+FVrXQ6J9/9MCaUTIa1r175FKwuT0xStO+BVNhiqHkU4EpddISDkbTSR3Voznc0rih2nKtvFJCTUiVjvt1AxZBWlkUdKffilF29GaMH+ZP1jFS9J0GQfo1CTt6s3/Jw5lFxwm6NXpgVfiq4YpXDFVwxVcMVXYq3hQuGKrhhVcMVbGKrhiq4YoXjClcMULhilvFW8VbBxVcDiq7FXUwK1TClsDArdMVdTFL/AP/TnkdzcWnxQPRevA7qc00M8o+YdxPFGXvTiw8xRSTwWlwjRzTt6cbAFk50qASOle1cz8eeMturhTxSG/Rka1zLpxrVFrhQqqMVVVFMKuaZU26t4DAqk0ruak/QOmBk2pJxVUArgVeFxVxXwwJQwgW51CG3uro2Vi1fUuFjMxWi1FEBFanYn9nK5y4RbOItShLNGeVTRmCsRxLKCQDQ9KjfEGxaSKKjLEz9BihQGn8jVunhixKRXiLFqV1GNgHpT/YrizjyQspXbfeuRSmVtx5Lueq7/TklL0HQCRpye0s3/Jw5lFxk+ibAqJXCq7AreKrhiq4YquGKrhhVsYpXjFDYxVeMKrhiq4YqvGKtjChcMUt4q3irfvirYxVcDgVdil1MVbxVumKXUxV//9SeFGAzng74t2kY/SFgfC5j/jl+H64+9py/Qfcz0Lvm9dOqquFKpRVHJjQeOKqTzE7J8I8e+KrVGRpK8Liq8LiqquBVQYq3TAq1o+QoQCPA4CyWmH2yKQ16IHbAlayBfiOyjqTsMQgsJ1SRH1e8Kmq8wAfH4VyB5s48kFKVDCu+4yLJO7dRzX/WH68mEM80H/eD/ntN/wATOZRcVPIsUopcVVBireKuGKrhiq7FVwwquGKrhiq4YqvGKrhhVcMVXjFWxiq4Yq3ireKt4q4YpXDFVwxVcMVbxSupgV1MUP8A/9XoPsPuznnfqlktdQsh/wAXof15fg/vI+9oy/QfczlR92bx1DRmVdk+Jvww2q34nNWNTiq8IcKrxHiq4CmKrwMiq4YqqLgSvFMVXinXIlIcQMgWSEmuo0qEHNvHtkbZ0l87PMauSfAdh9GC0UwrVZfT1e7T/KH4qMiWceSBknBdQD+0BT6ciSyAZTb/AG1Hgy5YGJZ9oe1j/wA9pv8AiZzMI3cVOo8ColMVVRilvFXYquGFVwxVdXFWxihcMVXDFV4OKrhhVeMVX4quxVsYq3ireKt4pbGKtjxxVcMVXjAq4DFLeBW6Yof/1ugE7V7H6c5136nLLJEgljYpKjBo3XqpHcZZCVEEMJAEEJtpHmaa6k+pagVD7BJ1HEOT2bwObbFn49jzddlw8O43DIV2OZIcdFxb5JiUSqVHTJKvKbVWle1TQb+PtihcltOY0klUIJWdI0JX1CY61JQElRtUcuuViYMuG92RiQLrZr0yMkxdwOKrqYFdkUqUl0ibL8bfh9+QLMIWS4kk+2dvAdMiWYS641vRrWZra71CCC5SheGSQK6gioqPcZWZAc2YiTyCiPMnlrvq9r/yM/swcQ714T3MG13UbSfW7ua0uI5rZ2X05UYFWAQA0+nIykLbIxNISGVpp4xERIwYNRSCaA1ORsMgGbW9xCHrzHUH6MtiQ1kMz0vXdFtrThPeoj+pI3EhujNUdB3zKOSPe4vAe5lMVGUMpqrAEH2O4yTFErilVGFWxirsKrsVbGKFwxVsYquGKrxiq4YqvGKrxiq4YVXjAq4YVdiq7FXAYpXDFWxgVeBilcBgVdireKt4q//Xn1VruKfLbOcegUrj/edqGpr9PfJhilVaSSVFD8O/0ZZbGmYeXNb+s8bC8b9+NoZD+2PA++bTBm49jzdbmxcG45MqjBU1zLDjI+FQckhEKnthQvAalAxpSlK7U8MVa9OvXAlr0x2wKoyske1at4DIqgpXlf2X+UZAsgoFDkCyaEZyKQ8z83eVfMV75puL+xtYpbW4jj9BnnWNpCkYVkVSD8Qp0rvmPkwmZ2cjHlEBux2Dy7q7O0UiQxulOSmQsaHoQAm9en+sOP2tsj4MmfjRTaHyjfNQ/WrZR4kSkU23qF6UPKv8nxfzUIwyXxYphZ+XL3T7hJXlSUkFRGkcgIJqtPiA3DDgf8viP2lyQwHvYnMGU2WjSyp6v1lFUry/uZmoAFatQP5W5fJX/ly4YT5NMsw812q6c+kwrNPMZwWKelBbyu3IMymoqO60+7J+Ee9h4weqac6zWFrMleLwxkV604jqMvaQjFGLJUGFC4YpbphVvFC7FWxirY64quGKrhiq4YqvGKrxiq8YquHTFVwwq3iq7FLYwKuHTFVwGKrxgSuAxVsDFVwGKW8Vf//Qn5UV7j8c52nf2o3IKwdRuafgckEFL1oXk/2P6stYrgtCGUkMDUEdQR0IwjY2pos78ua4NRQWl2QL9Bse0qjuPcdxm2w5RMebq82LgPkyi32NO2ZLjlHqlRkwGFr+FMaW1OR44/tHf+UdcgUoSWZ32Hwr4Dr9+RJZIZhkErOJyJV3HAytwXIpc8Ec8bRTIHib7Sn26EEdCOxGKUj1TQqk3IJ9UD4LroxPZZe2/Qt0f9ujUbJc0clGFIY5xD9akEyqGlBQKUYmtKFiTQk/F/N/rtyAvqyJCJmtrdkiJumc9JEEZUKKAUBLGu1R8gn++1qxMr3Gymuib2VvY+lCJLuXkQTKfRHEMDUCnPetX5dPtuPDLY3fk1yrpzV0tNOtZhdwTt9dkIjBeEJ6nwBEDtyJB2UniP2T13x3vlsjavNk+ksWtAr7OhIIBqBXfChMAMKVwGFC4Ypbwodiq7FWxirYxVcMVXDFVwxVeMVXDFV4xVeDiq4dMUrhiq4YquAxSuGKFwGBK4YpXDFW8VXAYFboMVf/0egROtwtbeRJ0/miYSD71Jzn3fIe+JECginx0P3HFUuQnnJ0P2f1ZYxKpX6DkkKiSPG6SRuUljIZHHVWHQjJRkQbDEixRekeW9dj1eH05aJqEI/fRjow/nX2Pcds3GLKJjzdVkxmBpk6SxonxtQ9h1P3ZkgtFLHneQUQcF8e/wDZkSU0oGOnz75FK0ocgUrCmRVYVpgVbwwJbCYEqyxjGk2iEjFKEAg7EHcEHDSbQ7+XtMnfnIJVI6COTgB4AbVoPnhpFolPL+l0A4SmnjKxxpFo2HR9NjXisNR/lMT/AByQQiP0Tpzij26kfM1+fX3wqjILeKAMIgQGILVJO4274oRAGFK6mKHYVbwq4Yq3ireKtjFVwxVeMVXDFVwxVeMVXjFVwxVeMUrxiq4YquGKrhgVcBilcMVXUxSuAxVcBgVumBX/0rkfRz/pMulXdlCK/wCktZywKeoJDW/KvTMMwiejmCZHVOLBSWt5Yb+5uLOWMtBC8xlt2RlqrgOC1aH4TyzHy4xEbORiyEndMFBDSVH8v6sxw3qgoe1MKF3FTvSnvhRa+O4ubGVLy1kMc8J5I69fcfIjJwmYGwwlASFF6npVzFcQrPQ1lCtU7n4hXrm8iQ6kgp3GiEVB3yTDdeYQw2yK2ptAR2wLag0RGRITamY8iyWFMFK2FONKqquNJV0GFUQgxVEIMKohFOFCuoxVVAwquGBV2FXYVarhVuuKtVxVuuKtg4quBxVeDiq4HFV4OKrwcVXjFV4xVeMVXjFK8YFXDFVwxVeMUrgMUtjAq4YoXgYEt0xWn//T5j52imX84dHeL143rpQ9WK5kiQoX+INGpCkb0I75GNeHy3bJfWHtXlm706AaJdawjyaLFDHJfxwhmlMASrcAnxE/LfMWcRIgHqW8SMQSOdF6PHdfkFfIj2/ma60x5xyVbgyDjTbiwliND7E5Z+R7i4Ue0JkkEcvxsi4/JvkTUU56J5+sZQ32BcGH8Ssin8MidDLoW4dob7hS/wCVZ6i3M2eraVdKvRvrHo8vlXlkZaOce4tkddA9CEJN+X/mSJSTbQzDoTBd28n4F1OVHTZO5tGqx97NPK+hXNtpdut8YYZkXi0bzwhhTpUc82cAeEW4M5izSf8A1JQNmVx/NGyuv3qSMmw4lNoAuNJtRdCOhOBUO5b54FUGJ8BkWSyvtgS2CMVVFpiqIjUHphVEomGlS7WvN/k7ypLBb+aNfsdGnukMttFey+m8katxLKKHYHbCAi0Cn5tflOennfR/+kg/804aTaqPzb/Kcf8ATb6P9E5P/GuBW/8Alb35Sru3nfSAPEzt/wA0YoXD83vymIqPO2kEf8Z2/wCaMCW/+VuflR/1O2kf9JB/5pwhFqbfnB+Uo6+d9I/5Ht/zRhW2SaPrejeYtOj1jy/qEGqaTMzxxXtq3OFniPF1BoN1OxwptG1xVxbFXcsCthsKrg2Krg2Krw2Krg2KqqtiqoDiqopwKvGFVRcUrxgVcMVXjFV4xS3gVcMVXjAlcMUN4q//1OZeeF4/nRpDeoAB+iDxqQaVPau9cgPoLOX1h7x+VbV1zyQSOYZ7cFKVqCpHTMHUGo8r3Df0PufVT+U9LvJHGpWttf2ygraiSKJjFX7QICKCa9+2Y3hSJuz3ek/o/nOIYglg3nH8sra5d7u00jQ5rFAqyJdQrZSinVvWReJrt1XCJ5Yg1M7beo/bycXNikd4kMT8jflv5OXV9Zsb/Q7dz6VteRCFi4SR0McoVVI5KZI2+LM7PnyCMSCaI6KY715PQ4fy08iTWH1mHQLRZ+BkoBJMhAHVasK/LvmVgyynDfm1EE7j8BC+W/JfkfUnFvceV7eqxmT6y8RQOCxC/DyNOnQ5QMsxKjK2zEQTVMmm8t6NoNultoVnHZWkjM8kMIohkoPi+dBmbA23kAcktmh9snTG0FLHkWYKEkjpkU2hXTIMlIriloLgVVRcVRUSHbCqNiQimEK+d/8AnJm3YeZfLtzx5V0e4Ar3Md2TT8clSERp35BaJeJpoh8xXcs1/DFcSFLa3WKASqpPJncE8SSPozXfmTxcIA57+TQczILb/nGnS5bT60nmC9k9PmLhEtrdWjaM04srNXfqG/4KmP5iZFiIJHON7hRlNXSJ03/nHLTAZXOvyu7J6cUc1lbTKUcDlKFdtippwfK/zcx/CGXibWi7r/nHny1c8baHUTZyhvjuLWzjiZz0pR5mShPgMTrd6oNfjG+Sk3/OLuiMxQeZ72tK1+qQMPwb78H5w8iBbcJ2aYX+bf5EaV+XPlWPzDZ63c6jcvdw2f1eaKGOPjMGJYFPi247ZlYs/EaPNmXo/wDzjzH6f5S6af59Q1R/vuSP4ZmBXphOFKwtgVrniq4Pjarg+Krg+Krw+Kr1fFVRXxVVVsVVQ2KqitiqqGxVeDilUBxVeMVXA4pXDAq8YquGBVwxVvFX/9XnnnnUNPtvzE0fUU0K91iQLZO2oWV5EtkGinZQrD03NUpV/jH+xG+VRJ4abJDe3sn5WGaXU/JAtZxHNJJAILlVEqgnkA4WtGHtXKMhqveG7ofc+sfLuvX2oXmp6Fq6Rwa3o8ipP9X5ejcQ3CGSG4jBJKq61DITVJEZeR2OY+T6hR2N15y6/rcVD+brO61TSLixjZoQZ4Who0Ub3BB5IoLkcQGFani1V/lzFJ50Nr/i5teSJIIYLpWlrbeYLOx1URIbq0u7eX06hVkhlS6WlGJVv3jfCT+FM2QJyYOIbcJaJR2AL1G2i9REKSyQpEATG9CATtVSDWnhmRpMkeEiO7XPHYBuqQGniY6vd2qq4a0Bae6kUxKzS0KFK7N8P2qGi/7LMbLjnK+DYdCmBqVHomVwzS84GK8Y6Mm/xHlUGg8B3yWgySMpCXRyZpZPbDuM3FNVpdNAMgQyBS+WKlcrIbAUHJHkaZBDstMFJaC4FVUXFKMiTDSo6KPJIeF/85LWfqXXliUDc2WoRD6JYn/jhUHd7H5Dt9PTTtMluityLrS7TjFJFVE/dqSC9DxqRtmowCsswepLiigSOdpnf2t3p93calBPPcGbk60CgxSN0BU7HsAe5ynU4ZwyccOZ/Hy72rJA3YJQmhrcxR3Mc0bLcXEn93KtG8aKfDtttmHhiRZPNgNtk3L29gQJjwlcEr/OSoqacvhoKhfpyfpjESPTp1LYAKJRVle0McUaCeYkFypBWPapI4bmlRX9eRxzjLcD9jZjJ6PM/wDnJpXH5cWETsJC+qwcnqCfhjlI6ZttLDcSsHzcjcBR/IaER/lLoVR/eyX03/B3cn9M2KQ9BZB8sUqTR+BwKsMbeIOKVvFx2+7fAruTDqCMVXB8ULg+Kr1kxtKqsmKqqyYVVVfFVdGwKrK2KqgOFKqpxVeDiq8YpXjFVwwKvGBVwxVdir//1hklno/p0Xy0kSEVIeytIx91cx3ICb+QtQMn5geVLP6sY4fr0SRqpjVEVa0UKh2HhTKsseKNeYXofc+ptPVLTz55ikUcI/0fpta0ps1zuSfDMfIY6aAIFAX1+2VtAB6K9/5j0qSe1ltp7a6QMxvH9SINFHHUEsrVJ4kn4ahvxzXy7Q02Sjxxur/tH3Mp4coqon5JH5ghNt5h03VnlVh+kYi4QcAkU4Nq3KvXZ0qe+bvSkT44Fwsh+wsuvbHTbxeF5PLLCqsRCkjJGeLVqeJFSKU65HHkxQqizlEHYlSuZ4vQitZDCkkhEdtG7EhqAOo8CwA+zWhy7xuK+Hk4s9hRq/xSLjjDTMfSRVVKLIFVW9xXrleEniib728EkkVtSHu2jjJVzQ5uI7hilczRnZSDiQytASxFj8IqfAZAhkCl04CEg9R1GVlsCDcg5FmsO2KuWYK1KgfM0wJR9s4Y0qK+FcKE1gXpkwGNvKP+cgLITW/lialf3l/D98UT/wAMmBuwt6V5M+tr5X8vzwOQRp0CH4tqKo7DttmHKBEifN185kSIDIjbTamGE8p4wsHSRqVLEUpQHbjlWTlu3wByR3KxraP63bwSDldohYXNagxnY06b12pmomIzlQRKBBAa1efTLSVP0lxaKdfShgajMSB8QHfcYc3DH6uVJnQKSeXG/RaXES2yGXfi0fwhlZiY4lDGi0Hcnj3zX4BKJvhsm/hH9Hv5MsRoUXnX/OQS3R8n6VFMGUT6qZuDbqtLd6Kp7gV65tuysJgZbU2xmaT38mofS/KbymB+3ZySH/Z3Mxze0zBZsYZmHJY2IPQhSQcizWG3uD0if/gT/TAl31a5P+6ZP+Ab+mKW/qt1/viT/gG/pgQuFpd/74k/4Bv6Yqu+pXR628n/AAB/phVa9nJGA0sDRqe7KV/XilYII+1RgVcIPBvvGGlXiF+xBxVeI5B+ycCqqA9wRhVXBwKqrhSrKcVVAcVXg4pXg4qvGBVwxVeMCt4q/wD/1wMfnLTdenul0W4abS44R9Tdoylw0vMrILgD4V2AZKU2zCMpCdVs5YA4b6ov8sr+ST80vK1aki/ioBuaKDsPfJZPp+Ia+/3Po7StQ1PVf+chfzF8q6nqDTeXW8taJc2mnLxBh9d54peRC8gxILUYnZhmLrcENRhMZbA/s/FFqhkMJCQ5hIpPIWsJ+YL6FPZXSeWWZ72TWU9FhNRKK3LkW50KqvwAI1eOc9P2cwwxcVkC/qvi26B2M+1cgHQnuej3lxpHmDyxqtpok0LPokHxwxK4MJhAkRQ7KOX93X550HZGbDI1jr01GgPpj/D7+91mbFk4eLIN5boe61rVY2m+oSSfVnKSQ2tnCryO8yBuA6ks1e5+Bfir2zZ49FjhYPIl1U8xERGPMslh8upNY/6R6kTyqnoQvSRrQDdlTxJNeTfaOHwfPfy+lfDJjvdfaE3lt7sG1ENyiIoAkjki5l1B3IIIoaZXDFKI2rbrTknYRFoLVPq6zKJZUjkuHKQo7KrSOAW4oDQs1BWg7Zs8cqoMZC7eZeZ7l7Pzhp8MUhjQWRaVuXEFnn+GvbouDNd7NmKq3UpNYv7jyld6h5oZNMa1E91PLAwIS1tVaRXf4qA0UkgNvQeOYgjPJjqex/ouUZQhk9G4/pMR0XXtT1Tyb5d1O61cWGoFkOrfWiFkD0MotnqRSUxsh4b+G+VZMUvDFSPp+cm7HlichuI9XL+iyZdZLxwXUVfSuiPTiccWFSfEe2XRlxREqq2qUeGRjzphfmH8ztd0zzDcaFp+gw3UcCI31maZ4hQx+o5Y04qqCtWJ6ZrM+unDL4cYcXxdtg0GOeIZJT4fg82/Ob8wPN0/5eavZanpEGk6dq9vHEl1FcmVpraaRavGRtwIH2q5LHqMs5iMo8IO/O+L9jDNp8MIGUJ8RG3KuH9rLvyc1fV9U/JuDW1v547+3gihtpgwZktrScQLErEV4sNzhz8ccciCbB+y+TXg4JZYgxFEfbX1PZ/IV9f3eiRvqNw9zc+tMvqyEM3AN8IJAHTMnQTlLEDI2d2nXQjHKREUNkl/PCBpdI8tSAV46hcIf9nan/mnNnH6nWyOz0PyHAf8HaHKYywFlEo9zuNsqkBxFwZQPETWzI54re3t2nZhBFEpknmc0QKAaliT2yki+baYXXBzYLJ5w0XVL0ppepW9tJaxc5LqSaNkEbUC0VmVeTD7RB+HOay6jjJAjw116+79buIaMRkJcVn7HSa95LEsX6X8w6XNDbh+BkvLRZVd6ceX72lAK9O/HI4oAkGQlIDy/iXUYfF6gEJtpmqeXvMxlu9D1Sy1a3tpVgmaylS6himSNaKxjZgG40qp7Z00cYlDZ5/MZifDL/jvveb/AJ8P6mhaVAw4hL2Vwv8Aqwcf45bhxCJNdzbimSSCyP8AKqIRflh5Mi8dNhP/AAbu38cn3uaHzDJpnn78wfzV806H5e80XtlIt7qNzGs2o3UFpFb203DgixMQvYKoWmYefMMUeI2zlIRG7If+VEfnEzxRjz1z9Y0Q/pfUB0FTWvSnTMA9pY/NiMgKKtf+ccfzgvTNXzyI4oW4CV9T1MKz0rQdOnfLMOtjl+kGv523D7gzEgSh7X8h/wAxLqztWvPNV3akv6L3dvrV6/rSVPxcJFIVadVUlg3tmXPII1fVo/MRq6NMc1L8qvPlhdOo853B03lxhvpdTvwrbE0PFq1FNzxAxGSxe7A6uI6Fu9/Kbz/Y6Nda1d+cpUt7WGa49IahqTSSJAKsEPLjX6csTHVxJAo7p/8A84uNql75n8wX17qV9eW1raW0aQ3d3PcIskxd6hZXYA0GHq5b6jEmFVRXwpVUY4FV1NcVV0OKqooewxVeFQ9sUrgi+4xVcE98VXhD4jFVwVsUrhXFVwOKVwOBV1cCv//Qi1i3neSwaCw0q0htpHLM/o307b/5RSCOvuTmMZAuSAQv8myz+XPO+meYPOk9nH5e06YzXlkl1ZRXbgDYiNZZnoD1Wqs3bCQDtuwN7vsTy/56/LXWbyTzz5ctIDqOtx/Vr3UZbY29/cwWzcY1YcTK8aj7AZQP2lyr8rnvaNxPWR4Rv/RcKUwCyLUtUa3uIdX022muYorKSdbKMNHcmOMbhYmCsQP999zm08H9xwAiPRh12SDX/O2jeRtO1bULqw1DU477hCNM0K1a8upHnQ8pGjQfCwXqzZdkxgVQApMZMI8sfnRcpclNE8hecNRDRwW2l2txo628kKxqqO887lR8VAa16DMWGnn4sp5Mlxlyh/MbZSxjHGMI1Ic5fznvfDzQwDCSxViKkcJa/L7WW3i7j8/2MKyd4UnTzUvxyz2Pop8UnpwytLxG54jnufbG8fQH5rwz6kJB5l00ahqmjX5so5dU0uSa50q6nt3m+rtNF6MkigEAMVY+4XMU5pA/3d/EI4bH1UD0p595mvdWsLS78zz6Rea9qD8YrLTtNtRDKIo1IopncVBLGrt3/Z2y3FmnMeqPCvhgci8VlvvzL80Wnmfytf8AlPUtK8l+ar7TZDPqNwkt3punOqfpO2WKOrOkjRUiVfserJ+zloEqqtmVC76on8wdS1K11+LVz5LvfMvk21uLvUNM0q1iZLsa7NDFDDLIrigghiVwkg5N6j9MenJIDLvy/wBU1rzJFrEuq+X9R0dLTUozaWN+ROPRntQZBbvWrR+oC1G3HOmA7hkBRQV95dv7vzu8DltG0URGSO/NtLK3GJFQRwhVaOpBI4ynpy65pZ6Sc85lfCO93cNVDHgEa4j3ITzZ5Q0iyvPKl3HqmqeZgNZtJL3Trqz9S3gtIiz+oeKURFcJ8DDh/k5bPAYixIyNV/Y0QzxmaMREX+LTTylHLY2Pmbylo2gan6Uup3zaOlvYTC1e1kuxch45GVUCULcRX6KZbLHKeIxHMtUZxhlEjyCa6H+Zmn+XBPpmoaNrFLEytPdR6fdSRsY2/e8AkLEhaih/3Z+xl+lwyx4wJc2GqnHJMyHJkGuXGofnN5ctbfyJZXVneaTex3dw+v2lzpsLRSwOvBGkjqZKOrFQvw9GIbM3i4d3BMWIeRF/My01TTPLP5hajd6cusSLe2Og6dcuk2kWcMZaKCWW2FSZCoM8Ts0fx/C65r9TqJRMar1ScvDp4yEr/hDLJ9I/OLX0vW0S6sbjSLl3S3t769mVTAC0ciToIX35Arx/k35dszo5+RpwpYQLD5d/5yC/JTzX5NRNbfRzcaPeAPP+iy9/HaXD/aidUQOFr9hzGFp1+LBnkCL5NuLu5sD/ACn/ACM0jzbZz+bfOVteto9ldm1Hl+ztJUuboCMHlJKqh4AHdabfvFDbjOb1euyxyDDgjxTIvi/gj/Wcrwz1FPpDR7fzD5D0iCL8ltGvZdP0eRmtvy/jjJi1a4mdVkubq7lIdOKfFwHRkWuxpl+kya4w4M8Y7/xwI9Mf5vD1l5tMsUeK2Iap/wA5G+d/zU1dfynt/wAso5/OD3Ztvq/16cXWnXMTcJnlPpfu1jAImLsE4/Rmbp8BxSsSKcshIbin1j5X0fUPLOg+WvLWocGudNtLa0klgYvC7R7ExswUkfMA+2Z8pOPEAvnf8hZvrX5reb5COX1qO/UjYE+pqPRSabmm2a3XE8G3UscvIB9FXEdxplhLqdnppurezG0LgrLBIoq7OrcWJVj0BKuvvmrw6ex6h5f1e+/xu45HCCasMfj806rca7b2WpXMFvpt1aveGLkFWaGIqp9OTd2YFgQgHL9n4sycOjyY57Co7U0RyZJjy7mNajrXma48zCXyvHcXFrFCJ4ra+SMRmKGpaX4AfTdjVv3lJeWZOYjjF9OTTKEroboOHS9N1bneXkXqG8nZ7e7glZn5TCjRxRHlzaoDU25iu4zMAFA/BqHqNoHz2f0F+WHmIarKt1qEdobXTq8kniR5ApkYCinY0405R9DU4xEhV05mHgOSgk//ADiracdC8z6pSn1jUIrdG8RbQAH8Wy3q7Pq+gA2FVVTiyRCbYqrq2Kq6PiqupxSvBxQvDYpXhsVXhsVXg16YFXcsVbriluoxVvbFX//R5dc2FlOC+pvPfXEhIVr65nuGPyWVyD92Yxckc9038gSaTofnTy9cSWkIsLPUEurqBY1CvHAjuwYCldh0OAHce8M5Cwfc+uLf/nIDTrwsvlLQrq8rXhHp9oZWcAbACFX3Pvm4OOI3kXViR6BKtM81/wDOUWr6jLfp5c0zRdLlcC0h11o4HijPiyyNMx/m+AZRYPRs4fNl8Hm3zboyNN5484+XdPoQXg0qzmlkJ6kepcTIPp9PBKUY8x8ymOOR5WhtQ/5yF8s2QMekw3mtXA6SKvpxMfn8CiuYk9Vj6b/1Q5MNLPr9pYJrv/OQPn++DppVpaaPAfsyTkzTL4fClB/w2YktWegr3uVHSjqXk+sfmt+Z51MSjzhewyMrMWsxHDHSoHHgyuCPc75V+Zyd/wBjf+Wx9yb6Z+Z/nS5QLc+cNWMu1eT24Ff+RWWDVZP532BrOngOibjzt5wk+IebNSYH+ZoD/wAysl+Yy/zvsDHwMf8ANWHzh5y/Y806h/07/wDVLH8xl/nJ8HH3KTecPO3Kp81X++xJFuTT6Ysj+Yy/zmXgY+5afOPnZtx5pv8A/gbb/qlg/MZe9PgY+5pvOPnZRQ+ab4jwKWxH/JrInUZO9l4GPubsvNn5g397Fp2l6/qN7qNwaQ2ttDbPK/0CLp4k/CMH5jKdgU+BjAshMb/80L/8v7Y3+q+ZrjzdrvI28Wi2s0EOi29z6no8by8jjX1WWT4CiMsfqfByc5m4jK/VLf8AmuJkjH+Ebd7DNf8AzO/M+2RfN/nDzFe2NtczNBZ6bp+pT6fYQ8OXJZxAysxoysnp8v8Aixo02y0Zoy5U1nFw8wxy6/NH8y7r/cnceZ9bRL5mnsq3lxbwOnQulW4iIHZeAoxwmZvbZRjjSfaX5n8/aTYaP53n1W21zWUuZ/0eLydbu6SAlVlkukf988fwhIfTL8aceKZTPEJ1In6TbbCfBxRiPq2ek/lX5j86SwnXvrkkuu+br8w6dYTI6W8Wm20wR5zbr8P7+Z/TSQ8eMUbd8z8MAI7uvzm5bPpGbyXoTVMkcsjmNonYzzfErijft7VzF/L45cx9rmR1OQcjXwb0XyppGhR3CaSstqty6yTKsjycmVeAJLlj0FOuGGnhj2gKBRk1E8hBkbpMRYLvWSQr4DxGWcI72o5GGj8uPKenalfazZaXHbalqUjy395CoimuHkbkxldAGep3+I5dER72oklkltaW0Vvbx8WMcXEqORJBU9QT3wy7kAPAfyo/KzVPJ/5jebLPXpW+rXtuJdE1e2BFvcLPeSStUdVeP4RJGT8P2viUjMHNw3ESF7tWWIlQunqGo+YIdHjexu2fUZX5pNOwKmQAEVk6cjx6cR0+0c1nqsS4rYykKrnaSaL9X/SgXgfrkcBl0vVii3NxFCW4mLehTif5TuPtZkznOXWnHwYzxHhNBN9Xaz1BVsAlxJDO8cV09oj2zokbFioZJKqpO22YWWOWUgYEbfjl1cw4z0+KT2Wp6d5S129UxWltY3UDPZQ8GD2f1dPjKtI7Cjk9KfazPiI5BU96YwwRiSQBu8//AOcjfMmh3/5fGTTUnW+vry2huWchY3BBkJoHardN6AZfhu/gyEY8VhFf841Wn1T8q7a6I+LUr+9u6+KmT0wfuXMoM+r14OPHClGWKxzTKkleB96V+nFU3aKziHxIqjxNf15LhK8QWhLSUhYWHM7AKa7n2wUthjmoed/JWi3clhq/mXTLK+hf0prea6jEiSEE8WUEkGgrQ9O+VSywjzIWwwzVf+cm/wAk9DCiXXpNULS+iZNMtZrqNfhrz5cVDLX4KrX48qOogjjDJk/PH8l5IkmHnXSVjlkSJOcxjbnLstVZQQPEkUX9rCNRj708QVtN/N/8qtZvYtP0jzdp1zezyNDFAJShaRa1WrqoB22qd+2COpxk1xC0cQYdrf8AzlN+T+jz3tnb6ncape2aTcPqds5t5pYAaokz8QaMCpYClVbKcutjHYCz9nzQZh49af8AOVvnDzDqpgs3isIFZJbZYIYgkhCFxBN6vNkEgoCa9eOaDUanWwAlKURv9MRy+Mmvjk35i/5yC/MDV78waVqsNlPYM7PpsAW1eW5iK1hQsf31CwH2vHmqnNZrNdqshBE/Dj/R/wB8wlOR5PZPIX5/WOseV4tQ822c1jrkLPb3lnFFS4edGoOMG1Cw3py/Xmywe0WOI4c28hW8P4r6j9LdHJtumdr/AM5B+TGUS6lbXWlwXEhg05Lng1xczKxUqIkqEAA5cman05mR7dxEEmMgB5blRlD1Gzvob60gvYOQguEEkfMcWofEZvsWSOWAnHkW5X9QeOW0h//S8b/l9dzT+fNEmvJXuGE7EmZ2f/dTnuTjIbJjze7+QtVEHnny5dyRrcLBdeu8DgOsgjjZihDfCQ1KUO2Ykzwi+5y4jiNPqC8/OnzpcILfRbO30ayH90o6qPDhGIl6fPK5ayR+mPzZx0sRzLE7zXfNOrknVNauXRt2hgPox/8ACcT+OUnLklzPybRjhHkEvjsrSM+p6StL/v2Q83P0nfKuENvEomU70NB4LtgpklGpXBRGNdz0wEMg88806re6cIbu0to7pVDLKkjsjAE1qvEH6a5OEAWMp0xP/lZt9b7jSIiV/wCXhx/xrk/B82s5T3M0s/O+tCNGOmREMob/AHobuK/y5d4B72vxweiYJ581ReukxH/o4b/mjHwT3r4oWv5/v166SnUE/wCkHenb7GQ8Ep8UKMn5lXMYLPpKqqirMbigAHzXInGz8R6j+V/kbz1+ZYi1S70z/Dfk5/iGsXjM01ytf+PS3KqX/wCMj8Yv9fEYSeqDm8nrWreTPOOnaZdeWPyw04eW9OvLdorzzRcSiTWriV6itVDcFUUI4kewXLxwwFAEtREpmyQwnSfyD/MK2s4odS16zvrm1Z5LOSXT2eCKRthIbdWiSR1HRpOW/wAS8W3ym9iBGr823h5XK68k81X8ovPKaRcapYppmr+ekeGPT31K0EWmw2vIesIkd5PQdlr8SfEfs8viy/DMRjXDTTkgZSu797BNQ/5x1/NrWtTk1jWdT0y8vZaj05Iz6MUIUrHBCqsRHGB8IVAAoy/xB5sPDPk3qv8AzjD+Ymp6dCscmjWM8UKwJaWUUsMZWpYqJHZ/T4k1rGF5ksx+LJeJtdFjwb1YfRH5K+SfM3l3TPrnndLVfMCwwWFrb6bX9H2unWKNHBDDy3JYs8sxPWRvbE3Ig9zjSjwk77PVygZSab5YCi1DioNSMTJBK+oC7d8qJ3YoHUz+4Xx5V/DLYc1CCiNYUHtlrNDzWsUysjiqk8vcMOjD3GQlESFEIlEEU828/aZqVtpM0Vhp93f6vyEljc2EYkDyM2/NCCEoB8QB+WYUdPInh6Dk4hjwGuhee+U/KP5ryy/pEWMtpPK0kjtqMgtYwUcMYlU8qE1PH4Qpplk8BO1Momhsza18qeZtNaXUpZln1CVa3NvFerECjMWKwS8WHP7KhZothyPPbMXJp5RG0TL3NgnuxvVIfNfmHzrpMWvaNJeeToy6tFNbR2i2qyq1fV4Tu0jKyoS6NwZvijHHMmGm4d+iiVmikf5tflveeZ/Ln1Xye8aanazteLp149BcnjQRRzmnFqgcFl+H9nmK5bGYB36t3h9z0b8srLS/LvkPy7olxBfadDbWaAm9VDNHLIS8iXAjH7t1csOlPfLOKhugRs7M/TTbORFljuDJE26urKVPyIydgryUG09LZpJbO4kjnepPJhLEx/ykb+FMq4N7Bpmcm1EWho2lcFZ2EbfsyQSShGP+UjE0+g5dEy6tREejzr8//NWreSvyp1fVtFupItbung0zT57cF2hlvH4esxBBUItfiHRiuOSRjFrIfEcPkrzhfxRJaaTcTTXwjuLSVm4y3HqORIVEhRgwKtzY79OeacYid6thStrPk7ztoPli61nU9KksdK1Fo7fUZborGZeDERsluSXRlKfEQOG4bJRxTjuRt0/HVUu0zy1+npmj8vadfahqKq8ZnTk3w7OGILLGCyN8PPj0+HICOQmgLUX8EFf297pst9pWpPJaXlsVglAdQ6zyqSjuBQMFbY75jZRwSoj339ymlaG5v7hrVxbRPEsj28wP771Z+I+ENx5OrdJArHj+OGYjKPpPNNI630TVfLLGNrSaGWYq01zvIYUZv7lmQENSnwt9tY+uHLGcoeuKDu9N8oeQfM3n/S7a9s7630/S9JmdrS71G6Bla4kQiQQUU8hvR3qPi/ys10OzJ6iMjGgPs+HuYiNsm0v8sPMI1C40VFgsLCd4rm71ezuo5ZLiaMgqRI7Hgqso5otC9Frmszdj6g5eER4jVCf+TEf1/aOieB6Cn5b38uqutzDa6hphIa2t7CZRfF3IL+m0icY/iHMUb/J+zl0uwtVigLkMlc4xPCT/AFeLZkIbvffJXljUPLmjrYSTTPEOJgtru5+tSRCnxVkCqKsTVlA4g9M6bsrTT0+Mxl6R/DDi4+Af1tv1OQBTI/Suv5PxGbmwr//T8Yfl5b3V15z0qO0haeVGlmZIxUiOKGR3Y+CqoLMewwy5Jjzev+RpifOGhEGv74/jE+YuYeguVjPqD6EVgx8T4nfMABzVUGpoBkkONep6e+GkWgJCqcjXxyLO2J61efGVBHEZAhmGFatIZomDbmuWRYlgGp2SqXYCgocttpIek21oPq0Bp1jQ/wDCjMxxAue3p0yJZhE6J5U1/wA26omi+WrCXUtSfcxRABI0/nlkaixoP5nP35WbZbB9N/lt/wA44+W/Krwaz5y9LzH5kjIkitStdKtHG4KxsKzuP55Bw/ljyYh3sTK3uJkdzyJqen0DoB7DJotcrNjS2vDEih3B6jGl4lZX2p2wgMeJznZaDvkwGJkyK0obaM0/ZFckWhfSoYDx2wFC5VotDgCUG5pX7shJi52ChQNyBU5CSoK/Ja3DHcVAGWwNpCEh/uwMuZr6VxVAa1oum+YdKudF1iD6xpt2vGaIM0bAjdWR1IKup3Vh0xIQ8U1L/nHfyhaOPrGr65NG+yTepBQ/5JquxGSssKQH/Kgvy/8A273WX+ctuP8AmXja0rWX5I+QNOvbXULafV/rVnNHcQM08FBJEwZa0i6VG+JXdlmpjmZSQKsSSB03zAm5UUxsruS40+OV2LSwUikY7kp+wT8vs/dmRilYaZiiugeWCQyWUrW0rdfToUYn+ZD8Jw8A5jZePv3TODzLChkTWLImKJzC9/ZqXTkux5RfbG5p8NcSTHmPiFAEht9qLjsoL8fpLQlg1iwf7UdvdNBMp7ipJQ0/lcRtlkZA7jdgYVzRcN35ablY3lm1pPSr2eo2rhyvStSHRgfFWOWAhFMR80/lz5N1vUTr0d3cRaiE4LAYVu7Mrt8KwyovAmm5R1yEob7FJ3DznzD5Ma7ihW+8v6bIvqUgEmn3t/69vWhZWtFDQnb/AHd/sWbIyBPNaKbeXvI+m2tpexWOkWek3FyYyI7uxk1G3fgaijyRRTKF7B+ZXtmuz6WUyalV934ty8WURFGKEg8k+dtJhjvYfLOm6jqcM5dbvT/0bDIyhqIVS6tkI4p3+19OaHLodbxne49N93bwzaQxG1HzDKfKEn5larc3mnectNgs/LcalYjdpZrPMWqCES3BAFKcmanL55maDHqY5CMh9P8ASrb+q06safwx4f1f0b+204H5f+RbSQTDSdPhcfZZEUGo/wBU50bpKpOLa08vWsK28NtbrEgoix2y8AK1oBxA647qrxW+kK3JLaJa91gRf1YKKphFDan414xhRUkqFAA71wSC0mtvqWnKgV72HkNvtjIiY7w2cEu4q36W0r/luh/4PDxx7wvhy7i//9Tzv+k1sLeay0W0ttIsp09G5isIhE00XXhLKxeVwabgvxPhiWYRnkWUnzroVT1uT/yafKco9JbcZ9QfSAYAf5jMBz7XhwB8+2FCnLNtvviUhIdQvPTVzWh3plbNhN/d8izMaVxZhjt7NyUjt75MMSx66QOHr3B3yYaiHp1tAv1K3Ymn7mMn/gBme4b1XyJ+RGs+ZhDqnmZ30Py+4Dxx0H6QuUO4KI20SkftyfF/KmRpbfSHl3y9oHlPTF0fy3Yxafp6kM6R/FJK/wDPNIfikc/zMflTDSLTUMPbGlteCMNIteCMNLa8MMUKgYeIyTElt2Hw5IILIbGZDbRgsAVAG5GCmtXEsQr8a/eMaKG/WipXmv3jGkoGSVDX4hSteoyEgaYqQlQty5jb3ysRKqNwytAwrVuQoAe3fLYApCHjA40y6mS/bGirsaK2FOaGKeJoZlDxPsyn/PqMaKLDHLvRVtnFZGMTfYag7dj740hCnToe7t+GKsa1hRBdSxdVB+EnuKZiZBu3QW6BOoZ4nHKJqq48VOOIrkT9LVIZQRE8iL8UcgYUNNxUfPrmUBu0Hkl01pH9R0+xkDm7nvbZrpkJ4j98ZZD9HEb4m1CZa5oFtP6+qWa/V9TCMZJoWaF5QBX4+FA5H+UMiYRJvqyE5RGx2YnaT+aTAklvpd1fWTisdzFcTAPTY1CvsajwyrgbBkKyzk165L3MNtc3sbsQIUklZYRXYFgak/PHgCjJJGhdUAupbmyeGOwjFxf82kJihILBnFa0IUkY+GE+Ie9lGreSY79VudD1CTTZnRWEMlZ7VwygjY/GvXsTkzhiUeLLvYFEfMls+qrJa291b6NcrZX1wDUiaQgLSpUsDUdsq8MdzLxZd6b3Npr2nKsmraVFaxFuAZ+LVbrQUck4TjA6J8SXeiLBQTyoATvQCg+jLIimqRJNlOIh0ybFHwivXCqH8z3DW2gyRxsVlvJY7ZSDQ8Wbk9P9iuApR+mJbR20Kp6coVByccWqepqcqAHc2We9MKQ/yDp4L93TLNu5Fnvf/9Xy/LKSCegHU9sLJNfIkoPnXRFUlmFzVgBWihHqT4Dfr0yrKPSWzGfUH0t6lQPkCfuzApz3cz3PXAlD3VxwQ70ORLIMQ1a9PJlXttXvkWYYpdzqGLfaOBkktzMDWvXwyxgUrV1vbtbKOREdq82dgqIAN+RO1fAZbCBkaaJzEQ9O027tZHsbJbmBnaS3t1Hqx1Yl1Qbcu9cz6cW32y0V2srK8iEqSpJQg/Dt/Nl7j7Lwl12kj/4Bv+asKFQJedRLEB/xjb/mvChUVL3/AH7F/wAi2/5rwqqCO/2pNFT/AIxt/wA14V2VBHfdpogf+Mbf814oVFjv+80X/Itv+a8KrxHf9p4h/wA8m/6qYVXelfn/AHfFX/jCf+a8O6F4hvv+WiL/AJE/834ULhDff8tUf/SOP+a8CrxDe/8ALWn/ACIH/NeO6qoiu+92D8oF/wCasd12VFS4H/H1X/nig/jjuhdwn/5aN/8AjEv9cV2d6d12u6f88Y8Vd6d13u2+iOMfwxXZv05e9w5+hB/xrinZIfN/mDTvLOnW17qrXDwSzmGM28XrMH4FtwCtBQdcqmmLDj+aPlOmy3//AEif835XbOkgvfOmkSXl7fXn102F6Im0qFYFYqIl4yM45jiWPgT45URaQaRPljV9K1K54WV2BcPVhZzApOABU0G4NPbK4RILOcrZ/btKq8UKuCN1Vg33gZlBpKjOvIEsrIfkaf1xQp/XryC3nRf9KUxSBELcXBKkCjHt88DJi+heb/0dYw6OtnJcS3Zl9G6WRESIuKNyVhyNDvtgtQjYfOUHliSXRxYPdNEV9SZZVjHPiKrQqSaeOE7bLHcLofOM18dYht9He5k1ZCjIJh+7Rbf0FU/BvSpNdsbTSeWXmXW7e1trY6Gxa3hiiLvOF5GNApNOJpWmEFaYtLdapp663+kLSGCLWtVh1IqZ+ThIGVuAULUg8dzlZNWSyAt2o6/deYb/AOt3QEYG0MCGqRqTUgV6knqe+QMuIsqpNrFKKDkw1ptHk1R0FcbVK/Nlj+kEt4HuoreKGKZwJJDG31iZeCPtvxUVwJAYVplhd6S6q+prciMAepbh4+bDx5U2ymu5sTf9JT/79b7XPqfteOSY0//W5do/5R2qlZvMd81w43NnZHhGD3DSsK0P+SozFlqP5ocyODvLObTTdJ0Wza00azhs4jxDCBRyajD7chqzfScxzIyO7kCIA2ToOF6neg96bYqse5pULX3PfIsgEqvrriDvVu3gPmcizDC9TugZWFa7knwyJZhjWo30cScpG4qdl7sx8FUbnCN1Jph2s+YPRLRV4np6CH95/wA9HH2f9Vd8yIY3GnkYk97dXUwegYJ9mMCkYB9v49cyBQcYm3on5c6dDqXnvyhZrErSXOr6eAOI6idHP3ccsG5a62L9NJW5zyv15uzV+ZrmU0rlwqqDChVXCqqMKFQYquBwoVBhQvGKrxhQuGBVwwquGKFwOK23XCq4HBSuxV1cVthH5rxiTyrGxFfTvYSKf5SuDkJC2US8SljoCQrkUr9kHIcDO2tbcQrYwhW/d2qMRTp6hLZXWyQmH5cFZfN0MoSiW1vcTEk1pRQP44K3UqT3r2Hlm1mR3juNc1Ca9dlYq3BpeCGoOwKqT9OS5BjzKGufMl/Y3lzAmoXSyrKoESzNsioN6EnYk5EWypEQecdcaSJBqF0FaSNW+MEFS4qDtWhHXEnZNBkflb0rzWFhA+Gzu7ksPCGMEsflthAshgeRY1qXmO31HVby+s6XFrcStIkiE0O9CNx26Yk2WURQRdp5hdITPbAPZPT94hKs7DuOmwFdjkatKaDX7uJzBJfTxKVVgBIxWjio+XXKzGTMUpkyXLl0lEznqxYlz/wW+VUzTHT4p1deUbAfKv6q5ZFgSzGyRgo+E/dlwDWmcQYmlDX5HCqPtY5HkVFUlmIHQ98VedeYtaik1K5vp0dYGuZLOAAVcJa/BUr2BORMWQQcGoaddOkUN4onc0SGQFWJPYZAhkjvq83+T/wXb7saQ//XL3lJNCajwGwzVO2UZ3Ahftt92+FUW8lKb7kDYfLCgIWe5VQRX6BgZJDf3ZYMK7AVPgB4nIWzDAdX16BBLLBInpKaPdyf3KnwUdXPsMkI2gyADzzVfMUk8ji0ZwWHF7lz++ceApsi+y5kxhXNxZZL5JJHbtP8b/DHX78sJprpGokaKEUUyFper/kFbm9/OLyHABUR6ks8nssEMjk/hl8OYapbAv0SU5mBoVlySFRcUKqnCqoDhQvBxVeDhQvU4oVAcKrwcULgcKrgcVXA4UN1xVcMVbrirdcVdXFUj822A1PQpbb0vXYSwyLGCQSUbxHzyUI3KmMjQeaXPlu7aKQLpc0QUH1AHcgEdB8XjmT4VtXijvYb5v8ARtLxFuVEdI41jZqjkqqBWvTbMLgIiDXNyYysqvkuluPMOoW4Be30uRYadC8x4KPpNMxyGxL/ADmUsrzTNGjqY9ItoIAoNPiQKCd/cMcMgxhvukGrH/nYbsivxr07VHE/xyAZqmnkm/gBJ3eqincAnE8kvQvL9tNZ6V5r1OM8bhkktrVj2knFTT5rXDDqfJhPo8z0W4JtwAKBZZAAfDmcDNOrOQR6Dp6H7TyXLmm32JDGMAXqjr6Q/wCjTb/vbeJh9AK/wyShLtZkaG40p6lf9LjBoSpYSRsu9OoyKs3+sXaWWnS2lzJbPJIqSvEVqUMbHfkGGxXbKxzZSUrbzx5phRR9ejkFBQyW8ZJ+ZFMuRSYQee/MciszXUNY1dpEWFAwoPhNNyKnG0Uh7/zz5wj01Z4dTkt5vWTlJDHGh9JSOQ+yaVrkZFkAFHWXee4RGYyhULu7GrM859RmPuScksUHbxGOaKQLsrK1PkcB5JZj9Y9/bK0P/9Am5/fmrdshrmUek4r0A/WMQlfLdgKAD2HT5YSoSbUdUgsxSYs87isdtEOUr/R2H+Ucil5t5m83BmeCUrM6nbT4W/cofGeQfbP+SMtjBrlMB55f3t5qUxe5ZpHHwxoo4xoPBVHQZeAAHHJJLcWn8DWWjPTZOor/ABwGSRFFCMgEFKDpTvX2pkWSi6HetKgYsXtP/OLVqLr86dAKje0s9Ru2HWgjtmUH73zIxbyaZ8n32pzNaFZckhVBxYqgOFV4bChUBxVepxQvBwoXg4VXg4VXA4oXA4quBxQuBwqurhVwOKrq4KVuuNKiLFI5LtEkUMjVBU7jpkJ2BYTQOxTS5tLWO2mkECsyRswWgqaAmmYwyS718GHc+bPz3t4rnyN5R1rT4h6Nzbox9TirrzjWQddiakgiuZuMmUCO4tQAjP3hiPlu6Nt5D8w6mm7zGxtkp8O7N6hH4ZiHm5bEb2W5XUb/ANS4kmdJmbnK5kJSQCRKFt9gaYy5rHkhYtZur64s728RRNdxuzlAQlQooAK+AyAZInUrl1027kiZhKsTFGjJVq9qEbjCVewanenTdM8u2EoAuNXme9uoxtVI41jQU/1q4Y7R97VLc+55XaQGxn1C0kHF7a9uEKnw58h+BGRbQdmQXCJGljaLSsFrGWHg05aU/wDEhiFQemD1hNKSWElzIUBJICKQgAr0G3QYUsdhLjRp5ASTHrrvGWJNKTjYV7b5FXq9tV9Ms/COVaj5CQZEc0lJIgpjWg3oMsVbovptd61dlQf38NmpPcW8YJH3scHVDri7t31LULC7u44jcQRSWcU0gRSQjKwTmQK1UE0xKDsnSAzx28/+/IY2b/W40P6sEeTNFRRj5/MZJUf6h/4X8cpQ/wD/0Y1JLTp2zVO3S+8nPoOxYKgoKk0BJIoN+5xSk+q+YEtInmMgsrVSUN3MKyMw24wx7kn3yYDAyp5vrPmie69SGxD2trLUSSFi11PXu79QP8kffl0YAc2gzJ5Mahs5LhvTVKAftEbD50yVsQEyjtILeoU8mI3c9f7MjbYBTbcK0pX3GBkh5AzE0FB2GKEHNRegr7jCwL33/nD23ef817y6Iotjod4W8f8ASJIohmRg+ppy8n3EpoMznGVVOFCoDhQvDYVXg4oVA2KFQHCheGxVeDhVcGwoXhsKrg2KFwOFVwbCrdcNIXA4pXVwK6uBCIsWpewf61PwOQyfSWUebIyoYEHcEUI+eYDdTwb80fKt1qX5N6TbW0LXGo6QFZEjG/COqPt7AZtMY9c4uIZfSXjOm3DL+V1sGAVr7VnV18RZx0r95zDlzLlBINUJT07gdJrMhh/l25KV+lSMEuiQltFgt9KdtlSgY9qMlMgyT/QbWDWdZsdMqHWeVS4G/wAEZ5n/AIjilN/z21SSLWX0yN/Tkt7a0toAhIZRJWV2FNxU5Oe2zVDlfexHy7JcS29x6s7z3L3D85JWLs7MFFampOVtgZFqmrJaeZdatncLHbmL6vU9ooQhH3rhQOTejX9qtha/GKhAzVI+0xLGv0nFkkOn3MT6GAWFJNWeYMTtQzV28cAV6zp0ytpy1IVfWFCxAHegr71yP8SnklsQUKp7Ab126ZYlC+XpYZdMYxuryyXM886g/EjSNVQw7EruPbAEMG/MUpeak4VQw06GJnqKikjnc/6pIwFL07RJxc6NYT13MQHj4H+OCKpmkpB8cklU9Qe/2a5BX//SgF5qQi5RW6fWbkdUU/Ap/wAph+ob5q6dtdMI1DWraXV40vtRikaCRD6St+6i3BIAWoqPHrkuE1ya+IXzYfrF/LqGqXNxNK1wRLIsLEkhYuR4hR0ApmSKAaDuVOCyMzCSQFU2NG/pgJZAJjxCJwWgA7DpkGYQzIXbwHc0xS0YST8IJp3OKVCYUU1YD398QgoIqVK7AuDuvWgOSYW+lv8AnDGzdvNnnHUGFFh0m1gUnrWW7LU+5MytONy0ZuQfYSnMxxlQNhVUDYoXhsKFQNiq8HbFC8NhQvDYqvDYULwckq8Niq8HChsHFVwOFDdckq8HAq6uKtg4qrWbUu4D/lr+JpkJj0lI5spzXOQwDzXeyW3kS/vI0WVrWSdDGa8GVZWFPbbNpjNZfh+hwTH0j3vkW41661GKO0qi6ZFNNcW1sqBTHNMQJCW6mtO+YuU3JzIDZA6nMDplfsvEziv+TItP1jKr2Z9Wp7Br7TFijYrIiK6EbVIHQ4ApQP5a64nkzz7Dqer2Ut/EIZIVt45FjIZip5LzHHcDjvjHmstwxTzFrF/q+tavrWou5u5pnfjIxbjyclUFegTlQU2wE72oFClDQ/NVzpTNGzU5NzSb9tZD0YH2O4yILKkz8wasdTuBd+qZrxlC3bE1kaQ7sxpQVJNcSUMbe71SznpHK6p/Kew+jAmkdBrd5bxxwcuUKuJOLV61rviCmnr+ga5Fq3kHU72dNtMvIJnjJ5U9N45BT+GHqxTlPMFjfabcT20w9T02+Fuo5Cm4+nJ2lX0CE2t5eWgGxtrKYeP2GQ/qwBWNNDHqerau53trtJLUue5A+GnyIxSyvyJK8nl6KCQ0ktnMbfRUfwwBWUBNx3+WFlSQ/pmP+ZunDr3wIp//0/O+ueaZ72NrKxU6fplKFFP7+Uf5bDoD/KuY3CBzcsyJ5MZhliWRQsdNwFCjEoCOjtSZGkYA1YkD54GaL4M3U7ZFk4RKOu+BLmWmwWpxS0kDuRvT9WSEUWqyacksQVaEsaE0r92TEWJQb2IgZRQKV2UAfFgIpQ+nv+cPbNorfzrqJWgeWwtAfHiksp/XmVp+rj5juH04rZluOqBsUKgOFC8NTFVQHCheGxQvDYqqA4QFXg5JiuBw0q8HCq8HChdXFVwOKtg4qvBwqvBwIbBwqqQtxmibwdT+IyMuRSGVGVVND8s1tN5kA848x6lpv+C/MUV7L6EFpdXUclDxYnlyHEDrXl2zZQFTB8nEPKvN8ePcQw/WGWoiSU+m7daHfMfNzcuHJC3upWk1rIgYfEAV3G5G+2Y7ZSe6VcrLApjAb4QeIPtgBTSB1myjZkvDCYp4jzjcEEEjsaZK1Yvf6Q+oz3YiUMkjrNt1ow6VPgcjJAQqeSbiQCMDktKb7UrkWSaaN5NS8ujdzOQolpIg2qYiAf1b4qyvU/JWmX4Z4gIJSO3TJUqQn8upi5AkWi7AeI8MFKyvyz5WlsvKnmzRWNf0hCskZO9GUU/hiAgoXS/KUkAj9V2aJSCy171r/DCyZBqF6dP1KSbmE9awKbjasT1H3VwoQFkqWWi2t237UpeQkV+1WhNe2BIb8uakbey1AwShWilV6kVUAtvt4b49VT1fNbxRE3A+Eg0ljoR93UY2rzb/ABF/l/8AHxx6n7+nXBa0/wD/1PKMKSXTV79OR6DMdywmcNtDEpCqWf8AabucaZIsK3RRsRXcZFK3cnfr7YKSqIop3J9umCk2rRIzbcSFGWCLG00srT1WVETmxNNhUn2y6MbayXu35bfkbP5nga+1mKa1tpRSPgVSVx3YLQke3jmyhgFWXDnl7mDfmV+WMHlTVWggErQklVWehcKtNywO498x82Gi2wybPYP+cZLH6l5T8wTcOAuNVRUp3EFsq/8AG2RxRoFGSVl7erZe1KitihUVsKqgbFC8NihUDYVXBsVVFbCheGwqvDYULg2FCoGwquBxVcGxVcGxQuDYVXhsVXcsCrlNSANj2+fbFXl13+aup28b/WJC7IzIVRa7qaUbcEZkGEBuA0gF5XqP5hTXT6vZTXBW1upDMsMqlmMlOo6nKJZA5Ag84kuo7q3uyaOisCONAd/n4ZhSNuQAx2QutVBowPJdqbdKb/qylsROmeYJtOmIkBe3BowqBT/Vp4ZFLJptdsbqyne3k5uqEAjqGPQbYbRSzTWBgjmc0kK8SR3I64UdUxXUI4xVl2H7Q3yKULY6zDD9ZQGoM7yKKUPF6HCFpGp5oMdFEZdT9k1H8cbSrDzVGy1WMiRdqdtsNrStaed3sZpUNsJ4LyBonHIpJEwOzKKEN/lKe3TG0UqRecFB4snxgbnsQfCnXG2SVa9rseoCAxAh4+aEjYlX6g/dgK0yLTNQ0zUdNWzJ4sqhWRt9x7YqxTVIJ9G1Cax06fhDfwk3CIvKqhhx4/ymo6jAtJS11qMNQ7cwNq0+KnyrhZKPL/IH+/8A7P7X82Baf//V81JFGCPSjCxigAB6D6cpcxW+DrESQNht9/U4Eu9QdGqPZsiq9UWnNyAp7d8CVaMqF+EEA9T3w0qOs1MzhFG34kZbEWwkae//AJP/AJX3PmK4ivZbYLGhUw+qtE67nt0za4sYAsuDkyPszy/5YttDslhWhZV+IqKAH29shkzcXJoA6vmb87YYG1e6a4ZTIXKqg3bgRtt2GWzqmcEw/JK2Fr5HLgUFxqN24HspRB+rMeLaXpCtkkKqthYqithVUDb4ULw2KqgbFC4HFVQNhCF4bChcGwqvDYVXhiPceGKF4bbFV3LFVwbFVwbCq8Niq4HFCrC1ZYx/lL+vEq+UtZv3hvb2JkKBLmdDU7njKwyByBtEXneqzNJM7CMvuSoVqN9GYZk5ACSpcSSJcgA0ZDVGAH+3lZKaS6G4kPwMeakAAkdKZG2S1pljPLcjcVFNvGp74FXWzSGb90SjNTkUAKleoqB0+eBKf2l5P9Unj5cGQh0c7ih2O3bJ3sxUxe3VFAJII6qRxr9JGRShZbkq5aTkh+0TQ8T9IwKsTVY61DMxHQgEinzpvhSuXV4i3qKxFDxK7jbFURFe+qTcSDii/CrEn79vDFKJW7qFXkJBWoJNOuKrpXjIJBIHc1+Ja9sUt2l5PE9EbiD05U+IHscASUwi1V47tbuQUlFF5qeVFTsRkrRTIrrWPL9/EUu4RFccTxeP9onwIxQx7jZeJ/l6fseHzxS//9bzR6nNq05kdBlFuWvYual2CD2/VgSqRhIx8Ch5OnqMa0+QwFKqgjZ2Lsa/hiqslGICt16+NMIC2zz8vvL7a3rNtbhAyoauT0A8T7ZnYIcRcbJKn37+X+hW2i6TBHEBsg5MSNz7HvmbkO1Ouuyzgz0iJ6qQfhAzE4d2XFs+Ovzvvl/xTdoq8pEVVkYmoBPanQEZl5Ngzxsw/KeMw+QNI5dZzcT/AESTN/TKI8mws2VskhVVsKFVWySFQNitrwcUWqA4ULw2NKuBwqqA4oXBsVXg4VXg4qvDYoXg4quBrhVcDTFC8HFK4HChfG3GRW7hgfxwK+RvOzpD5m16Ch4R31zUDqD6pO335hSO7lx5MGnPqMDESI6bmlN/GuY58m0Bq0jtyrI4BZ/hkB7HpWuAFJSy5s9PjIQMzMCQ6LvX3OEsWra104tyjJ5L8Jjf4fh+R8MCbXvDEh9OJAk2xWRaAFT2J7YqqWl56TywenI0QG7mlB2+0MkFQTSqzbcSwqAOvQ5FK2UyL8XNVVf5H7+9R0wqhprtgvEIQwJ+DxB/aUjG00piRmIVydx0b+3pilMuIXT44EejyNRQ1G6VJBwKhQJoGClttuSEcTXxB6HCto+OTkDzrXpUeBwKvoSQgYkbCh2p9JxSqSXDxy8GAPw/ExFQT9Hf3xVfbqZXHIB1BBAHj12xZJv6yfy+3Xv4Yof/1/NiUoPS/DplDltH0vUPqfa/DFKrHwptStdqdKYFV4uj0pilXt+HL4uu3TJRpiXtP5Hen+lFp9rkKV4167Vr2rm007gZub7M0v616EPpcuG1PRp/wv8Ak/LMs04SaS/p74fq3CtRXnXjXIDgV8jfm9T9N33r/wDHW9Y/W+Xh+xSnt9nI5XKx8npv5Z0/5V95bpX/AHiHKvXl6j1/HKQzLLlrkmKolcIVVFcLFUWuKqi1rhQvFcVXivfFVRa4VX74oXitcVXiuKrxXCheMVXDFVwxVeMULxXCq4VxUrt6inX+OKHyR+ZnD/G/mX0K0/SE3Gn0cvxzXz5lzYcgwW55cV9LlT/Kpx9+WUlsUIeXNOP97+14fT26ZEJKtqH1P6qfT4/Wqfuf5uv7VNv7MkhJH9D6zH1rQer048u9PbIpbuP7tPq3LjQ8a9ONf8+OEq1BWq/WuXqUPo+n9j3r25Yqvl+rfv8AlT1e3TlTb+XviVC4V5LWnpU+D1acuPtTf78VShvtdvQoePOtPo7064GS0/3Cc+td+n2e3vTwxHJKbt6HpW/pcvUr7Urx9/bwwhCqvHgOfD0q/FXp70rthQ6141+Hx+Pw+jtgSjbn0vQ/e/a5CnSte2KUD+/9Z/8AfXfn1rTfpgUJjY8PVXj4b0r1+nClMP33+V9vCr//2Q==\" alt=\"\"></p><p align=\"left\">环境愉悦，干净，舒适。。。</p>', 'art_10.jpg', '0', '2016-04-06 19:40:38');
INSERT INTO `housemag` VALUES ('A0103', 'A', '20', '一房', '9000', '100000', '2', '0', '<p><img wangeditor_img_max_width_mark=\"1\" style=\"max-width: 100%;\" src=\"data:image/jpeg;base64,/9j/4AAQSkZJRgABAgEASABIAAD/4RmCRXhpZgAATU0AKgAAAAgABwESAAMAAAABAAEAAAEaAAUAAAABAAAAYgEbAAUAAAABAAAAagEoAAMAAAABAAIAAAExAAIAAAAcAAAAcgEyAAIAAAAUAAAAjodpAAQAAAABAAAApAAAANAACvyAAAAnEAAK/IAAACcQQWRvYmUgUGhvdG9zaG9wIENTMyBXaW5kb3dzADIwMTU6MDQ6MDkgMTI6NTQ6MzIAAAAAA6ABAAMAAAABAAEAAKACAAQAAAABAAAAtKADAAQAAAABAAAAqAAAAAAAAAAGAQMAAwAAAAEABgAAARoABQAAAAEAAAEeARsABQAAAAEAAAEmASgAAwAAAAEAAgAAAgEABAAAAAEAAAEuAgIABAAAAAEAABhMAAAAAAAAAEgAAAABAAAASAAAAAH/2P/gABBKRklGAAECAABIAEgAAP/tAAxBZG9iZV9DTQAB/+4ADkFkb2JlAGSAAAAAAf/bAIQADAgICAkIDAkJDBELCgsRFQ8MDA8VGBMTFRMTGBEMDAwMDAwRDAwMDAwMDAwMDAwMDAwMDAwMDAwMDAwMDAwMDAENCwsNDg0QDg4QFA4ODhQUDg4ODhQRDAwMDAwREQwMDAwMDBEMDAwMDAwMDAwMDAwMDAwMDAwMDAwMDAwMDAwM/8AAEQgAlQCgAwEiAAIRAQMRAf/dAAQACv/EAT8AAAEFAQEBAQEBAAAAAAAAAAMAAQIEBQYHCAkKCwEAAQUBAQEBAQEAAAAAAAAAAQACAwQFBgcICQoLEAABBAEDAgQCBQcGCAUDDDMBAAIRAwQhEjEFQVFhEyJxgTIGFJGhsUIjJBVSwWIzNHKC0UMHJZJT8OHxY3M1FqKygyZEk1RkRcKjdDYX0lXiZfKzhMPTdePzRieUpIW0lcTU5PSltcXV5fVWZnaGlqa2xtbm9jdHV2d3h5ent8fX5/cRAAICAQIEBAMEBQYHBwYFNQEAAhEDITESBEFRYXEiEwUygZEUobFCI8FS0fAzJGLhcoKSQ1MVY3M08SUGFqKygwcmNcLSRJNUoxdkRVU2dGXi8rOEw9N14/NGlKSFtJXE1OT0pbXF1eX1VmZ2hpamtsbW5vYnN0dXZ3eHl6e3x//aAAwDAQACEQMRAD8A0DWDym9Nw4d8ij7EtiuEA7hIQe4cyPxUgfNG2pvTae3zCjOPsm2IJUhKb03Dgz8U4kciFHKJHRIZCVIApNGikAmFdSwBUoPCcBOAmEppTa7HfRBdGpA5UrKbaXbLWOrcRIDtND3Ttc5urTBCT3OeZcST56oWU0GEJQU8J4StFLCU+qkAO6lA7I2imKkJSATgIgopcBEAPKelsujxW7j9Ox62guG9x8U4S1Wl/9DbDZT7UQNShWrXUj2pbUXan2oWmkQan2om1OGoEqpF6Y7aFIMcPNHDEtiZIArhaERwpgInpyl6Z7KKUO2q8FhCUKe0jkfMJwJURsbrqRwn2qRCdpAkkxA00mT+7/JQsqpHoNCfhOicI1uVdbUKXu3VgyGkDkd0HciDotIXlSBAUASTA1PgEtwTgtKZlm10hXR1S/Zs3SOJ7rM3qRsmDAECNBEx+c7+W5PiFhD/AP/R6IBPCQUgFYK9UCE4CcBOAguW2pw1OpgfigVBiGqW1SDVINTCU0j2pwxF26Jw1NJXAI9kqD6h4fNXG1SoW0kBM4hdLqNOe8PadNfyoZs7HRWXs1Vaxqf7cT4LDIhY2KJef9dFWvaZgEgeRhUMitw5Jd8TKjyAwFgcX1TE31p1/V7g6diD/cm9Vc769uO4mpxYT4cfNv0UJ3UMt+rrnfAGP+pVaXNRgNYm/DZMoEdd3pzYAJOg89PypV3V2FwY9ri36QBBiVyhsLjLiXHz1/KjYrybmAEtJ0a4dj9JHDz3FkjDgoSNXevh0Y5Chb//0ulAUoSAgapFwHCmtkpeEHIy8fFr9S94Y2YHck/usb+e5Nde2tjn2GGNBc4+AAly5DIz7M285FpgHSpnZjPzWtH/AJ8ToRMvIJegf9YDP6CgBv71rtf+261Sy/rPnVAta+upzfpENHt/rOdPu/krJflbAQwwR38PNZVhNp3P1aPoMOoE/nO/ee9PlGMBchfYd0mQA0dV/wBd8+t5jNc4/wBVkf8AUrU6Z9fhY9rM1jLmnQvYBXZ/Z/wNn9R2xcPmYDNjrcZu1zfc6ocOA5dWPzLG/ufnrPrsIMtMeBHmmCcJaGA+mhWccg+7Y19GVQ3Ixni2l+gcBBDh9JljD7q7G/uIzQF5p9S/rJZh5jashxONfDLwfDhlv9ej/wA9+xek5FzMWt1lmoadoA5c4/mtVfmIjFqT6K4uI9mbH66A1J0ps1jXiVI1ucDposGzqN9zjucWtH5rTDR8VRy8/IY4NYN06hzydp/qNB/6pZc+ejZ4IGX14W6OVloDIRJ6bu5e2D5KrY1Y9PVMlrpMEDQgCCP7P0XLWrvryKhYzvyB4q3yfOxzHgMeCY1Eb4uMf1ZNfmuVniHFfFHv+61rWqlkM9q0bByqORoFdkLFNUGnFy9CVQc6DPY/lV/O5VS6iyvBYXti3LJsqLtNjK/o7m/vZCzs2H5unDrZZ5SBiL3JAH95ELJMcIlORstY4/mua6fIHVZ5uAiDM6pm3jdqVUECNezFb//T6YeKi92kp5QbHKRmcz6w3Ob0nI11fsr/AM530f8ANXKeoeF1HXqjf0y1g+k1zXt+I4XGerIkn4g+IVnDQj9Vhu2zuL9zf3jt+9Tsp1MfcqtFn6V7e4h4+HdaNkOEjvwpTjjkq+i0lzyC18jSDIWFcwV5NzBo1r3R98roMmxlbHWP0a0Sf9f5SwGtfbY58avcXEeZPCingEJCkXbawNwubHxI8l6c7PdlYuG4mQyhgPm/btsf/wBFee9NxTuNv7sD4uPZq7atuyllY5Y1rY84WX8bmI4MUL1nMn/Bhv8A86UHS+GYyZzkf0R+MmHVsk14tVIMOy3Hef8Agmglzf7blt24H2qkNGhdWHsPg/aHN/zlz/1ir25GCGwCKrOeJEqzh/WhmA7Ix85119jHj0yxrSGs2tc2lurPofyllYcRlEEC7Akf8NMpTyZ5mIJMTUf8BrB2odET7XD/AF/cctDpdxZkemfo2Aj5qo91eQ599QLarybaw8e4Ncd7Q6PzkalpbkVnghwKjhk9vLGQ3hIH/FPqdDJDjxSiR80T/L/BdW3grOyuFo3nlZOfaythc5zWxxvMAn81ui6Umnnw0q8Nubklt4jFoAsydwcAWiXMrrsb+e7bvs/4FVc178m4Z79BZIpYQWltYG6rex3+F/PetDI9FtVeAx7BjPrbk5jmv0NhAts3XT9Dd6f6P/RLKzeqYbmW2l5eK2lzGhrvcfzRW6Pd6jll85nMv1OKMpG7zERvwhBnww47kdonT/A9Rk891MW0PLqC2CTuY7WJ+Cofb8uYhn3H+9J+TZa4usM2PMu/rE/RRm9Mz3ODWVB7i7bDXt5PzVmOPFCMRkMbreRphlcpExB+j//U6Nx0hV7rK2M32ODG/vOMBVs/qbcdxpph14+kT9Fn9b9+z+Qsmyx1j/UtcXvP5ztT8v3U+29i5czAlI8Mf+cW5mZ2I+mytpe8vaQC1pifzdXLjup4eW6w3YtLnOcf0lYjU/vs/lfyV0bn1tBLtB4lVcjqlNTdxDWjs5+g/ssb7k4SkARpRZjymHcmQrrY/wC9eWFuVQ8PtotrLP3mOgg/SboFr42XXkU/oXtcewcY1/0dn+icpWfWplZhlj/LaNo/78k3r1GQf0zBZOhLmtJj+ttY7/pqTHzEoHoWCXL4paRy35j9sWjk4OfkWTkjYwatrrBI/rb/AM5WsXoz4DnN9GvvZZoP/M3f1Ee0X+g6/pDt5bq/FLnAn/iHTu9T/gbPp/4JD6GMrq1/rZjg3DqgvrZO6w/m0+q472M/02xN5jncWKEsmQy01qvUf6oYxy84yEeHfaX6Nd7eh+r3SmW5FWQGEYVBLqy/Q2vH58f6Nn763LsXo2OAXusZ3E2R/m7hvcqHVurO6V00WMa12Vb7KKyPYNo+m5g/wGK36FX59q5JuTdZabrbHW2vMuseZcVy3MZOY+IZDmnL2sUfRixx10G//oeRtYycXphIj94j9J7Lq+PXl4oycOwOdQTuIEuaxw9z7B+c1jgz6Df5tc06qjFwKrLaPteQ5vvlxYC9x3P2/wAjc72q50jqNlVzXtd7qyJHiPzmf1XLXwekVO6oH5LC3p+K8207HybJh9NJrjc3Y7+c/qKflc0+OOHL644wDY/VynigPbhCcocHycUPUxyjIcRxkiU9NNevHJkzEFdVdW3bsa1u0cDT6P8AZRm0fpG7RJLhHxlaFhxHvAa0tAkudzJ7NXM/X3Krx+kDFqMuzbGVn+q0+q//AKhqjx4fczwxijxTjE/92f8AFb2TPwYpSIIqJ3/B06up9Pzbr6MTIbdbj/zrWgwBO3ex30ba93t3sWbm5LXucKsn0YOzZZTvaTP0/wA5VOiHFObfXibqh9kLHPEA+65trXtDnfm+5v0ltnHzSwtry5JBa02s3CSNN2lq6HNpKgD5S3cTHqLNODf0w5DwwXU+1sMYG+m2x5/SWXtY3+sz8xZnUbsjHczCrYRmvO07fc5o+jFP8u78yxWPrJTdtbZtLhjvsFtjAYY7bX79PdU1232Kl9Y3Od1GvWS/Fpc6OSdrjyqvJQ4jiyTkJjJ705Qr5cmH97+/xcbZPNThHJigOGuHhkNPn+b/AL1rvw2WMoqc0Y2XucL35NjYJn9C6rF2/aKdn59ljn+tYurxPq66/Frz7cf1HVueyy3ClzH7SW2vGPt+0fSbs+h/OrH6e/dTiZVLMPLtx215NTchoruDmnds+1gtdkek/wDwd2/1F2XTciktofiO25mDVbXcdR+jP6XawDbV6r/p+rs9il5zOZHDEwj+sMuIHinLg+b5uGPy/wCIw4oTuRuwBuB+l/jfpP8A/9WgLfOSdSTySfzimffsbuJVdr5VfIyGtD7HH2VAn7vpf+RU1AOuJjdF1DqXowBDr3CWtPDR++5Yl19lj99ji957nhQttfY91thlzzud/d/ZRx0++ytr2je0w4huun7wUfqkTQumhmzSyHf09A1XuDpaeYkKFNpnRbmR0tl/TTbWwi6r+ba3Un9/d/IWBSJ1S4TY8WOOhd3puVbU9lrD7hyPEfuldNhmsZLW1ABtv6aBoCXH3u/tLlsGswFuY2SKep4NTj9OlxP+foqvxHHx8tLTWHqDo45cOMk9Rp/eLodW6b1PrPWX4eFVvFFTWCx52VNH85a59zvbufY/asXL6fnYzcVmTRbUzPtNVL2x7hWS2/a6svezYulzMzIxOoPqqt9FmU1tlrnu2NcB7GY9R/lXN/SrWZlszayz0wLMFu9ljR7dx0udS8+6p1v/AFCr8jhxywYSLsQEv6szUeL/AJ3zNXJOUSduE6eTxXQcdlH1kyOmYz7LMWuv1R6oLXB42l7Gboc+tu7Zv/PXcsLgxrNGw0Q48rKwMLJPUW9WvO2iup1GLU87rH+oQ99lrvzUbC6Aa8izItzs2119jrH0m3ZTued3spa32sb/AFlTnE8xzOSeGUeGMIwv9Gc/0vl/uxZ8MxiriBO/+C3bL6a2ckns0e4n7vpOWR1X6vt6wa7MkWVWV/zbqz7m6z7mma3LqKsZlUBjQPMInoz8uyt8py/sy4ybyVQI0EB/V/75bzOb3Y8IFQ3r955vp3QKcIvdVWd72w+153PImf6rWq8MR7e0HyWy3HHMJ/sw8FdlklIkyNk9S1AABQFB5q7pB9V2VXYcWx2llhl1Tw0fQvrPs3bP3HMtWH1L6r53UMl+WcnHxqaW11A1tttaBqQ99np1V0+r/NtY/wD7cXa9T6pR0qp9b3wbazaKzU61pDSGer+h97X1rn2dYNuZju6fc+wPsPq11SYaQ1zmW3Oa2l1H0Wen/wCBKLHhyDL7kBGA4K4/0v6wMP3f5ehcZx4SJAk339LYyPq109tVD8uunpeVY0Npfhv20vbX7mtfiX7vo+31P8LvWkyrpb+n09My63tL2HflNLIfVYf07vUbud9le53uVZ3WMSy63Gtw2101ONjXtEPY9x3fpX2F+xn5liDml1j7crpNzaqQxm7fX7LK91du/H3+/wBb3O9Gv+bv/nE845ync+GUIiv0vcuXDI/1OH0elXGAKjcTd+H7v95//9bnjZtYSPDRUuomMB/hLAfmdyPfW6p22ZY7Rju/9VyRpbl0PxydvrNG13g9vuYfwU0gQCC6ED7kCInWQIHm4dVfqOEmGjk+Q1XV/VkmtnpPZDHEuEjs7kSucGBnMpsqNZFweJ4iB7tzSfpNcpM6hnG30LHeiGQHM4H9Z6GGQEiSaoU1JRI9JGvj3er+sluJi9FLMe1jcq2wNxg3UuDf5z6P7rVxdOPc2wNtYQ5xnXuus6djMuIyrnDJr0rAeIgcu2/yHIz+l1gk/SAMssPgEyWaJlUQaDNhwEyFlodPxHNZvI4483FYfU+qAdYdZV7mY22qtw77Ppn+3ZvW71PLeyn0MGPVcC1jiQA2dHXf5v8AMrFxvq5Y6Da8Mb4ASVIOXnlFV6TuTsnneYhCsUT8usv+5D1OL1DA+sODXT6zGZ1APp+pBImA/wDRv272P2+5n+k/SLdxvsGC99zb73OeALarHNcwkfnbYPpf2Fx2L9XumMINlZvP8smPuZC2aK6qmhlTG1tHDQIVUfA8kSBDmp4sYMpe3jHqHufPWT0+n/Bah50UfQJGquX8G7n5V3ULQLDsxqzLKm6SR9F1n9X8ytWcLqGVi7QHepW3mp5kH+q/6TFQaUVh7LSw8nhw4Y4IQAxx2B11/flL99ryzTlIzMjxF6/GyGZFTbajLHdjyCPpMd/KarLYKw+gvcWXtP0QWkfEyFtMd4rNzYhDJKI2B0+rcxz4oAnqmACm0AkToO6g3x/IncC5jmgBxIIDTwT+4f66jKnguvfWHJb1Cp0Nucxj2N2k1ksL/oD0v0jbKnN+n/hVQ6ZkVZFXo11vw8R1zrrWusLqWPn0WbN0WNs/6C1frng1Vsr6liehRg5VrBY1o2WtyGAtcLX6u9jWbK62/QeuYwLB6ddVjCH5GQbqHk7i4MdD2PH5mz9J/wAarRMRiieECXuHGBf6P6Mv3URxkzNEmPt8ZIH6X6UXpcm/0mWGml9mTkUmtrPpP3VjYz1MY/Ta9+x+xR6XkYVjPtRyP2pk121XkW1Nrrouj9A6jHpIqr/wn6X8z0/TQcMZg+sLLsar13bNrmkxGp9J1xd+ZV9JuxbHSq6Rn5NeVh41OQyv9MwsLQaC82YlmK5n6LJrbZubZZs9ZliiMjxcI2XCIMbPn9H/1+OyepXWAtYwNB0l2qfHzK95bqwTLSeQfFV3MQnVz8e0crRyYeJGLNLGbH1D0td+LcwNymhruziJafNByeidJubuLqwSJDw+Cs6uvKdSwYtLq37QLHudFZcPzthRh07Osb+nvY2RqK2D/q3f+RVf7pkO0SPwbp+I4SPXHiPiOJvfV+/HdU/phftJEMcD3H0HK4264Yt+P1IfZWyGsuEOh37/AKM+5j/8xYP2R+JY11TBY9plup3T/W/NV2z7VnQ2320gQ1n7s87nfnf2EPuEuLvev90+bWPOCiR6eyduLj1HdU51gdqLXxvPmQPoogbPaE1NTamBg1jQSitC0oggAHoKaMiCSe5tkwQPLxRmx2QxIUx9yVISAojXAS4mGtEuJ7DxQmA+wQSXnbW1g3Pe79ymr6T3/wDQ/wBItvp3S3VvbkZgaLKzuoxWne2t3+nyLfo5OX+5s/Vcb/BepZ+kUObNDENdZdIrseOUzpt1LodModj4wDxttsO+wHlv7jD/AC2N+kr7HR5+PiqrXQitcsiZMpGR3JtvACMQB0bTbETcCqgeqfUesV4X6Ktvq5RE7D9BgP59xH/QrTCOgCQn6tgY1tVuW7Yza3deLADW/wA4/Nvd/wCCrB6h0/Dy+mY9HSduH6FjbPScN9Z2+/2WD9LR6lnuvVfL6hmZLgcu11gBlrBoxp/k1tVYWva8Opc5rzoNh1KV2IxyDjjE8Uf3on+qV0eKFmMuEnf92Xmla7rnR6nZmVhOtZkXb230AXUtYB6fova1zbmer++9HxfrJj9aufinEtFjQBVZSfRsxw72uya/VG/1PU/0P6L/AE1aB1G3NHS7mvLHkurJYJbuIdo2yHNrVrpnVL29Nx8fIpruGO0hjLKw9zBJ+hZPrbv7SkFGVXv6jxfNuo17fHVHi4BwH07f1n//0OTb9g3e/cfjx/0Vco+x/wCB2T5c/iuKSW9H+VNSX1e9HPn2UtPmuASQWvoA2T2nvwnK8+SSQX0ISptledJJFPR9JaiMiQNNTBc+djf5W1nut/qb6f668ySTJbGv5fap9o6P9g/SCkk5wb+nN0C81/vVNrmpuJ/JxP8Arq0Wbu3HYHw+K8GSWPm+eXzb/wCU+f6t/H8o2/wPlfffipiV8/pKJcX6CbunSCewOgnzXMCPtL/tm6fUd9pj6czrE/8Aga8kSQG0vL6pju+rZnp+vZ6Rca59hcAHR/L2+3f/AFVWbu9RmyPU3Db8Z7rzJJAdFxfW877N9kt+2D9W09USfH26s930k2B9n+zs+zbvS2/o987ok87/AHryVJP69P27rP0Ovzf4Hy/9J//Z/+0ehFBob3Rvc2hvcCAzLjAAOEJJTQQEAAAAAAAHHAIAAALncAA4QklNBCUAAAAAABBcN+Ckn0cntjRqAtdXmvMsOEJJTQQvAAAAAABKMwIBAFgCAABYAgAAAAAAAAAAAADIGQAA7BMAAAAAAAAAAAAAyBkAAOwTAAAAASgFAAD8AwAAAQAPJwEAbGx1bgAAAAAAAAAAAAA4QklNA+0AAAAAABAASAAAAAEAAQBIAAAAAQABOEJJTQQmAAAAAAAOAAAAAAAAAAAAAD+AAAA4QklNBA0AAAAAAAQAAAB4OEJJTQQZAAAAAAAEAAAAHjhCSU0D8wAAAAAACQAAAAAAAAAAAQA4QklNBAoAAAAAAAEAADhCSU0nEAAAAAAACgABAAAAAAAAAAI4QklNA/UAAAAAAEgAL2ZmAAEAbGZmAAYAAAAAAAEAL2ZmAAEAoZmaAAYAAAAAAAEAMgAAAAEAWgAAAAYAAAAAAAEANQAAAAEALQAAAAYAAAAAAAE4QklNA/gAAAAAAHAAAP////////////////////////////8D6AAAAAD/////////////////////////////A+gAAAAA/////////////////////////////wPoAAAAAP////////////////////////////8D6AAAOEJJTQQIAAAAAAAQAAAAAQAAAkAAAAJAAAAAADhCSU0EHgAAAAAABAAAAAA4QklNBBoAAAAAA0MAAAAGAAAAAAAAAAAAAACoAAAAtAAAAAcAcwBsAGkAZABlAC0AMQAAAAEAAAAAAAAAAAAAAAAAAAAAAAAAAQAAAAAAAAAAAAAAtAAAAKgAAAAAAAAAAAAAAAAAAAAAAQAAAAAAAAAAAAAAAAAAAAAAAAAQAAAAAQAAAAAAAG51bGwAAAACAAAABmJvdW5kc09iamMAAAABAAAAAAAAUmN0MQAAAAQAAAAAVG9wIGxvbmcAAAAAAAAAAExlZnRsb25nAAAAAAAAAABCdG9tbG9uZwAAAKgAAAAAUmdodGxvbmcAAAC0AAAABnNsaWNlc1ZsTHMAAAABT2JqYwAAAAEAAAAAAAVzbGljZQAAABIAAAAHc2xpY2VJRGxvbmcAAAAAAAAAB2dyb3VwSURsb25nAAAAAAAAAAZvcmlnaW5lbnVtAAAADEVTbGljZU9yaWdpbgAAAA1hdXRvR2VuZXJhdGVkAAAAAFR5cGVlbnVtAAAACkVTbGljZVR5cGUAAAAASW1nIAAAAAZib3VuZHNPYmpjAAAAAQAAAAAAAFJjdDEAAAAEAAAAAFRvcCBsb25nAAAAAAAAAABMZWZ0bG9uZwAAAAAAAAAAQnRvbWxvbmcAAACoAAAAAFJnaHRsb25nAAAAtAAAAAN1cmxURVhUAAAAAQAAAAAAAG51bGxURVhUAAAAAQAAAAAAAE1zZ2VURVhUAAAAAQAAAAAABmFsdFRhZ1RFWFQAAAABAAAAAAAOY2VsbFRleHRJc0hUTUxib29sAQAAAAhjZWxsVGV4dFRFWFQAAAABAAAAAAAJaG9yekFsaWduZW51bQAAAA9FU2xpY2VIb3J6QWxpZ24AAAAHZGVmYXVsdAAAAAl2ZXJ0QWxpZ25lbnVtAAAAD0VTbGljZVZlcnRBbGlnbgAAAAdkZWZhdWx0AAAAC2JnQ29sb3JUeXBlZW51bQAAABFFU2xpY2VCR0NvbG9yVHlwZQAAAABOb25lAAAACXRvcE91dHNldGxvbmcAAAAAAAAACmxlZnRPdXRzZXRsb25nAAAAAAAAAAxib3R0b21PdXRzZXRsb25nAAAAAAAAAAtyaWdodE91dHNldGxvbmcAAAAAADhCSU0EKAAAAAAADAAAAAE/8AAAAAAAADhCSU0EFAAAAAAABAAAAAM4QklNBAwAAAAAGGgAAAABAAAAoAAAAJUAAAHgAAEXYAAAGEwAGAAB/9j/4AAQSkZJRgABAgAASABIAAD/7QAMQWRvYmVfQ00AAf/uAA5BZG9iZQBkgAAAAAH/2wCEAAwICAgJCAwJCQwRCwoLERUPDAwPFRgTExUTExgRDAwMDAwMEQwMDAwMDAwMDAwMDAwMDAwMDAwMDAwMDAwMDAwBDQsLDQ4NEA4OEBQODg4UFA4ODg4UEQwMDAwMEREMDAwMDAwRDAwMDAwMDAwMDAwMDAwMDAwMDAwMDAwMDAwMDP/AABEIAJUAoAMBIgACEQEDEQH/3QAEAAr/xAE/AAABBQEBAQEBAQAAAAAAAAADAAECBAUGBwgJCgsBAAEFAQEBAQEBAAAAAAAAAAEAAgMEBQYHCAkKCxAAAQQBAwIEAgUHBggFAwwzAQACEQMEIRIxBUFRYRMicYEyBhSRobFCIyQVUsFiMzRygtFDByWSU/Dh8WNzNRaisoMmRJNUZEXCo3Q2F9JV4mXys4TD03Xj80YnlKSFtJXE1OT0pbXF1eX1VmZ2hpamtsbW5vY3R1dnd4eXp7fH1+f3EQACAgECBAQDBAUGBwcGBTUBAAIRAyExEgRBUWFxIhMFMoGRFKGxQiPBUtHwMyRi4XKCkkNTFWNzNPElBhaisoMHJjXC0kSTVKMXZEVVNnRl4vKzhMPTdePzRpSkhbSVxNTk9KW1xdXl9VZmdoaWprbG1ub2JzdHV2d3h5ent8f/2gAMAwEAAhEDEQA/ANA1g8pvTcOHfIo+xLYrhAO4SEHuHMj8VIHzRtqb02nt8wozj7JtiCVISm9Nw4M/FOJHIhRyiR0SGQlSAKTRopAJhXUsAVKDwnATgJhKaU2ux30QXRqQOVKym2l2y1jq3ESA7TQ907XObq0wQk9znmXEk+eqFlNBhCUFPCeErRSwlPqpADupQOyNopipCUgE4CIKKXARADynpbLo8Vu4/TsetoLhvcfFOEtVpf/Q2w2U+1EDUoVq11I9qW1F2p9qFppEGp9qJtThqBKqRemO2hSDHDzRwxLYmSAK4WhEcKYCJ6cpemeyilDtqvBYQlCntI5HzCcCVEbG66kcJ9qkQnaQJJMQNNJk/u/yULKqR6DQn4TonCNblXW1Cl7t1YMhpA5HdB3Ig6LSF5UgQFAEkwNT4BLcE4LSmZZtdIV0dUv2bN0jie6zN6kbJgwBAjQRMfnO/luT4hYQ/wD/0eiATwkFIBWCvVAhOAnATgILltqcNTqYH4oFQYhqltUg1SDUwlNI9qcMRduicNTSVwCPZKg+oeHzVxtUqFtJATOIXS6jTnvD2nTX8qGbOx0Vl7NVWsan+3E+CwyIWNiiXn/XRVr2mYBIHkYVDIrcOSXfEyo8gMBYHF9UxN9adf1e4OnYg/3JvVXO+vbjuJqcWE+HHzb9FCd1DLfq653wBj/qVWlzUYDWJvw2TKBHXd6c2ACToPPT8qVd1dhcGPa4t+kAQYlcobC4y4lx89fyo2K8m5gBLSdGuHY/SRw89xZIw4KEjV3r4dGOQoW//9LpQFKEgIGqRcBwprZKXhByMvHxa/UveGNmB3JP7rG/nuTXXtrY59hhjQXOPgAJcuQyM+zNvORaYB0qZ2Yz81rR/wCfE6ETLyCXoH/WAz+goAb+9a7X/tutUsv6z51QLWvrqc36RDR7f6znT7v5KyX5WwEMMEd/DzWVYTadz9Wj6DDqBP5zv3nvT5RjAXIX2HdJkANHVf8AXfPreYzXOP8AVZH/AFK1OmfX4WPazNYy5p0L2AV2f2f8DZ/UdsXD5mAzY63Gbtc33OqHDgOXVj8yxv7n56z67CDLTHgR5pgnCWhgPpoVnHIPu2NfRlUNyMZ4tpfoHAQQ4fSZYw+6uxv7iM0BeafUv6yWYeY2rIcTjXwy8Hw4Zb/Xo/8APfsXpORczFrdZZqGnaAOXOP5rVX5iIxak+iuLiPZmx+ugNSdKbNY14lSNbnA6aLBs6jfc47nFrR+a0w0fFUcvPyGODWDdOoc8naf6jQf+qWXPno2eCBl9eFujlZaAyESem7uXtg+Sq2NWPT1TJa6TBA0IAgj+z9Fy1q768ioWM78geKt8nzscx4DHgmNRG+LjH9WTX5rlZ4hxXxR7/uta1qpZDPatGwcqjkaBXZCxTVBpxcvQlUHOgz2P5VfzuVUuosrwWF7YtyybKi7TYyv6O5v72Qs7Nh+bpw62WeUgYi9yQB/eRCyTHCJTkbLWOP5rmunyB1WebgIgzOqZt43alVBAjXsxW//0+mHiovdpKeUGxykZnM+sNzm9JyNdX7K/wDOd9H/ADVynqHhdR16o39MtYPpNc17fiOFxnqyJJ+IPiFZw0I/VYbts7i/c3947fvU7KdTH3KrRZ+le3uIePh3WjZDhI78KU445KvotJc8gtfI0gyFhXMFeTcwaNa90ffK6DJsZWx1j9GtEn/X+UsBrX22OfGr3FxHmTwop4BCQpF22sDcLmx8SPJenOz3ZWLhuJkMoYD5v27bH/8ARXnvTcU7jb+7A+Lj2au2rbspZWOWNa2POFl/G5iODFC9ZzJ/wYb/APOlB0vhmMmc5H9EfjJh1bJNeLVSDDstx3n/AIJoJc3+25bduB9qpDRoXVh7D4P2hzf85c/9Yq9uRghsAiqzniRKs4f1oZgOyMfOddfYx49Msa0hrNrXNpbqz6H8pZWHEZRBAuwJH/DTKU8meZiCTE1H/AawdqHRE+1w/wBf3HLQ6XcWZHpn6NgI+aqPdXkOffUC2q8m2sPHuDXHe0Oj85GpaW5FZ4IcCo4ZPbyxkN4SB/xT6nQyQ48UokfNE/y/wXVt4KzsrhaN55WTn2srYXOc1scbzAJ/NboulJp58NKvDbm5JbeIxaALMncHAFolzK67G/nu277P+BVXNe/JuGe/QWSKWEFpbWBuq3sd/hfz3rQyPRbVXgMewYz625OY5r9DYQLbN10/Q3en+j/0Sys3qmG5ltpeXitpcxoa73H80Vuj3eo5ZfOZzL9TijKRu8xEb8IQZ8MOO5HaJ0/wPUZPPdTFtDy6gtgk7mO1ifgqH2/LmIZ9x/vSfk2WuLrDNjzLv6xP0UZvTM9zg1lQe4u2w17eT81ZjjxQjEZDG63kaYZXKRMQfo//1OjcdIVe6ytjN9jgxv7zjAVbP6m3HcaaYdePpE/RZ/W/fs/kLJssdY/1LXF7z+c7U/L91PtvYuXMwJSPDH/nFuZmdiPpsraXvL2kAtaYn83Vy47qeHlusN2LS5znH9JWI1P77P5X8ldG59bQS7QeJVXI6pTU3cQ1o7OfoP7LG+5OEpAEaUWY8ph3JkK62P8AvXlhblUPD7aLayz95joIP0m6Ba+Nl15FP6F7XHsHGNf9HZ/onKVn1qZWYZY/y2jaP+/JN69RkH9MwWToS5rSY/rbWO/6akx8xKB6Fgly+KWkct+Y/bFo5ODn5Fk5I2MGra6wSP62/wDOVrF6M+A5zfRr72WaD/zN39RHtF/oOv6Q7eW6vxS5wJ/4h07vU/4Gz6f+CQ+hjK6tf62Y4Nw6oL62TusP5tPquO9jP9NsTeY53FihLJkMtNar1H+qGMcvOMhHh32l+jXe3ofq90pluRVkBhGFQS6sv0Nrx+fH+jZ++ty7F6NjgF7rGdxNkf5u4b3Kh1bqzuldNFjGtdlW+yisj2DaPpuYP8Bit+hV+fauSbk3WWm62x1trzLrHmXFctzGTmPiGQ5py9rFH0YscddBv/6HkbWMnF6YSI/eI/Sey6vj15eKMnDsDnUE7iBLmscPc+wfnNY4M+g3+bXNOqoxcCqy2j7XkOb75cWAvcdz9v8AI3O9qudI6jZVc17Xe6siR4j85n9Vy18HpFTuqB+Swt6fivNtOx8myYfTSa43N2O/nP6in5XNPjjhy+uOMA2P1cp4oD24QnKHB8nFD1McoyHEcZIlPTTXrxyZMxBXVXVt27GtbtHA0+j/AGUZtH6Ru0SS4R8ZWhYcR7wGtLQJLncyezVzP19yq8fpAxajLs2xlZ/qtPqv/wCoao8eH3M8MYo8U4xP/dn/ABW9kz8GKUiCKid/wdOrqfT826+jEyG3W4/861oMATt3sd9G2vd7d7Fm5uS17nCrJ9GDs2WU72kz9P8AOVTohxTm314m6ofZCxzxAPuuba17Q535vub9JbZx80sLa8uSQWtNrNwkjTdpauhzaSoA+Ut3Ex6izTg39MOQ8MF1PtbDGBvptsef0ll7WN/rM/MWZ1G7Ix3Mwq2EZrztO33OaPoxT/Lu/MsVj6yU3bW2bS4Y77BbYwGGO21+/T3VNdt9ipfWNzndRr1kvxaXOjkna48qryUOI4sk5CYye9OUK+XJh/e/v8XG2TzU4RyYoDhrh4ZDT5/m/wC9a78NljKKnNGNl7nC9+TY2CZ/Quqxdv2inZ+fZY5/rWLq8T6uuvxa8+3H9R1bnsstwpcx+0ltrxj7ftH0m7Pofzqx+nv3U4mVSzDy7cdteTU3IaK7g5p3bPtYLXZHpP8A8Hdv9Rdl03IpLaH4jtuZg1W13HUfoz+l2sA21eq/6fq7PYpeczmRwxMI/rDLiB4py4Pm+bhj8v8AiMOKE7kbsAbgfpf436T/AP/VoC3zknUk8kn84pn37G7iVXa+VXyMhrQ+xx9lQJ+76X/kVNQDriY3RdQ6l6MAQ69wlrTw0fvuWJdfZY/fY4vee54ULbX2PdbYZc87nf3f2UcdPvsra9o3tMOIbrp+8FH6pE0LpoZs0sh39PQNV7g6WnmJChTaZ0W5kdLZf0021sIuq/m2t1J/f3fyFgUidUuE2PFjjoXd6blW1PZaw+4cjxH7pXTYZrGS1tQAbb+mgaAlx97v7S5bBrMBbmNkinqeDU4/TpcT/n6Kr8Rx8fLS01h6g6OOXDjJPUaf3i6HVum9T6z1l+HhVbxRU1gsedlTR/OWufc727n2P2rFy+n52M3FZk0W1Mz7TVS9se4Vktv2urL3s2LpczMyMTqD6qrfRZlNbZa57tjXAexmPUf5Vzf0q1mZbM2ss9MCzBbvZY0e3cdLnUvPuqdb/wBQq/I4ccsGEi7EBL+rM1Hi/wCd8zVyTlEnbhOnk8V0HHZR9ZMjpmM+yzFrr9UeqC1weNpexm6HPrbu2b/z13LC4MazRsNEOPKysDCyT1FvVrztorqdRi1PO6x/qEPfZa781GwugGvIsyLc7NtdfY6x9Jt2U7nnd7KWt9rG/wBZU5xPMczknhlHhjCML/RnP9L5f7sWfDMYq4gTv/gt2y+mtnJJ7NHuJ+76TlkdV+r7esGuzJFlVlf826s+5us+5pmty6irGZVAY0DzCJ6M/LsrfKcv7MuMm8lUCNBAf1f++W8zm92PCBUN6/eeb6d0CnCL3VVne9sPtedzyJn+q1qvDEe3tB8lstxxzCf7MPBXZZJSJMjZPUtQAAUBQeau6QfVdlV2HFsdpZYZdU8NH0L6z7N2z9xzLVh9S+q+d1DJflnJx8amltdQNbbbWgakPfZ6dVdPq/zbWP8A+3F2vU+qUdKqfW98G2s2is1OtaQ0hnq/ofe19a59nWDbmY7un3PsD7D6tdUmGkNc5ltzmtpdR9Fnp/8AgSix4cgy+5ARgOCuP9L+sDD93+XoXGceEiQJN9/S2Mj6tdPbVQ/Lrp6XlWNDaX4b9tL21+5rX4l+76Pt9T/C71pMq6W/p9PTMut7S9h35TSyH1WH9O71G7nfZXud7lWd1jEsutxrcNtdNTjY17RD2Pcd36V9hfsZ+ZYg5pdY+3K6Tc2qkMZu31+yyvdXbvx9/v8AW9zvRr/m7/5xPOOcp3PhlCIr9L3LlwyP9Th9HpVxgCo3E3fh+7/ef//W542bWEjw0VLqJjAf4SwH5ncj31uqdtmWO0Y7v/VckaW5dD8cnb6zRtd4Pb7mH8FNIEAguhA+5AiJ1kCB5uHVX6jhJho5PkNV1f1ZJrZ6T2QxxLhI7O5ErnBgZzKbKjWRcHieIge7c0n6TXKTOoZxt9Cx3ohkBzOB/WehhkBIkmqFNSUSPSRr493q/rJbiYvRSzHtY3KtsDcYN1Lg3+c+j+61cXTj3NsDbWEOcZ17rrOnYzLiMq5wya9KwHiIHLtv8hyM/pdYJP0gDLLD4BMlmiZVEGgzYcBMhZaHT8RzWbyOOPNxWH1PqgHWHWVe5mNtqrcO+z6Z/t2b1u9Ty3sp9DBj1XAtY4kANnR13+b/ADKxcb6uWOg2vDG+AElSDl55RVek7k7J53mIQrFE/LrL/uQ9Ti9QwPrDg10+sxmdQD6fqQSJgP8A0b9u9j9vuZ/pP0i3cb7Bgvfc2+9zngC2qxzXMJH522D6X9hcdi/V7pjCDZWbz/LJj7mQtmiuqpoZUxtbRw0CFVHwPJEgQ5qeLGDKXt4x6h7nz1k9Pp/wWoedFH0CRqrl/Bu5+Vd1C0Cw7MasyypukkfRdZ/V/MrVnC6hlYu0B3qVt5qeZB/qv+kxUGlFYey0sPJ4cOGOCEAMcdgddf35S/fa8s05SMzI8RevxshmRU22oyx3Y8gj6THfymqy2CsPoL3Fl7T9EFpHxMhbTHeKzc2IQySiNgdPq3Mc+KAJ6pgAptAJE6DuoN8fyJ3AuY5oAcSCA08E/uH+uoyp4Lr31hyW9QqdDbnMY9jdpNZLC/6A9L9I2ypzfp/4VUOmZFWRV6Ndb8PEdc661rrC6lj59FmzdFjbP+gtX654NVbK+pYnoUYOVawWNaNlrchgLXC1+rvY1myutv0HrmMCwenXVYwh+RkG6h5O4uDHQ9jx+Zs/Sf8AGq0TEYonhAl7hxgX+j+jL91EcZMzRJj7fGSB+l+lF6XJv9JlhppfZk5FJraz6T91Y2M9TGP02vfsfsUel5GFYz7Ucj9qZNdtV5FtTa66Lo/QOox6SKq/8J+l/M9P00HDGYPrCy7Gq9d2za5pMRqfSdcXfmVfSbsWx0qukZ+TXlYeNTkMr/TMLC0GgvNmJZiuZ+iya22bm2WbPWZYojI8XCNlwiDGz5/R/9fjsnqV1gLWMDQdJdqnx8yveW6sEy0nkHxVdzEJ1c/HtHK0cmHiRizSxmx9Q9LXfi3MDcpoa7s4iWnzQcnonSbm7i6sEiQ8PgrOrrynUsGLS6t+0Cx7nRWXD87YUYdOzrG/p72Nkaitg/6t3/kVX+6ZDtEj8G6fiOEj1x4j4jib31fvx3VP6YX7SRDHA9x9ByuNuuGLfj9SH2VshrLhDod+/wCjPuY//MWD9kfiWNdUwWPaZbqd0/1vzVds+1Z0Nt9tIENZ+7PO53539hD7hLi73r/dPm1jzgokensnbi49R3VOdYHai18bz5kD6KIGz2hNTU2pgYNY0EorQtKIIAB6CmjIgknubZMEDy8UZsdkMSFMfclSEgKI1wEuJhrRLiew8UJgPsEEl521tYNz3u/cpq+k9/8A0P8ASLb6d0t1b25GYGiys7qMVp3trd/p8i36OTl/ubP1XG/wXqWfpFDmzQxDXWXSK7HjlM6bdS6HTKHY+MA8bbbDvsB5b+4w/wAtjfpK+x0efj4qq10IrXLImTKRkdybbwAjEAdG02xE3AqoHqn1HrFeF+irb6uUROw/QYD+fcR/0K0wjoAkJ+rYGNbVblu2M2t3XiwA1v8AOPzb3f8AgqweodPw8vpmPR0nbh+hY2z0nDfWdvv9lg/S0epZ7r1Xy+oZmS4HLtdYAZawaMaf5NbVWFr2vDqXOa86DYdSldiMcg44xPFH96J/qldHihZjLhJ3/dl5pWu650ep2ZlYTrWZF29t9AF1LWAen6L2tc25nq/vvR8X6yY/Wrn4pxLRY0AVWUn0bMcO9rsmv1Rv9T1P9D+i/wBNWgdRtzR0u5ryx5LqyWCW7iHaNshza1a6Z1S9vTcfHyKa7hjtIYyysPcwSfoWT627+0pBRlV7+o8XzbqNe3x1R4uAcB9O39Z//9Dk2/YN3v3H48f9FXKPsf8Agdk+XP4riklvR/lTUl9XvRz59lLT5rgEkFr6ANk9p78JyvPkkkF9CEqbZXnSSRT0fSWojIkDTUwXPnY3+VtZ7rf6m+n+uvMkkyWxr+X2qfaOj/YP0gpJOcG/pzdAvNf71Ta5qbifycT/AK6tFm7tx2B8PivBklj5vnl82/8AlPn+rfx/KNv8D5X334qYlfP6SiXF+gm7p0gnsDoJ81zAj7S/7Zun1HfaY+nM6xP/AIGvJEkBtLy+qY7vq2Z6fr2ekXGufYXAB0fy9vt3/wBVVm7vUZsj1Nw2/Ge68ySQHRcX1vO+zfZLftg/VtPVEnx9urPd9JNgfZ/s7Ps270tv6PfO6JPO/wB68lST+vT9u6z9Dr83+B8v/Sf/2ThCSU0EIQAAAAAAVQAAAAEBAAAADwBBAGQAbwBiAGUAIABQAGgAbwB0AG8AcwBoAG8AcAAAABMAQQBkAG8AYgBlACAAUABoAG8AdABvAHMAaABvAHAAIABDAFMAMwAAAAEAOEJJTQQGAAAAAAAHAAUAAAABAQD/4Q/OaHR0cDovL25zLmFkb2JlLmNvbS94YXAvMS4wLwA8P3hwYWNrZXQgYmVnaW49Iu+7vyIgaWQ9Ilc1TTBNcENlaGlIenJlU3pOVGN6a2M5ZCI/PiA8eDp4bXBtZXRhIHhtbG5zOng9ImFkb2JlOm5zOm1ldGEvIiB4OnhtcHRrPSJBZG9iZSBYTVAgQ29yZSA0LjEtYzAzNiA0Ni4yNzY3MjAsIE1vbiBGZWIgMTkgMjAwNyAyMjo0MDowOCAgICAgICAgIj4gPHJkZjpSREYgeG1sbnM6cmRmPSJodHRwOi8vd3d3LnczLm9yZy8xOTk5LzAyLzIyLXJkZi1zeW50YXgtbnMjIj4gPHJkZjpEZXNjcmlwdGlvbiByZGY6YWJvdXQ9IiIgeG1sbnM6ZGM9Imh0dHA6Ly9wdXJsLm9yZy9kYy9lbGVtZW50cy8xLjEvIiB4bWxuczp4YXA9Imh0dHA6Ly9ucy5hZG9iZS5jb20veGFwLzEuMC8iIHhtbG5zOnhhcE1NPSJodHRwOi8vbnMuYWRvYmUuY29tL3hhcC8xLjAvbW0vIiB4bWxuczpzdFJlZj0iaHR0cDovL25zLmFkb2JlLmNvbS94YXAvMS4wL3NUeXBlL1Jlc291cmNlUmVmIyIgeG1sbnM6cGhvdG9zaG9wPSJodHRwOi8vbnMuYWRvYmUuY29tL3Bob3Rvc2hvcC8xLjAvIiB4bWxuczp0aWZmPSJodHRwOi8vbnMuYWRvYmUuY29tL3RpZmYvMS4wLyIgeG1sbnM6ZXhpZj0iaHR0cDovL25zLmFkb2JlLmNvbS9leGlmLzEuMC8iIGRjOmZvcm1hdD0iaW1hZ2UvanBlZyIgeGFwOkNyZWF0b3JUb29sPSJBZG9iZSBQaG90b3Nob3AgQ1MzIFdpbmRvd3MiIHhhcDpDcmVhdGVEYXRlPSIyMDE1LTA0LTA5VDEyOjU0OjMyKzA1OjMwIiB4YXA6TW9kaWZ5RGF0ZT0iMjAxNS0wNC0wOVQxMjo1NDozMiswNTozMCIgeGFwOk1ldGFkYXRhRGF0ZT0iMjAxNS0wNC0wOVQxMjo1NDozMiswNTozMCIgeGFwTU06RG9jdW1lbnRJRD0idXVpZDo5NjUyQTc3Nzg5REVFNDExOTk1N0RDOUJEM0YwRDAxQiIgeGFwTU06SW5zdGFuY2VJRD0idXVpZDo5NzUyQTc3Nzg5REVFNDExOTk1N0RDOUJEM0YwRDAxQiIgcGhvdG9zaG9wOkNvbG9yTW9kZT0iMyIgcGhvdG9zaG9wOklDQ1Byb2ZpbGU9InNSR0IgSUVDNjE5NjYtMi4xIiBwaG90b3Nob3A6SGlzdG9yeT0iIiB0aWZmOk9yaWVudGF0aW9uPSIxIiB0aWZmOlhSZXNvbHV0aW9uPSI3MjAwMDAvMTAwMDAiIHRpZmY6WVJlc29sdXRpb249IjcyMDAwMC8xMDAwMCIgdGlmZjpSZXNvbHV0aW9uVW5pdD0iMiIgdGlmZjpOYXRpdmVEaWdlc3Q9IjI1NiwyNTcsMjU4LDI1OSwyNjIsMjc0LDI3NywyODQsNTMwLDUzMSwyODIsMjgzLDI5NiwzMDEsMzE4LDMxOSw1MjksNTMyLDMwNiwyNzAsMjcxLDI3MiwzMDUsMzE1LDMzNDMyOzY3MUY4QzU3RjgwMzA3NjFDNkMyMzNBOTg2RjQ5MTczIiBleGlmOlBpeGVsWERpbWVuc2lvbj0iMTgwIiBleGlmOlBpeGVsWURpbWVuc2lvbj0iMTY4IiBleGlmOkNvbG9yU3BhY2U9IjEiIGV4aWY6TmF0aXZlRGlnZXN0PSIzNjg2NCw0MDk2MCw0MDk2MSwzNzEyMSwzNzEyMiw0MDk2Miw0MDk2MywzNzUxMCw0MDk2NCwzNjg2NywzNjg2OCwzMzQzNCwzMzQzNywzNDg1MCwzNDg1MiwzNDg1NSwzNDg1NiwzNzM3NywzNzM3OCwzNzM3OSwzNzM4MCwzNzM4MSwzNzM4MiwzNzM4MywzNzM4NCwzNzM4NSwzNzM4NiwzNzM5Niw0MTQ4Myw0MTQ4NCw0MTQ4Niw0MTQ4Nyw0MTQ4OCw0MTQ5Miw0MTQ5Myw0MTQ5NSw0MTcyOCw0MTcyOSw0MTczMCw0MTk4NSw0MTk4Niw0MTk4Nyw0MTk4OCw0MTk4OSw0MTk5MCw0MTk5MSw0MTk5Miw0MTk5Myw0MTk5NCw0MTk5NSw0MTk5Niw0MjAxNiwwLDIsNCw1LDYsNyw4LDksMTAsMTEsMTIsMTMsMTQsMTUsMTYsMTcsMTgsMjAsMjIsMjMsMjQsMjUsMjYsMjcsMjgsMzA7NUQ3NjRFMThCQUY1MTJCODIwOUMwREQyREVGNDQxQ0YiPiA8eGFwTU06RGVyaXZlZEZyb20gc3RSZWY6aW5zdGFuY2VJRD0idXVpZDpDN0I3REIwM0Q3RERFNDExODZGRURGODExMzQxQ0U3NCIgc3RSZWY6ZG9jdW1lbnRJRD0idXVpZDpDNkI3REIwM0Q3RERFNDExODZGRURGODExMzQxQ0U3NCIvPiA8L3JkZjpEZXNjcmlwdGlvbj4gPC9yZGY6UkRGPiA8L3g6eG1wbWV0YT4gICAgICAgICAgICAgICAgICAgICAgICAgICAgICAgICAgICAgICAgICAgICAgICAgICAgICAgICAgICAgICAgICAgICAgICAgICAgICAgICAgICAgICAgICAgICAgICAgICAgICAgICAgICAgICAgICAgICAgICAgICAgICAgICAgICAgICAgICAgICAgICAgICAgICAgICAgICAgICAgICAgICAgICAgICAgICAgICAgICAgICAgICAgICAgICAgICAgICAgICAgICAgICAgICAgICAgICAgICAgICAgICAgICAgICAgICAgICAgICAgICAgICAgICAgICAgICAgICAgICAgICAgICAgICAgICAgICAgICAgICAgICAgICAgICAgICAgICAgICAgICAgICAgICAgICAgICAgICAgICAgICAgICAgICAgICAgICAgICAgICAgICAgICAgICAgICAgICAgICAgICAgICAgICAgICAgICAgICAgICAgICAgICAgICAgICAgICAgICAgICAgICAgICAgICAgICAgICAgICAgICAgICAgICAgICAgICAgICAgICAgICAgICAgICAgICAgICAgICAgICAgICAgICAgICAgICAgICAgICAgICAgICAgICAgICAgICAgICAgICAgICAgICAgICAgICAgICAgICAgICAgICAgICAgICAgICAgICAgICAgICAgICAgICAgICAgICAgICAgICAgICAgICAgICAgICAgICAgICAgICAgICAgICAgICAgICAgICAgICAgICAgICAgICAgICAgICAgICAgICAgICAgICAgICAgICAgICAgICAgICAgICAgICAgICAgICAgICAgICAgICAgICAgICAgICAgICAgICAgICAgICAgICAgICAgICAgICAgICAgICAgICAgICAgICAgICAgICAgICAgICAgICAgICAgICAgICAgICAgICAgICAgICAgICAgICAgICAgICAgICAgICAgICAgICAgICAgICAgICAgICAgICAgICAgICAgICAgICAgICAgICAgICAgICAgICAgICAgICAgICAgICAgICAgICAgICAgICAgICAgICAgICAgICAgICAgICAgICAgICAgICAgICAgICAgICAgICAgICAgICAgICAgICAgICAgICAgICAgICAgICAgICAgICAgICAgICAgICAgICAgICAgICAgICAgICAgICAgICAgICAgICAgICAgICAgICAgICAgICAgICAgICAgICAgICAgICAgICAgICAgICAgICAgICAgICAgICAgICAgICAgICAgICAgICAgICAgICAgICAgICAgICAgICAgICAgICAgICAgICAgICAgICAgICAgICAgICAgICAgICAgICAgICAgICAgICAgICAgICAgICAgICAgICAgICAgICAgICAgICAgICAgICAgICAgICAgICAgICAgICAgICAgICAgICAgICAgICAgICAgICAgICAgICAgICAgICAgICAgICAgICAgICAgICAgICAgICAgICAgICAgICAgICAgICAgICAgICAgICAgICAgICAgICAgICAgICAgICAgICAgICAgICAgICAgICAgICAgICAgICAgICAgICAgICAgICAgICAgICAgICAgICAgICAgICAgICAgICAgICAgICAgICAgICAgICAgICAgICAgICAgICAgICAgICAgICAgICAgICAgICAgICAgICAgICAgICAgICAgICAgICAgICAgICAgICAgICAgICAgICAgICAgICAgICAgICAgICAgICAgICAgICAgICAgICAgICAgICAgICAgICAgICAgICAgICAgICAgICAgICAgICAgICAgICAgICAgICAgICAgICAgICAgICAgICAgICAgICAgICAgICAgICAgICAgICAgICAgICAgICAgICAgICAgICAgICAgICAgICAgICAgICAgICAgICAgICAgICAgICAgICAgICAgICAgICAgICAgICAgICAgICAgICAgICAgICAgICAgICAgICAgICAgICAgICAgICAgICAgICAgICAgICAgICAgICAgICAgICAgICAgICAgICAgICAgICAgICAgICAgICAgICAgICAgICAgICAgICAgICAgICAgICAgICAgICAgICAgICAgICAgICAgICAgICAgICAgICAgICAgICAgICAgICAgICAgICAgICAgICAgICAgICAgICAgICAgICAgICAgICAgICAgICAgICAgICAgICAgICAgICAgICAgICAgICAgICAgICAgICAgICAgICAgICAgICAgICAgICAgICAgICAgICAgICAgICAgICAgICAgICAgICAgICAgICAgICAgICAgICAgICAgICAgICAgICAgICAgICAgICAgICAgICAgICAgICAgICAgICAgICAgICAgICAgICAgICAgICAgICAgICAgICAgICAgICAgICAgICAgICAgICAgICAgICAgICAgICAgICAgICAgICAgICAgICAgICAgICAgICAgICAgICAgICAgICAgICAgICAgICAgICAgICAgICAgICAgICAgICAgICAgICAgICAgICAgICAgICAgICAgICAgICAgICAgICAgICAgICAgICAgICAgICAgICAgICAgICAgICAgICAgICAgICA8P3hwYWNrZXQgZW5kPSJ3Ij8+/+IMWElDQ19QUk9GSUxFAAEBAAAMSExpbm8CEAAAbW50clJHQiBYWVogB84AAgAJAAYAMQAAYWNzcE1TRlQAAAAASUVDIHNSR0IAAAAAAAAAAAAAAAEAAPbWAAEAAAAA0y1IUCAgAAAAAAAAAAAAAAAAAAAAAAAAAAAAAAAAAAAAAAAAAAAAAAAAAAAAAAAAAAAAAAARY3BydAAAAVAAAAAzZGVzYwAAAYQAAABsd3RwdAAAAfAAAAAUYmtwdAAAAgQAAAAUclhZWgAAAhgAAAAUZ1hZWgAAAiwAAAAUYlhZWgAAAkAAAAAUZG1uZAAAAlQAAABwZG1kZAAAAsQAAACIdnVlZAAAA0wAAACGdmlldwAAA9QAAAAkbHVtaQAAA/gAAAAUbWVhcwAABAwAAAAkdGVjaAAABDAAAAAMclRSQwAABDwAAAgMZ1RSQwAABDwAAAgMYlRSQwAABDwAAAgMdGV4dAAAAABDb3B5cmlnaHQgKGMpIDE5OTggSGV3bGV0dC1QYWNrYXJkIENvbXBhbnkAAGRlc2MAAAAAAAAAEnNSR0IgSUVDNjE5NjYtMi4xAAAAAAAAAAAAAAASc1JHQiBJRUM2MTk2Ni0yLjEAAAAAAAAAAAAAAAAAAAAAAAAAAAAAAAAAAAAAAAAAAAAAAAAAAAAAAAAAAAAAAAAAAFhZWiAAAAAAAADzUQABAAAAARbMWFlaIAAAAAAAAAAAAAAAAAAAAABYWVogAAAAAAAAb6IAADj1AAADkFhZWiAAAAAAAABimQAAt4UAABjaWFlaIAAAAAAAACSgAAAPhAAAts9kZXNjAAAAAAAAABZJRUMgaHR0cDovL3d3dy5pZWMuY2gAAAAAAAAAAAAAABZJRUMgaHR0cDovL3d3dy5pZWMuY2gAAAAAAAAAAAAAAAAAAAAAAAAAAAAAAAAAAAAAAAAAAAAAAAAAAAAAAAAAAAAAZGVzYwAAAAAAAAAuSUVDIDYxOTY2LTIuMSBEZWZhdWx0IFJHQiBjb2xvdXIgc3BhY2UgLSBzUkdCAAAAAAAAAAAAAAAuSUVDIDYxOTY2LTIuMSBEZWZhdWx0IFJHQiBjb2xvdXIgc3BhY2UgLSBzUkdCAAAAAAAAAAAAAAAAAAAAAAAAAAAAAGRlc2MAAAAAAAAALFJlZmVyZW5jZSBWaWV3aW5nIENvbmRpdGlvbiBpbiBJRUM2MTk2Ni0yLjEAAAAAAAAAAAAAACxSZWZlcmVuY2UgVmlld2luZyBDb25kaXRpb24gaW4gSUVDNjE5NjYtMi4xAAAAAAAAAAAAAAAAAAAAAAAAAAAAAAAAAAB2aWV3AAAAAAATpP4AFF8uABDPFAAD7cwABBMLAANcngAAAAFYWVogAAAAAABMCVYAUAAAAFcf521lYXMAAAAAAAAAAQAAAAAAAAAAAAAAAAAAAAAAAAKPAAAAAnNpZyAAAAAAQ1JUIGN1cnYAAAAAAAAEAAAAAAUACgAPABQAGQAeACMAKAAtADIANwA7AEAARQBKAE8AVABZAF4AYwBoAG0AcgB3AHwAgQCGAIsAkACVAJoAnwCkAKkArgCyALcAvADBAMYAywDQANUA2wDgAOUA6wDwAPYA+wEBAQcBDQETARkBHwElASsBMgE4AT4BRQFMAVIBWQFgAWcBbgF1AXwBgwGLAZIBmgGhAakBsQG5AcEByQHRAdkB4QHpAfIB+gIDAgwCFAIdAiYCLwI4AkECSwJUAl0CZwJxAnoChAKOApgCogKsArYCwQLLAtUC4ALrAvUDAAMLAxYDIQMtAzgDQwNPA1oDZgNyA34DigOWA6IDrgO6A8cD0wPgA+wD+QQGBBMEIAQtBDsESARVBGMEcQR+BIwEmgSoBLYExATTBOEE8AT+BQ0FHAUrBToFSQVYBWcFdwWGBZYFpgW1BcUF1QXlBfYGBgYWBicGNwZIBlkGagZ7BowGnQavBsAG0QbjBvUHBwcZBysHPQdPB2EHdAeGB5kHrAe/B9IH5Qf4CAsIHwgyCEYIWghuCIIIlgiqCL4I0gjnCPsJEAklCToJTwlkCXkJjwmkCboJzwnlCfsKEQonCj0KVApqCoEKmAquCsUK3ArzCwsLIgs5C1ELaQuAC5gLsAvIC+EL+QwSDCoMQwxcDHUMjgynDMAM2QzzDQ0NJg1ADVoNdA2ODakNww3eDfgOEw4uDkkOZA5/DpsOtg7SDu4PCQ8lD0EPXg96D5YPsw/PD+wQCRAmEEMQYRB+EJsQuRDXEPURExExEU8RbRGMEaoRyRHoEgcSJhJFEmQShBKjEsMS4xMDEyMTQxNjE4MTpBPFE+UUBhQnFEkUahSLFK0UzhTwFRIVNBVWFXgVmxW9FeAWAxYmFkkWbBaPFrIW1hb6Fx0XQRdlF4kXrhfSF/cYGxhAGGUYihivGNUY+hkgGUUZaxmRGbcZ3RoEGioaURp3Gp4axRrsGxQbOxtjG4obshvaHAIcKhxSHHscoxzMHPUdHh1HHXAdmR3DHeweFh5AHmoelB6+HukfEx8+H2kflB+/H+ogFSBBIGwgmCDEIPAhHCFIIXUhoSHOIfsiJyJVIoIiryLdIwojOCNmI5QjwiPwJB8kTSR8JKsk2iUJJTglaCWXJccl9yYnJlcmhya3JugnGCdJJ3onqyfcKA0oPyhxKKIo1CkGKTgpaymdKdAqAio1KmgqmyrPKwIrNitpK50r0SwFLDksbiyiLNctDC1BLXYtqy3hLhYuTC6CLrcu7i8kL1ovkS/HL/4wNTBsMKQw2zESMUoxgjG6MfIyKjJjMpsy1DMNM0YzfzO4M/E0KzRlNJ402DUTNU01hzXCNf02NzZyNq426TckN2A3nDfXOBQ4UDiMOMg5BTlCOX85vDn5OjY6dDqyOu87LTtrO6o76DwnPGU8pDzjPSI9YT2hPeA+ID5gPqA+4D8hP2E/oj/iQCNAZECmQOdBKUFqQaxB7kIwQnJCtUL3QzpDfUPARANER0SKRM5FEkVVRZpF3kYiRmdGq0bwRzVHe0fASAVIS0iRSNdJHUljSalJ8Eo3Sn1KxEsMS1NLmkviTCpMcky6TQJNSk2TTdxOJU5uTrdPAE9JT5NP3VAnUHFQu1EGUVBRm1HmUjFSfFLHUxNTX1OqU/ZUQlSPVNtVKFV1VcJWD1ZcVqlW91dEV5JX4FgvWH1Yy1kaWWlZuFoHWlZaplr1W0VblVvlXDVchlzWXSddeF3JXhpebF69Xw9fYV+zYAVgV2CqYPxhT2GiYfViSWKcYvBjQ2OXY+tkQGSUZOllPWWSZedmPWaSZuhnPWeTZ+loP2iWaOxpQ2maafFqSGqfavdrT2una/9sV2yvbQhtYG25bhJua27Ebx5veG/RcCtwhnDgcTpxlXHwcktypnMBc11zuHQUdHB0zHUodYV14XY+dpt2+HdWd7N4EXhueMx5KnmJeed6RnqlewR7Y3vCfCF8gXzhfUF9oX4BfmJ+wn8jf4R/5YBHgKiBCoFrgc2CMIKSgvSDV4O6hB2EgITjhUeFq4YOhnKG14c7h5+IBIhpiM6JM4mZif6KZIrKizCLlov8jGOMyo0xjZiN/45mjs6PNo+ekAaQbpDWkT+RqJIRknqS45NNk7aUIJSKlPSVX5XJljSWn5cKl3WX4JhMmLiZJJmQmfyaaJrVm0Kbr5wcnImc951kndKeQJ6unx2fi5/6oGmg2KFHobaiJqKWowajdqPmpFakx6U4pammGqaLpv2nbqfgqFKoxKk3qamqHKqPqwKrdavprFys0K1ErbiuLa6hrxavi7AAsHWw6rFgsdayS7LCszizrrQltJy1E7WKtgG2ebbwt2i34LhZuNG5SrnCuju6tbsuu6e8IbybvRW9j74KvoS+/796v/XAcMDswWfB48JfwtvDWMPUxFHEzsVLxcjGRsbDx0HHv8g9yLzJOsm5yjjKt8s2y7bMNcy1zTXNtc42zrbPN8+40DnQutE80b7SP9LB00TTxtRJ1MvVTtXR1lXW2Ndc1+DYZNjo2WzZ8dp22vvbgNwF3IrdEN2W3hzeot8p36/gNuC94UThzOJT4tvjY+Pr5HPk/OWE5g3mlucf56noMui86Ubp0Opb6uXrcOv77IbtEe2c7ijutO9A78zwWPDl8XLx//KM8xnzp/Q09ML1UPXe9m32+/eK+Bn4qPk4+cf6V/rn+3f8B/yY/Sn9uv5L/tz/bf///+4ADkFkb2JlAGRAAAAAAf/bAIQABAMDAwMDBAMDBAYEAwQGBwUEBAUHCAYGBwYGCAoICQkJCQgKCgwMDAwMCgwMDAwMDAwMDAwMDAwMDAwMDAwMDAEEBQUIBwgPCgoPFA4ODhQUDg4ODhQRDAwMDAwREQwMDAwMDBEMDAwMDAwMDAwMDAwMDAwMDAwMDAwMDAwMDAwM/8AAEQgAqAC0AwERAAIRAQMRAf/dAAQAF//EAaIAAAAHAQEBAQEAAAAAAAAAAAQFAwIGAQAHCAkKCwEAAgIDAQEBAQEAAAAAAAAAAQACAwQFBgcICQoLEAACAQMDAgQCBgcDBAIGAnMBAgMRBAAFIRIxQVEGE2EicYEUMpGhBxWxQiPBUtHhMxZi8CRygvElQzRTkqKyY3PCNUQnk6OzNhdUZHTD0uIIJoMJChgZhJRFRqS0VtNVKBry4/PE1OT0ZXWFlaW1xdXl9WZ2hpamtsbW5vY3R1dnd4eXp7fH1+f3OEhYaHiImKi4yNjo+Ck5SVlpeYmZqbnJ2en5KjpKWmp6ipqqusra6voRAAICAQIDBQUEBQYECAMDbQEAAhEDBCESMUEFURNhIgZxgZEyobHwFMHR4SNCFVJicvEzJDRDghaSUyWiY7LCB3PSNeJEgxdUkwgJChgZJjZFGidkdFU38qOzwygp0+PzhJSktMTU5PRldYWVpbXF1eX1RlZmdoaWprbG1ub2R1dnd4eXp7fH1+f3OEhYaHiImKi4yNjo+DlJWWl5iZmpucnZ6fkqOkpaanqKmqq6ytrq+v/aAAwDAQACEQMRAD8Al7W4kry39xsfwzrJRB5pBIUvqcibQyHj/K3h88xZ6cdGwSbHrx/bDADuDUZhzwyDO1WOQt+0a/PMcik2iI2P8x+/IlKsCxGxP35FVVS1Op+/K2QVF5eJp88BZqqq1NycqJZUqqG7E5WSkBUAPcmuRtaXrHI32ascjxJ8NVNvOqNI0cojQhXcq3EE9ATSgwiQPJBjS3ieoJp8zhtFNgN2J+/CilwDeJxWl4r4nG0UvAY98kJIpUAPicnxMVRA3iaZIFVdAT3NMsBYEIhEamxP35YJIKtSXjxqcu49mun/0J96GdTaXCGmC0rvRHfAtLWtI23KgHxXY5CUIlmCVv1R03RuX+tmHLT1yLMSbAdftKR+I+/MSWMxZ2EQoDUyhsCJWPoO2VlkFVV7ZUWaoqAfPIKvC+PUZElkIoiNjGar1yoi2wJm+vak1lJYCZhbTACWMdGA8fHplUcYibBTKilQSmwpl1sCHcSMbYUvUeOStFKqR8umNoVDFxx4kU4JlgkwpUVcnaETCBUcumWCTAsy8u+Vzqo9UkJAp+Jqb/RkOM20yLLv8E6PxpRuf8/euX+NtVNb/9HpoiBzpTINtLvSwcSKd6I8MHEmneiPDHiS36QPbIkqvEIpSmRJZBxtYzuBxPiMx5Y4lmCQ2IpF78h+OYU8Pc2CS9Ou+x98xJRIbgrKmUEsxFUVPbKy2ALwmBab4DI2mm+PtgtaXBK9MeJFO4Gvjh4gxpfSm/TCCGshcPnhYkLxTCFpWQKeu2TBYUrpwUg12ydtZZt5c80xaZAYJI+UTbk13ByYjW7jyiU3/wAdw/WP7seh09/vyW7HhL//0utRxjN+W8L/AEx4YLSuEQI6Y2l3pDwxtDhFTYY2lcIsgSlcIQdz0yslVQQHsNsiyAbMAOxFRlZo82QW/VSDVNvbMaeGJ5N8ZlcEdeq7eIzCnhlFvEgVRVB6ZiSsc2YC8RVyDKneiMja8LYQYCV4URBHbFwLgkJ+1x65XKUgNgkRHVfqkOlKYjpM05FP36ThSK9ihG+W4MhIImN+jQYyvmgthlgkwpqvh9OWAsSqB6fTkgwLfqU65bFrIV4pVKSOZQjIAUioSZCTQgEbCnXfMmIai39YalOX013y2hSH/9PsaKM3snJC/hkEr1iqMiSlsRdsHEoC/wBHBxJpsQ98FppUWEDtkSU0qrDXrkCWdKnoDwyFrThCB2wWyAXCGvbIGTOIXmzRhuN+1Mx5xjLm3hSa1kTdTyA7NmJLTg/S2CVKDvw2kUqff+uUHFIdE8QUjKp6d8hwlbc9zIYlgLkwoSyx9gzdTkqNUwUDN4nHhYrDNkgGLluE5L6pJir8YSgNO9Cdq5MVbXIXyaNwASAdqmg6mnauToWwWG4y0MC2l1xNDv8A25kxjbUV31hvE06ZlcHpYP8A/9Ts8Y3zelyV9N8gyVo9hlZ5swvHy28cFMqVFUUwMV4QeGKQFVY9htlRLMBVWPIlkqCKvXK7SAuEHcDBxMqXiIfTlZLIKywd+uY5LaG3t/hp0yNsqSy6hFDtmXCWzTJJri3K7pUfqyZxQk0mZCAeSRB8QqPEZTLS9xYjKgZtXtYAfVk4kexOYWSoc2wEnkl1x5r06Lp6sh8FXj/xIjMKesxjvb44ZlD2fnDTruT025W0vRRNTi3vyG2DFrcczW4K5NPOKvceZ9KgPGa9hVvANy/4jXLMmu0+P6px+bi0Uum896NETxleU+EaGn3tTMKfbukh1MvcEcBKEP5iW/L9zZswBBPORVPHuQFB7ZCHtLiMgBA13lEsRAtPf8aaR9W+sfF/L6W3qV8KfjXpnb+Ji8Pi4tq4nD4t3//V7Uq5vCXKCqqA7nK7ZKijt2yKQuHXFmqrTAqqoqQBkTyTFFRxtvUUA7nb9eUlkVaKPn9ghz4KQf1ZXJsAVvSKmjAg+B2yu2QC9Y67ZWSml6RUOVmTMBHQWw29+2Ys5t0YoqWyTiNuozGGU238ISK/tONdts2OKbi5IUkVzEOObCLgz2SW6jAJ2y4FoY7eW4Jao2PjleSIIopiSGL6nacKldh7Zz2t0secXZYslsS1DlEWI79c52eMh2kTsx43HB2Xoeo9xnPajBwzJ73V5Y8MqC5bqu5zE4Wq1WK4qQK7HY/ThEWMt2S/Wo/8N/XdvrNfq9e/L7P6s9D/AD0P5N8T/KV4f+d3uDwep//W7eq5tibctVCnI2lcFp1wcSQpT3MFsrSyuERAWdmNAqjqT4Y2zDz3VvzTh9VoNBgWULUfXbivA70+BBQke5zLjp5VZbIRtIbvz55hMTyz6m8USfExjVYlA7UoKknsMmMAOzkiERuXmfmj8yJE5tqGpT8OqxvKxc16chWgrmeMOPCPWN3FnqANgwb/AJWxLBLzt3mTifhZZZFP3hhkDqcB2oON40npnkT/AJyT1mxmit7u7N7ZVAa1vW9ZSO/GT7aH33HjmPPS4M4qPpLZDUd76q8o+bNF856Z+k9GkNY6C6s5CPVhZhtWmzKf2XGxzntTgnhPDLl3uZEg7hkaKAcwpFtij4AdqdsxZuXEIqSWI8VMqAgbgso/jmD4kR1CgHuKU6pPYgcBcwtJT7IdSf15LFr8ETUskR/nMjhyTF0fkxm4Ub9x2PUfhnTYyJRBG/m6fICDvaT3aDemZUXGKR3kdQcSrG9TiBjO3TcZh5Y8QboSovPtd+AmmcvqMVSLuMUtmITsxDSD9jc/6pNK5pNTiuPmGOojcbQjXe432zTGG7rrXfWglCp2yZx+lCZfpn/cd9Srv9Y+se1PT/5qyXFL6f4Vf//X7qq0HxbDNgS5oDbSooBAqcgypCS3JAJJoBU7YWdPGfzP82Sz3o8t2shW2iAkv6H7btuqEjsBuRm20eGxxn4MeJg6XsUKFyasB0zY8BJZcdJLreszvGFiPxsaRgnbnTdyPYYzMcEDI82GTJYYq8EYV1dRN6n96ZAGL18a/qzk8uWeQ3Jx7YV5m8vR2cbanpiFLZD/AKVbA1Edf2078fFe2CE2Mo2LDG4J5EYMpoQe2bHEaOzU9z/JL80dS8qa/azmQvACI54STSSFj8aGvYjp4NQ5tcmIanEYnm5ODLwnyffqX1lJZJqkcwOnvELlJj09JlDA/Oh+/OB1GQYYylk24ebvMWMzIEf4mE6n5xur9/Rt+UFmfsRqaM3uxG+/hnnGt7YyZyQDww7v2vc6bsuGIXLeSSalqs0FvI8KGaRPtRK24qK1YjtmiHi5+RoByJ5sWKQgTuWGv5m1pW/vUhjY7GNFC/JuVcxpaWPvdhERlz5sh0DzfPHMttf04OaVUEKx+R6Nm87H7Vy9n5BzliP1w/TH+kHV9pdl49TA0Kn0kzGbhIgkQ8kYVVh3Ge14c0csIzgbjIcUT5PleSEoSMZCiNkou0qpOXtbF9V2G3hkJRZRLznzFsem56ZpNZi6uywySG1sprTR73X7qEvBI31GzjY8amSqvLuP2Rsv+Vmt8IQwnNMen6Q16vVcNQHMmvmwe4c2TSQzSh5Im4hh0ZexHzGcxwQl6hyLVOJhIxKGOonoTt/XD4LXxK/6Rj9DlX4/s19uuQ4N02//0O5pUmpNczHYhTletRhZUlN1MWPAfZqPpOSA2QXyvrWpyXeuaneO3Iy3UzVJ7KxUU+gZ0uGPDAe5xrQE14wj69WAG+ZMGBm3HEbmVmbcRoAPmx/szE12I5QAsjSHubIrU+AzUns4gWw40peIMHicVSVWjYHcFWFD+vMKenIZwlbyNYzFK8PaNmT/AIE0zLwx2tpPNknl95IryFovt1BAzb6faSh9z+U/NT3/AOWOg6aX+NPVS4Nd/SgkJjX/AIbPG/bjP4ep8GP8VTl+p9L9m9PxxOY9Nor/AK/FaQXWqT729jG0rDxIGwzzeZuoj+IvT6rMMWIzPQEqP5Ytca3ouoX90/O8uJ1nkbrvKlaewAFAM3mGAjxRHQh84x5DlMpy5ndDebtF/Qt5EStbW+jMqL2DdHT+OUZoCJ8ns+zdQcmOjzix+3kqhjYlmiIUMepU/ZOYhiC7ytrek+U9Qe90tonNZbdv+Fbamej+yOrlLDPBLc4z6f6kv1F879pNMMeYZANp/fFF3goud6A8mxHWD8JPhglsEjmwOTS5fMurx6PA6Vcc7sFmRo7UMA7qVFeW9FFftZrDjOafC5HHwC0H5vkh1NhZ6SyHy9odLa1MbsxeZCI5A3Y8fsqd6tyzm/aTtHHjlHTQ6c/emGkOSHiHvBeU+dbSasl5ZhfXjUrwbZGCdM5/siPiHgPLm7LW4b9XV5i/mjVISVe2jBHWjNnY/wAmQPUvP+IQt/xdqVK/V4qfNsH8lQ7yjxC//9HuFaCgzJt2YCEuJgAQD8zkwyKUTvyqAaGhofcgjLRzDAh8kaus2n6ldWMh/upWKk9SGYmv350YlVe5wwCltzdFYHev2aNl0JbsJBk2hyRyeoNiJEVl9+/6syIiyifJEXcYUeKnMyOIFptjOrTQ2UE11IeKxKWqfw/HMLV6aAgSWcSbeQwxtNKzkbsxd/mxrmihGhTLmzjyvpMst5HLwNE+IjwA8cz8A3bowrd9R+UIvq3ly0jA48g8lB7nb9WfPntnqBk7WyVuIiMPkPU+v9g4TDRQ/pXL5pr5niYfl5q1yNubRj5/Ht+rOa0MBPNKR/gA+ZLrPaXNwYBAdT9iR/l95wufK8VnbzLBb6Pd3ESX91dAjivojjwI2qWNN86fDppT4jEWS8no4mQAHV6J578yeWvMVhDBpWpWtzf20wZIIZVkk9EqVc0HYUFcxNdhnjxiUokbvV9l48kMxBBAIYLDbUlZqfCy7n3GaSWTZ6yMdmW+Sy0V5cRn7Dxn7xnUeymateQP4oH7HlfaeAOlB7pBkF+djTPYLp81YVrkhCOwR5AgLMsYLNsOw7k5jzlaY80umabQdLisbV5V1jzBCtwb11X1bVZRRECdAI1BrU/bNc0Ws7Zh2eNxvKBkD8UxBy5hi6FjupxxJCmlRmgChX3UOSO9Ntydz7543PPkyZDmn9Ujfk9fHHHh4ej5387+Z/rOu3VjaODa2TNAXU7PKD8Z+QPw56p2Dohj04mec/V7o9A8/rtUTMxHIMLmDTEssbOvdlUsK99wM6W4jYkAuoNndR4DjTg3Wn2T18OmW1GuY+YY7v8A/9LtbvxX3zKp2qXzklTkwlK5uVOQ6Dv2yVofOX5p6Qy6nd3Fpx+uQuzCOo/eRt8XHr1Fds38fXiEg4MzwS35PHV1+OQtGzUIPF0PUEdQR45ijOQW2MoSZT5W1lGVYeYMkH2T/NHXany75tsOYSF9WHDz7mS6rq1pZQma8kEUTj4X3IY+C0rXN1HLACyacGUJRLzbWbvU/Mcghtrd4tOU1rIOPMj9o17eAzS6zUeKaHJthjkUZpHlSTmiqvqzMaIoBJqf1nNfRc6GGnrXlDyPNLqNpoUW99eSKbxl+IxQqatWngOuYPanauHsvSz1OU7R+cpdIR7y5WPDLLLhD6CX8u9Vt0K2c1qLJDxt+UhSkY+yN1658kavtyGfNLIbucjIvqeHtPDihGBBHCOHkv8AMHla7n8oXOjy0eR4WIWA+opdAX3NNtq0Y7Z13sjq9JnyZceWQE514YltxcPS3lO39RHPKEoAmNm/k8Dmt73XL2TQIUa20+yjjvJZZd1LuPTiIK7tRQTSudxOUOz8QB3kSXX9lakYZkkXwck88i+XrGLXrgW+pQ31zbW7LPBCoBTmwFSakjcZp+2J55aePFiOOMjsZdaer7O7WGqyygCNh06PR4NMYM1P5f1nOQljlyejjNNtCtfqt453+JCPpzp/ZPGfz990JPLe00v8ErvITC/LAEMCGO3E7Gpz2CU3zN5t5ulmHKKXTb+aBKMtxZkqC++32T0zDySJNBtiGHaxqPmIzWb2zXzXCW4L3F2gkktoaGOKMcVABI+IFh884jXS0+s1BEiDHGODn9RHqn/peTuuztDA5xkyS4RTD3h09LGTV9TmIeKrzXLMWmaStCoJNSxPbNrgwynKOLHEVI0B0/se8yjT6fDKcgOGPXvedjyzpmtR6nqloLbS7eyj9draa6EMsoZqBYRJX1ZTWrKtM9Gh2fixQjGZlOUtriPTF8m1OaOaZljgIRZT+XHl+DVbZ9GiuprTU4me4tnnQrbzBvByKcgeqnqPs5y/a3YgOfiJsSHD8fx1bdPm4Y0Pn0ejf8q+8zfoH6tWD6zzrWop6383KnTOJ/kXL4vxqr6O8/MQ4K6v/9Pr1zdw28T3FxIsUKAl5HNFA+eZRLt8cTM0BZYLq3nUuzR6RH8Pa6nFSfdE/rkTI9Ho9N2RsDkPwYnd3Wo37Frq6lkr2LlV+gLQYKJd5j0+KH0xHySi50GxuwTcKH8aiv3lsIjXJyowjLmB8mKan+X35eXUjPe2yG4P2mtiwk+kpQZMCXNws2g0U/qgL8tko/5Vx5It5BNpt/qtjMhqjrLHKoI/yZeuWQnkgbBdbPsfSfw8Ufj+xOY9DligMdpew3yH7UFzF6AY+27KCf8AWGbXH2hYqYcDL2HIf3U7/oy5pNPeeV9PuXtdYtvqV5H8T27zrHsehUOKlfcZl+NhP8QDz+SE8UuGYo+aYaH5nstT1OHQfJlrHLqdyeJmhrJ6aftPJO44oqjc8RXNJ2n25pOz8MsuSXFX8Mf4vJvwYp5ZcMRT6N8maLpHlTTJLwujycWkvdRnPH1PTHJ2Yk/DEvh37758t+0fbur7Zzg5Nog1jxR/hv8A3WT+dL5U9NixR08dufV5/wCYvz3uL+9eDy8n+49TxW+m+1IAesadFXwrvmZp/ZsQgDmPq/mj+FhxE9UT5b/M7WPrCmS4Misfijk3Qg9jXMXV9j4hH6aruZEUjPMmn2kdzb6zpKcNP1SFgtvUfuZ4yWeNR2X4uQzcaDX5NTGOLMbnhO8v5+P+G3BnjEbI6sk/Kj8ttSt9En8yT2voS63LSHmVBMEGwbbszE0z0DtvVS14xiBuEB6f0suwTj0hmZfXJlo0WVHk4pUBuAbx4dfxzhckZCRp7WOqhXN5F+annrWvLes2PlPyz6Kavq9pcSS3L1MsCR/Z9LsGajbsD7Z33sHpYyy5tRMXGAEfefqp472s1RIx4o8ybb/L+/1jT9A1qy1q6utXksb+KKzkZi8ot7i3Wb4WYNtVu+eidoZ4TEcsBQkD9jxGijKuE8weqtLbaNBA8qX+pWaRAzFQFdagct+LKaZzxyC+btRE9zD/ADj5t1Ly8tve6dIlwbi4CytcKT60Qt1Yd6gk++cr7O9kYu0dRnx5bocUhX87xOFt7T1c9PCMo/jZhv5oXltqekeX9bWIWq6tHJNc28e9ZofhG9AD9rrnX+y+m/L6/UYDLi8ChEn+bILqNdLLo4QHKZ4/9L+hJtFttK1Oyd4ZLLy7qMaiBbye1m1CGbb4y1A/pM3iEamb3+UtVPKccICUcZvivhyf0P8ANiOezo5aSBiZGZuXT+F9Ffktp159StZfr1nr+pWWnXVx9SPCTTzfs5RFMi1rwjAf4k5LzIP2c4P2uy6jJqIcEqyZJRiP6MefJyeytLDDMx4v3dbxjvX9Li33enfU/wAuv0T+n/0Yf019T/3k+s3H6K+u8/scOdKct+XHj9G2ZXj5fyvFt4vD51+Pi7bwf3tWeC6/pcL/AP/UZr/mmfXrrkCY9NjP+i2/j/lv4k/hmVwl9H0Omjgj/S70oN4u4rv3OTEHZcdoS81qO1WlS0nYDvlnCy46YN5m89Q2VYp5DJOd1tIz0/1zlcpxHvdZq+0IYbs79zzvUvOms3fJUnFtEf8Adce33+OYxyEvM5u1M0z6RTGjr+rx3BWe5Z69GIyHEXGhrcvUsl0XzbfwOnGdlNd6Hb6Qdjl8Zu00+sL0FoNH/MfS/wBEawqRanEpk0+8ABaNxvVSd+Jp8cfhuvTI58RkLi7mcceshwTHqHIss/Kny5/hq2a3ljWPU7pvTnp+yqmgUHwP2s8R9otRLLlMTygft73IxaQYMZPVl/5x+YGs9GtfK9q3EXkf1i/4mh+roaRxn2ZhybNT7O6MTyyzkbR9Mf63WnUZp28PtXKxB5GoqLyY9gAK52eQWa81jsPgu0fzrHFr1tpt1BPZLOVNtNdJ6SzhjxBSvUE9MyNX2JkGA5NjtdOFHXRlPhqt31B5X0ay1/SBZa1AtzBHIl3Ejggq4BRuJFKVHXOF7Jzxxa87AiUJR+W4dqNN45Ebqnocup3PCKxgkMcMEaxRxIaRxRKKKoA2G3QZvdXrDyjzp32LR4oDYKH6Wlsovtn00GwO/X55ofHyA8MfUS3ywQI4jsHx1581PX7783LnWJLW6gf0xb6a3pueSoGH7tlBHxVJ2z6I9k9FDS6WOKRHFKzk/rS/U+R9uag6jOZgGrAiP6I/W9f/ACqtdc07Sr641e3kt7i6ulljEjsJDGkQQFgG67d8n2kcQMYYjYiC1aczncp8y9IW6Dj9/D6gOxEipKpB8Q6n9eaSUh1DmgPHvPGgWeqX1zZ6wsunWLzC40zVIlBgSV0CGOTjsKU6HiP5TnKdmZ9X2XllmxxExKUuOP8AQ4uIOZqsGLUxECSK/U88/NLTZdG8veU9LuJUlktluYxLHULJurclr2oc6n2Z1o1faWqzgEDJw/CnAz4TiwY4k3wo/wAg+TPP0XlSbzVpmnLqfljUr8XNvHEY7qULCnpyO9uDzVQ3IU+1m68PHHJIy2lvuObCBkQK3D2H8otB1fXNTkh8mJDo90zXFzPGqyIhUAKUbmrlPUNBuKLnA9saeOt7QhikTIRgJA9f84j6P5tvQaWQw6XimKBO0f0vQvrWo/4u/wAP/oV/T+ofUfrXw+l+kOdfQ4ca9P2/s0+P2y385Hgqjf8Ad8G/H3d1MvAFfVtd8X++f//Vg63RoBXNrQD6Z4lqdzfi3iJO5Ow8T7DFmJMD82eZpNMhEUTBtRua8T2jTpy/pmPmycI2db2hrfBjQ5l5lJO0rNI7FpHNWdtySe5OYF9Xj5EyNlTs7O61FnitVLyjap6V7dMsAtqMbSnUGmQrFMvCeMskinsR2yBWGyJ0yRqrvvl8A5+I77PTvLk8kU0E0ZpJGyuvzGZUdg9Lpydi9r8u3iSeY4YSaLLCkoHzPHPHfa/TjHkMxykLd3qsn7ghlV75H0Hzh5/vZ/NGqG00Oxt4murWM+m8iRxjhH6u/HkSenxH9nMj2P0OKekhLJLhiTKX208brMs4fSN0r88fkAp8m69rfka6uTqjXCRaHpc3Fo2sZeIdmkID8kBZq+C+Odn/ACJATMr9IN/Bwz2hPgqtyHnP5o+Stag0XQoFu7GXT9Cmgmv/AEwy3DzSMgXiz7kbE8B3xzSjASHeD9zPglOj0Be86p5q8qeQoNMt/MmqRaZ+lBwtDOWVWMSBnDMo+EDkNz3zwTsnTanU5Z5MUeLg+r/Oev0+fFiy/vDw2NmQaX5g0/Wolm0CSPUIjuJbZucZ+kADOgGHVzPCMRBdwdVg4bMxSNk8v6zqUqyXkqw2qmvpJuznr8R7D2zrOyOyBp5+Ln9WQfTEfTH3/wBJ5vtHtE5YHHj2ifmVRfJ8CuVr70A8fnnaRmR73lSAj7byxBEjhQaFqkn5ZLjLEBVPl5R9lSPfIGVpV7TyM2oQXUlusU0sIBewkJDzRsNyvainrUb5qe0Mv5fTTzAEmH8wcUvfw9dt2zHKPiAT+l5rf/l9+X9zrEs3mPStOt5raL0Sbz6xd29vLI4K0hMqCMMR8bRpXj2pmB2PqsmrxjLhyUJbmeKPD8Juz1A0+IXXEeglL/ZVTPfKXkbRdD0m8vPL2gPDrzQfWLT9FFo7CdCxVAZOIU1pyHIezZuCNQRIzvxIfRvtP+1wzlxgx4a4ZbS23CEj8xajplre+YBDc6JfGFQ9xAU43Dp+xNyVQPHkM1eh7Q12XPKWXAYgVCW3Bw+dy9Uo/YnVYsJjEQnxc63v/pFOf8b659V/R31xPr/L6x+kfVHLl6Xqel4cK/tVzseD01Z77dJfkP5r/9bmMVwG3rm3e7hkS28vPWmY1/dx1Wvv1Y5AmnMjLkXj2s6k2p6hcXbGoduMQPaNdl/rmtkbNvGanMcuQyPwR3lnS4tbu2syCbhv7pB0cDrT3GZekwxyz4eriE7PQtG/L/WNEvYlMRME/wAYKip4jqCO9MyM+kOGVd7bjkCGMfnN5bWxvodRgRIlWkM0I+GToKO47muV6jTCIBa73YRpFsXeMAd6nKYRc3BG5PVPL1g7hGA/yv8AYjJ3u9fp8dRZNY+Y4tL/ADIsbKSQBI7GBHr0DsTIB92cF7VaXxsNjo4+r1FZjDyen/mDdQ2WoaZqtx6h0e4ozfVQC8tzAnwq9diOBDr+Gcn7JTjnxnTSlwnHLij/AJ37XXZ5GI4ujN/JvmiW5vdP0aK59TSPRMhjunIkIdOTMBUkE1+z4Z6jocszOWE9HT6uEeATip6v5Dh8w6jJdeY5HXy/p8geK1X939YMZ5rzY70zy/2l9ocuDVT0uGO49PF19X8I97uNHCJxCckdp8PlLzffxXrJZahd2waK39ZVkaJOW6oJB4jtnQdi9g6ns3SDxISjLJ65/wC9B9wcaWrxZZkAvSdI0yCGLiiLHx2RFAUAfIUFc2xig5LTdLXqCa08clSOJVWyVmBA39+mXxOzi5OaMjsUUU7nrXLLalT6gnXvgJQwX8xteu/LZsLSxsEurjUYblo5JJ2tDE0YCgiQdFPLc5laWBlZB+ktOQ0a73z/ADebb/zda6lpsenejqGkov1qee5hMVsBLSpEYJmC06rRiu+bPHDFCzEcIPT+e0SlKxW7Nrrzb5gtrXRLfT9TDWilII3hd44qrV/TdK0orb8u9fiyjIRMGO4vvbsIIPEN6ZBe+crzVrOTRda06FBJcol1dzoYbWfkpDwRABY3rsZWBB3zJHrFSJJ+lpAA5CuvxYN+gPJXH9Pepc/4W+ufo/8ASHGbj+mfq/ofV+Xp19H1Nq0px/bzH4N6pt8X011f/9fjYugqFgd/DNq9lA7pZK7tp9yyV5+hM4PuFbK8u0S7A3wH3F5LAhuGVF6kClOpzAntu8PCPEz7yXZvFqFvPYKOdoVLtXcu3UfKmZmghIz4x0cmZjVPpjRtW0pra2ivZVS8Rg1Ptuq96gbge5zfajFxjd152NB84/m9KvnrzpeXnlwSyaZAfRX1BwjkeH4WdPEE5pNXQmADYcnFikQx7y9ol0bowSxFJIyA6kfxyPEAHoNBpZTk9gsdPt9KsGuLx1iXiXlYmnCJBVj92Vi+ZesIEI30D541Lznd3fmm91+NTxnn9SFa0KxpQRj6FAzX58AyggvmufVmeaWTvfQ/kX84PKXmrQx5Z80XQsLniFilnPp0Zfssr9Ayn7J+jPL9f2DqtFqBqtMLroHZ4dXCceGReuaFc/l5ZW9mYLa1vdRsowI9SjuPUuXp+00sZrv4ZoRDtzV6qWTCconI8ojhiP0OX4+nx4+GVV5qfmfzJfeY0WzWRrfTOkkcZKtIv8tewPc/abPV/Zj2Ilps/wCd1/7zN9UYfVwy/nZZfxT8nmNf2vxx8LD6Y9T+pAWUEVuFEKhAtAtNiKeFOmewE8QNh5okx9707yR5unjmj0jU5WkgkIS2uX3ZHPRWPUqfwzle1+yoyByYhRH1RHV2+h15B4Z/N6rbk13AP9mcNT0dphDQnwPvk482EkUtKD8DlrSSvZoo1aeYgRRjmxJooA3qSe2U7kgd6Hxr+bHnzWI9XiWzvmma1eaRFnJmaIyuQUKtVfScUK7b52PZ+ngc0cJ34o7x5S2H8Lg6gSGE5P5p5sQ0fzHrGs6leLqllZQ3YeKK4vPTFvJHbRwtIRVdm5dKHbKdbiw4ZCUbNd8uP+vv/R6stLLJMHv8g9LbVtP0/SI7y2WP6uAsunzXA2uJnXg0ar1HXZaduWYGX+dfF+hnGxsGLz6potn5pl1H8wLO8H1mS2uNHjS7f6hHzYWyzNApKEeqPj5DlQ5hx1kZmUBzgak7GWilECV8w9U/xTq/r/UfUf0frHp/VvUFPUpSvhwrvx/kweKef220+Ftez//Q4bqdrJpsh4ktZvsjHqp/lP8AA5vc2EwPk7vRazj2PNrTpVrGJRVAWikB/lOxH45izFxL1OnmDz93wYXJ5L1XRNfMZQz6a/J7O4Tuu5CN4EdM1eQkxdDn7OnpshP8PRLWuvM3luORJEa2juH5CagPEsa0U9Ac2OjzmIp0eQSB3Zj5RuZ9VQ2l1qTxzz0VE+1Wu1WpSuV6ztCY2i5+n04IsvZIPLNkNLOmyqiXkJQxTL1ag3FfBq5zxzyJ4iXaxhHkg28v2Om0u50EKRghx3JHb3zZYSZ79HqdKYRhs86/MHUNU1+F9D0ZQkVxteSFwAsK0IiHclju/wB2b/BoJ5htyeO7e7YgLwwO/wDExTSfynkkKtqFwI17pGvJj9JzfYuyIQ+ovCS1fczzR/yz8q2jK8tn9bYEb3B5D7umZkdJhx8ohxZ55y6vQtOtbSxhWCygjtoV2VI1VB+AGGq5cvLZpsnnumsZIIJOR4EWjYmoQQclwUplaZ20jowZTQ9RTrUbimRMb2RdPoLT5WeCCR9naKNm+ZUZ5NkiOI13l7mBPCL7k3t5hXj3/AZABJKOjoN+/c4S1rpuZt5FiVZH4kpG24Yjfia+NMqj6ZglTyfOf/OQ/lprvQ2846BNZ2fl279CHV7JUWCYXyOEDSsNyqAfZ/ZO+bfQwGDtOOqIMgYkf1TW2zkTzDN2dLTHaUZAg98bt806NeRWFzrN5d25fS7lksDPy9R0kKcyFrufUVSvLsMt9o9RilnxxjsKlLh77/bzb+w9JmjjnOjezO9as7ufy7pVvb73aGAICeLF1qo4f5VSMr1BEccOHrTrcUZSySHmXqOpXevLoumTeaNGit/K7Q/VbwvCt26ByqxG5UUIj5jkWXxzTyxymRwmjLr/AMU7TFwg1I2AHrPqx/U/Q9HS/wBP/VqfZ/c8qca9OXCm/Xlx2rxzZ8I8O+n0/wCd3+51vF6/j/sX/9HzxqvnNJlaO1ty6tUEyfCpHy3Odxkxg83BEyDYQOm61a80idyC6D1wRSj9+PiBmjy4jHlyeu7P7RjIcMub0PR9TsbiNLLUyvBqelcHdCOwP9c1uTCCbD2eHURkKnuitR/L7RNchbjGs8NQxVXPHbvSuYxEgdk5NFpsg9UQwm58m2/kbWrPU4pJPq7sQUdqgEEfwyEomYqnT6nQ4sHqiXq2talJ+ibTzNpoN3EFWG7hjFTturCn3Zq8eK5cB5uv4+E27XRH5o02xmk1BdGu0Tlcw3SN6rL+yY171H7Wbvs7CceSsoNOHn7QnDGY4iL7+5jNto9rp54IOTjq53LA96kd89OhIGI4dg+eyibN7lHLCDuo4jJFrTG3XgPn92QpUxj4im9T3yPChFIxB8MBii0TG9e++RpWU+VdPbVdUt7Qg+lX1Zj/ACwofiY/M/CPHNX2jqRgxE9TsHI02HxcgA5B7hE52C7IOgO23b5Z5oXsgeiYQTAAA7U7dsRFjIphDcdjgIY2ifVB6ff3yiYCWIecPJltrsMs9tEkkk1XurCahgnIG7gNsGp1zM0evOGVS+lqnjs2HlVz5H8ojyVqmn+VIoLTWbwPI8N2oltJbhhwDxsa8OC7KoyvtHska7OM2OZif5t+l3Og7anpxwZI3H7XmtnF5t8s3VjceYtFuBoWjWsgur21RrtXbjwjcmPdQDuT2zI1EsuGMI5ImNfxfUPmGMNNjycc8UwTLfh+mX2sus/+cgvKDacmmX6WzyTFIbggj4rdiVp6UwCksKVj6FumV4MmLYd33uHl02aFmk8/S3k//jufXNZ/wf8A7yf4b+rmn1jlx+sceXP7P+6OXpUzI/L+rma4f9k0/mBwcvU//9LypLF2/DPR543VWgpYCTUbEdDmJPEzEqKe6HeiHT55Li/9GeKXisMi+osiFaii9a17jNNm08rHALd3pu08mIbmwjrXX9euGaPTtKuJFJoJ0cwRn/gumWR7Mzy/hdgfaKMRuPtU9R0bzFqJE2pL6cKDaNHM7eJ3NBmTHsY/xyHwdbn7cOXkyfyf5s/w7FLpvrTAsOcUElWDHuo+fhmPn7LhGfFEFxceunIESK6dtW8w6jHfgG2MbfDGN+KDsa9N8ztN2XInjmXAzasDaLKoo2VQ0xLPShOdBGFB1pmSUTGtdxhpgSjI9tiOvXIkIsohAK1XY+GRVERtx+3t2r1GLFNNNsbzUL0adptsb3VCAzW9eEMEbdJLqXpGngv94/7K5rdZrcenFy59zk4ME8poPZPLOgweXrMwiT61fzkSX16V4eo4FAFX9iNRtGnh/lZ57q9TPUTMpcugeo0+COKNRZLFKD3375h05KMjmpQdsQGtEpOO22VTkoCA1zzbpnlq2FxqMtZJNoLWL4ppT/kjsPFjmNwGbaA8p8w/mlrWtxy2MIXTdPmBV44iWndT2eTw9lxGIByIwphsWqXenNWxmMfcr9pD81O2WQyTxm4rkhGXMMt8s+f9btpv9HglUN8Mj21DC56UdJNj1zZ4taSKkHX5NPW4LzryPf8AlS/82avB5q0KDXYJEmR4bwJGIZhPzDxPHQjwHhmMI48ubcbU9HrM2TFgBia3H3PZP0p5J9D6t9W1H6jSn1L68KdKU9f+9p241+nNnQ4eG9nmOOXFxVu//9Pzyvli/lboqL/Mx3+7PWRj73RHN5I638lw15XM/KvVUAH4nLBij1DUdQe5PLLy9pVmQYrdDIP23HJvxywADkKaDkkU3jiUDio2H3fQMgUNyW4lQoxPxdSBkaXiUItEsIyW9OpO5J6n54gUsshKNjRIgERQqjoBk2kKwoTvXI03hER+2QIUouMcqVwUtoqONQrSuyxwqPjmkYIij3Y7ZWRSL3ZT5c8oX2thblWew0k7tqDpS4mU/wDLNEw2B/364/1VznO0O14YrjCpS7/4XZ6bQyybyNB6hpWm2Oi2i6fpVuIbMEuQhrI7nq8jHd2PdjnF5csskuKRsvQQgIARjsmkUiMPhNadfY+4yghuREZ4tWtK9sADGRRAl3wFiFt3qMOn2VxfXB/dwIZCO7FRUAfM7ZRVlmHi9dV81a16kh9bU71uMSVoEB6ItdgAMyMhjihbkYwlnmLTbnStSudMvYTFd2renNE25VqVpX6eozGx1OILZKaQOz8DxJ26DtkuHdqtmuj3UElhayQU9NVVGRezr9oHMwCg4UjuxvS/LOp6fqd3dXU1tLZTFzCY6idebghWqOg+fXKMeAxnx+R+92eq1kcuIQA3BH3Mt+p2/LnwT1uvq0HLw65kfwurvo//2Q==\" alt=\"\"></p><div align=\"left\">Nunc quis turpis sed tortor viverra dictum. Etiam in cursus libero, ut cursus turpis. Nulla quis nulla pellentesque, commodo lorem sed, ultrices leo. Duis magna mauris, cursus vitae lacus ut, consequat malesuada magna. Duis bibendum pellentesque nisi eget volutpat.\n							   Nunc rhoncus ultrices lectus.Aliquam eu dui quis orci ultrices eleifend ut non massa. Duis commodo, ante in vulputate iaculis, libero ex fringilla dolor, id laoreet augue lorem in velit. <img wangeditor_img_max_width_mark=\"1\" style=\"max-width: 100%;\" src=\"data:image/jpeg;base64,/9j/4AAQSkZJRgABAgEASABIAAD/4ROjRXhpZgAATU0AKgAAAAgABwESAAMAAAABAAEAAAEaAAUAAAABAAAAYgEbAAUAAAABAAAAagEoAAMAAAABAAIAAAExAAIAAAAcAAAAcgEyAAIAAAAUAAAAjodpAAQAAAABAAAApAAAANAACvyAAAAnEAAK/IAAACcQQWRvYmUgUGhvdG9zaG9wIENTMyBXaW5kb3dzADIwMTU6MDQ6MDggMTc6Mzc6MDMAAAAAA6ABAAMAAAABAAEAAKACAAQAAAABAAABcqADAAQAAAABAAAAlgAAAAAAAAAGAQMAAwAAAAEABgAAARoABQAAAAEAAAEeARsABQAAAAEAAAEmASgAAwAAAAEAAgAAAgEABAAAAAEAAAEuAgIABAAAAAEAABJtAAAAAAAAAEgAAAABAAAASAAAAAH/2P/gABBKRklGAAECAABIAEgAAP/tAAxBZG9iZV9DTQAB/+4ADkFkb2JlAGSAAAAAAf/bAIQADAgICAkIDAkJDBELCgsRFQ8MDA8VGBMTFRMTGBEMDAwMDAwRDAwMDAwMDAwMDAwMDAwMDAwMDAwMDAwMDAwMDAENCwsNDg0QDg4QFA4ODhQUDg4ODhQRDAwMDAwREQwMDAwMDBEMDAwMDAwMDAwMDAwMDAwMDAwMDAwMDAwMDAwM/8AAEQgAQQCgAwEiAAIRAQMRAf/dAAQACv/EAT8AAAEFAQEBAQEBAAAAAAAAAAMAAQIEBQYHCAkKCwEAAQUBAQEBAQEAAAAAAAAAAQACAwQFBgcICQoLEAABBAEDAgQCBQcGCAUDDDMBAAIRAwQhEjEFQVFhEyJxgTIGFJGhsUIjJBVSwWIzNHKC0UMHJZJT8OHxY3M1FqKygyZEk1RkRcKjdDYX0lXiZfKzhMPTdePzRieUpIW0lcTU5PSltcXV5fVWZnaGlqa2xtbm9jdHV2d3h5ent8fX5/cRAAICAQIEBAMEBQYHBwYFNQEAAhEDITESBEFRYXEiEwUygZEUobFCI8FS0fAzJGLhcoKSQ1MVY3M08SUGFqKygwcmNcLSRJNUoxdkRVU2dGXi8rOEw9N14/NGlKSFtJXE1OT0pbXF1eX1VmZ2hpamtsbW5vYnN0dXZ3eHl6e3x//aAAwDAQACEQMRAD8A6cPCmHrO+0xzoEmZjbH7GGT3hMS6Je0BznuDGMBc97iGta1o3Pe97vaxjGe970Cqx0M6tdU57JA6ZiuBbta/2WdUzGu/m7Lat3o1fzmNhfof6TmZShhUjrNvphu/puO/3k6syLa3fR/4Tp2Fc39J/wCWHUK/R/ouLb617M9E3S6Z1lzuefpT/Z3IrZGg8vk15eY7e/Iptt3PY6zewEh11ljXesxzd1TaH0/9p/0H80sPIbeepODw02F5DQ2C2AHsr+jva5u1i7DMwcbLumxjdpZ7n6ttOv6Nvr1uY70fp/orfUXKdVxG/tK/EpA2xtYLHS3Wl13vfZ/g/d+egI0DrayGpPk2G19RrtY4Ne59LLLW1uZXbNTWfpGit1v63TbPps/SV3/9xvTurWpXVf8AaLprDbnNbfZUwTWyS91eyGWfrG5u239MsLoV+R1DLZ9m92aN4qeX17PVNRdW5v0Kttf030P/AJ3+b9X9It77R1LPwbDgiunMoBqysJz2NuOVS70MrEprbfl3/ZNvrX1/rHqX/wDE3KCeCRrQEAV+LICQNl8/HsrorreHj9GHOYSfa1u0nc1/urY79/8A7ZVVmE5mOXta4OZSRaxrXEglz9pZtO530FW6j9YuhVW1UOpzqb6Ioycq3HY2m52wN35NOS5j6/oVb2tr/mPU9Kv+bVG3L3+nbQ/0xveXbwXNaCXNf6Fbv5n1NmzZ9D/g1EcEthXTZUyICz5OvP2ellbmWuLXguYJ3nn3t/M9R7v0bnsVO4PLXOspsdYwEsDGOc520bW+xgd/0PUVa+vKdi/a6arHY2PFO87S1xBLN3os23tpa9zqvU/m/V/RvVroXSm9TP2K+70M1uL9tq31OEV12+mXOaw1ux/Uc7fT6TPoX2/4P2WOjgkRr5bqu9m/1UhnTssEj/vNaNeSKJUf8XnRG5uLR1HKax+NhlzcdnJdduc+x9n7rKNzPS/l/pP9Gn605pwM4HTcenwPEtxmv0/qfSWr/i3dH1So/wCPv/6tXAAStI383oM0/rfTD/3dH/tvmoOR/Sh8Hf8AVKea79b6X/4db/7b5qFeZywBzDo/zkjukbOJ9aOnZ3UGYwwWOsfS55cGiSA8NZ9In2fQXMD6n/WNlZZVjPkufZvc5jYJd+jZ/Ofm1/8ATXatp6tkPsyj9nZ0/cWYtVhtquexvtOX9oo9Ruy+1rvRpfjf0f07vV/0mZ1PqQx68h9OLZkOxq/VcBmGsOYQ51b6936Z7L9jvQ/Rfp/8H+j/AEiS4eTzuV9S/rA9rmV0tO525zn2MAmPpbWv3IbfqZ9YhJe2tpgBs2NkER7tzGu9y2a+pv8AsRzc/Hsrx5aGZOLlWPpfu+js+02UP/O+mx9tf/FrPy/rFgiqx2M3IJrc1pN+Ra1pLxa9u0U3Od/gElHu/wD/0DdWYMTCfTiZnqdVucz7JVkemxpaTF/6S30qGWV17rq/tVvp/o1k9Ays27P+z9QzL6wC8NDdWW+lpk+jfRbQy19Tf0mzGfZ6v/be9uuW9Rd0PKs9e4PqfU4O9RwO39ILe+76JXKNuvtLLTe8XVuDmWucXOaR9Ha5+9yYI0KCX1XoGdjZWFTZTVlMwamNBqF7x6dTW/onfZqbTfs9Bu6iqn1d9X/XVZvprcd+Lu+yAQySXBpadrmh+63fRb7b8W31fz7K/wBH6XprjOnfWfMxum4+PjXYuNks2tfZbLmhtOz7O1uz13ehZ+m9Wv0PVps/o/8AplrUdSys55yG9Z6Zh4VZLMoGzIM7w2zZW3Kp6f4OfX7vz7P0iNWggF1mOZ6fq7twsJ2hvucWt9ssb9J/0XLm+pZF9PW7Mw1brqix4otZO6MfSmyqGuex7PZ/wjF1eH1LpGDUbcUPydkk20VWBkE7a2facptNdz7G7vf9p/8ASixc7qfSMnq1eZZSXZNrwbHVWvdYC2s0UxXW77HV9Gtlnp/bf5D0KOqogAtTBvdkZ1eRnYtDGUU220BzHVscaqvtVVtjR9B1Nvtr9Nn6NZHTOtfWHqTvsdXVsnLqsY6t9eLjtDz7Ts2WPqZ6fu+ld/OV0+oumwsvHuzK8jKw8vJtqafRxqaNjWboD/Ws6hkY7r/7VfprXHWrKiPsnQX1PI0dY/Fp0P8AKx/tW36KZHjAoGtPoyHg/FHV9TukupxftHT/AFG4zHwx2Q97jY4ueyx7g+qi9zPVt/SPr/PWTnZjullrL8OhuS9s3C1jS73HjfVur2vbt3bP7a329f63MDpVZ0kbswf9UzCcif8AODrbJNvS8RjQC5xOc4wGje8+3p/7qeAfAo4ovP0ZedmMxqqTtptewvorqFlVTHPabLRhOrso21Od63vq9j0PD6PkdE62/LY9/U8nK6eajQw49FjH2Pa6yv0H2Y/825jP5n9Lbbf/ADKsdI6pmfWW27O6bjUYOU4h2ay833WcPrxNzRhY2Ozbs3+pj5GR+i/nv0i0ar8/06cbF6S3DoruIh9zKrzjlx/wVtzb927+d9f9G9n6Suuz+asjiJRsGzZ0/SXzlE8NDpr/AGvOfWBwrZm0vIZY23Br2kgOluNWbGbfp7tqb6sfW7p/Qfqrj0X125OW5111ePVtHsc9zW2X3WkMoZvpf+bbZ/wa6x/T25VN2NkdNx8mt0iw3Pp3PaQGbq7cdvqVM/0b/wBDdWvMvrT9Xc/ovWa7b6WU9LvvHoXNAfjwPe2i5sMYx/0t9D/0P856H6uphuwkdHph/jIGZfRZV00fqdwvFYymOe8iq6na7bT6bG/rP/gau9G+tGd17rtWHX0a2nHcXMyck2Pc2ppBt32WNxmVs9X07KqGOf77Fhnq9Tmtp6xiUXUiAyz0mGuO35v6H/X07bV031ct6cyi3H6di7PV2vfbgl3qhzdK32tsdY7cz/tv/SUvSVTqdR6niVX1nKAbiNe2vYIDY93pVbfzt/p/zf8AhP5r01yNGRjZvV+o5PUzXVjV5T2PpyHCci5pa1ll9cO34mHjenkXV/zP9Bx/oeqrnX8H6wMNWVTRflNx8hmQ041VlV21jHV3m+m3czfa2y2rbhvtZ6f+B/0eL1/7KzpuFTjsFf2dtldgE6ve2jKvc9ry61r3X3Wfz36b99N/auDs5mX9Tsqu2nKy27L2+nZ6Nj4LW/Q2BtdjK9n5n7ix3YX1MZubjdSy/S9rnvDmlwsHqMpa1z8RvtfRZlbly4fA8lfwundTysN12PQba7i11bg5gkVG+m50PezbstsYz3JwFIkdH//Rl1P9n5PTsrBD215eUyKm2S0Bzx+j/wCD2+795c5T9Scy+iu6nNoeLQ6HQW1yDs/Rvsd61rdzXt9mMj/tG41MrbZSLNjWsqtlu5v5v6Wz9E3fu936b+xarfTc7PzMj7LbT9tlpN2Pgy0z9Gt+RmbMaplDP9H613qJuqaDzHU8RvTMtmGcpuVZtLrTW0tY0g7djHvO63/tupHxL30ubdTa6mxg9ltbnMsA/wCMrLV0+N9SXdVdXVebrX1Bw2B22phJbL4qqxa2W/6/pP0a3cH/ABW9Goc2y6LIIPp2F1oGn+j3Npd/b9RFTwAzWZNoaX2Zdx/NYDY4k/ya9y636sfVfqmTl42ZkYv2PDotZa6y549R3pkWCumind7nPbt323V+ku4wekdM6eBTi0bWtiYGxmn7tNW1i0N52wQWx25Hw+iGpKWFp3EgkDmJnn70zrrId79f3Yg/JLfW76MGdYjVIip2gAM6jkSkpTbruCe2nn5hCz7XNwchzjoK3EmdAI51RC1s+R8Pu8VXy20GkstLmssOwls7h9273e1JTK7LrtfsryQyXEGxjmmAD9H3Hb7lUox68ir1rnOa50zuYHGAYHLdyP8AaaQ7ccm2GxJMkCZ00Z/JR6q7RX7HEyd25zZJk750LfznJWpqMxaq3gVXuZv7isDT86XObtVfqPTbMvp9uPdZ9pxMhrmW1PaIifpDR7fUZ/O1P/wdq0ntuDHPNkbfdowcfnfvIVVrhS+mQ/a10OJAmQXcNG1K0PluV9Ver9HZFLvteJEek8gOHlU90t93+hs/RrPwMzLwLzldJyH4lzJa+viJ/wAE+t4d6X9TY+n/AIL89eu5mJXJaW6OEt3RtP8AJP8A3xcT9YfqxTaTlY81XMECwDUDwf8Am21fyXoqBec619ePrVlWVtdbbjCpoA+zN9MvPe2y2sv3v/4t3pqmetZ3UsPZn23XX02Oe2y8lzix7K27Gud7va+n/pqp1SrLova29mx5G1rxOx0fufnN/wCLeg47bWhznjQ8az2QXKJK0aer9SwGMdi2wG0YgFbxvYGuqe61rWH+b9Sytj3+nsWYSrF2uMw/8Bifgy9qIWnZ/9K10r/Fv6pZf157mMaPZg0PO6NNzci9ntZ9H31Yv/sUutw+hdIw2NbXjsbXWfbVwwEalzaWfSd+++31rly7OvfWN0EZjGzoT9nrnT/ORR1XrzxP7QLXcFzaMf8Asj3VOb7UywuovZuvYyvaS0MA0bG1v+Y33KFdd7iPc5rTrBXJt6l1h0T1F+hmBRjwT/2ypjrPVt22zqT2tOo21URH9qpyNqp617SI1DROhnv9H+VvQnucZBOo0kkCDysjBty8gw/qeUHESyKcWI8v1bcpMd1N3V3YR6ndsazcHenjF40B936tt9yKHWHqNE6wY455lSa4OMbTGmpG35qsMTM37T1PIJA3T6WN8P8AuOl9ly/onqV58jVj/wDpFKkNsOZIga9jwdO/PtVe9ld4DHl42mZYB8IdKg7Cy+f2jcTMn9Fj/wDpBTZhX9822e36KjT/AMASU08miii3aQ5zDt9SIkg/u7dv7yDk344t21SQ5vLiQZiP3/7SP1jDyMfHba3Me55MEOrp1H9mpi5++3JaZdcSY0Jqr0n5IFIdB1xDQJDu7TunX/OUqsl7SQNkRodxPIhzXtJXO5PU8xp9trTPc0sH/UrT+ruK3quLa9+bZVkUuPqMZVTBB9zXN9Rj/wCqkLUaemqsZkUQSdrtQZmHeao51DHtd6n0+7idJH0XHcdn9dQu6Rk4dQbV1TI2EEe6rHfzrs91O1rf7C5XqnWeu4lhLc0uaCQA6qjg6+79C385qK0NnqfR2ZJsrta15s1bU5kseP8Ag7Cf/Uq43qXQcrCYb8dltmMP5yt7f0tX9YN/nqf+F/7dWpZ9avrKBsGY1zRxuqqn4e1n5qp3fWrr1x3W21eoJG70mAkecJWuovMuuZ+8FbtdODWf+Ax/wdkMV7I+sPV3Att9Ejgj0x38dfcqjbKsil9dlVTHitrm6uYwj1PZV7D+i2OdZsf/ADX+l/fRtB2f/9M/53+virDOy8bSUQZH2b/Bv+Cm36H9of8AUleLJIofdKPos/s/xV7C/wCV3f1V8+pJ8f2rC/Tbf6S7/iv+/KR+kvmJJOQ/T/ZEq+kvlxJBL9L9f/ojf638FyWd9MfALxVJNkkPp+X2Wx9Rf+UMv/if4leMJJDdR2fpHq39Fd8lwfXf4j8gXlSScVo3e3fwf67P+/Knk/SK5RJNXvRXfQHxKg3+bd/xQ/8APiwEkQiWz//Z/+0Y1FBob3Rvc2hvcCAzLjAAOEJJTQQlAAAAAAAQAAAAAAAAAAAAAAAAAAAAADhCSU0ELwAAAAAASqECAQBIAAAASAAAAAAAAAAAAAAA0AIAAEACAAAAAAAAAAAAABgDAABkAgAAAAHAAwAAsAQAAAEADycBAGxsdW4AAAAAAAAAAAAAOEJJTQPtAAAAAAAQAEgAAAABAAEASAAAAAEAAThCSU0EJgAAAAAADgAAAAAAAAAAAAA/gAAAOEJJTQQNAAAAAAAEAAAAeDhCSU0EGQAAAAAABAAAAB44QklNA/MAAAAAAAkAAAAAAAAAAAEAOEJJTQQKAAAAAAABAAA4QklNJxAAAAAAAAoAAQAAAAAAAAACOEJJTQP1AAAAAABIAC9mZgABAGxmZgAGAAAAAAABAC9mZgABAKGZmgAGAAAAAAABADIAAAABAFoAAAAGAAAAAAABADUAAAABAC0AAAAGAAAAAAABOEJJTQP4AAAAAABwAAD/////////////////////////////A+gAAAAA/////////////////////////////wPoAAAAAP////////////////////////////8D6AAAAAD/////////////////////////////A+gAADhCSU0EAAAAAAAAAgAAOEJJTQQCAAAAAAACAAA4QklNBDAAAAAAAAEBADhCSU0ELQAAAAAABgABAAAAAjhCSU0ECAAAAAAAEAAAAAEAAAJAAAACQAAAAAA4QklNBB4AAAAAAAQAAAAAOEJJTQQaAAAAAANJAAAABgAAAAAAAAAAAAAAlgAAAXIAAAAKAFUAbgB0AGkAdABsAGUAZAAtADEAAAABAAAAAAAAAAAAAAAAAAAAAAAAAAEAAAAAAAAAAAAAAXIAAACWAAAAAAAAAAAAAAAAAAAAAAEAAAAAAAAAAAAAAAAAAAAAAAAAEAAAAAEAAAAAAABudWxsAAAAAgAAAAZib3VuZHNPYmpjAAAAAQAAAAAAAFJjdDEAAAAEAAAAAFRvcCBsb25nAAAAAAAAAABMZWZ0bG9uZwAAAAAAAAAAQnRvbWxvbmcAAACWAAAAAFJnaHRsb25nAAABcgAAAAZzbGljZXNWbExzAAAAAU9iamMAAAABAAAAAAAFc2xpY2UAAAASAAAAB3NsaWNlSURsb25nAAAAAAAAAAdncm91cElEbG9uZwAAAAAAAAAGb3JpZ2luZW51bQAAAAxFU2xpY2VPcmlnaW4AAAANYXV0b0dlbmVyYXRlZAAAAABUeXBlZW51bQAAAApFU2xpY2VUeXBlAAAAAEltZyAAAAAGYm91bmRzT2JqYwAAAAEAAAAAAABSY3QxAAAABAAAAABUb3AgbG9uZwAAAAAAAAAATGVmdGxvbmcAAAAAAAAAAEJ0b21sb25nAAAAlgAAAABSZ2h0bG9uZwAAAXIAAAADdXJsVEVYVAAAAAEAAAAAAABudWxsVEVYVAAAAAEAAAAAAABNc2dlVEVYVAAAAAEAAAAAAAZhbHRUYWdURVhUAAAAAQAAAAAADmNlbGxUZXh0SXNIVE1MYm9vbAEAAAAIY2VsbFRleHRURVhUAAAAAQAAAAAACWhvcnpBbGlnbmVudW0AAAAPRVNsaWNlSG9yekFsaWduAAAAB2RlZmF1bHQAAAAJdmVydEFsaWduZW51bQAAAA9FU2xpY2VWZXJ0QWxpZ24AAAAHZGVmYXVsdAAAAAtiZ0NvbG9yVHlwZWVudW0AAAARRVNsaWNlQkdDb2xvclR5cGUAAAAATm9uZQAAAAl0b3BPdXRzZXRsb25nAAAAAAAAAApsZWZ0T3V0c2V0bG9uZwAAAAAAAAAMYm90dG9tT3V0c2V0bG9uZwAAAAAAAAALcmlnaHRPdXRzZXRsb25nAAAAAAA4QklNBCgAAAAAAAwAAAABP/AAAAAAAAA4QklNBBQAAAAAAAQAAAADOEJJTQQMAAAAABKJAAAAAQAAAKAAAABBAAAB4AAAeeAAABJtABgAAf/Y/+AAEEpGSUYAAQIAAEgASAAA/+0ADEFkb2JlX0NNAAH/7gAOQWRvYmUAZIAAAAAB/9sAhAAMCAgICQgMCQkMEQsKCxEVDwwMDxUYExMVExMYEQwMDAwMDBEMDAwMDAwMDAwMDAwMDAwMDAwMDAwMDAwMDAwMAQ0LCw0ODRAODhAUDg4OFBQODg4OFBEMDAwMDBERDAwMDAwMEQwMDAwMDAwMDAwMDAwMDAwMDAwMDAwMDAwMDAz/wAARCABBAKADASIAAhEBAxEB/90ABAAK/8QBPwAAAQUBAQEBAQEAAAAAAAAAAwABAgQFBgcICQoLAQABBQEBAQEBAQAAAAAAAAABAAIDBAUGBwgJCgsQAAEEAQMCBAIFBwYIBQMMMwEAAhEDBCESMQVBUWETInGBMgYUkaGxQiMkFVLBYjM0coLRQwclklPw4fFjczUWorKDJkSTVGRFwqN0NhfSVeJl8rOEw9N14/NGJ5SkhbSVxNTk9KW1xdXl9VZmdoaWprbG1ub2N0dXZ3eHl6e3x9fn9xEAAgIBAgQEAwQFBgcHBgU1AQACEQMhMRIEQVFhcSITBTKBkRShsUIjwVLR8DMkYuFygpJDUxVjczTxJQYWorKDByY1wtJEk1SjF2RFVTZ0ZeLys4TD03Xj80aUpIW0lcTU5PSltcXV5fVWZnaGlqa2xtbm9ic3R1dnd4eXp7fH/9oADAMBAAIRAxEAPwDpw8KYes77THOgSZmNsfsYZPeExLol7QHOe4MYwFz3uIa1rWjc973u9rGMZ73vQKrHQzq11TnskDpmK4Fu1r/ZZ1TMa7+bstq3ejV/OY2F+h/pOZlKGFSOs2+mG7+m47/eTqzItrd9H/hOnYVzf0n/AJYdQr9H+i4tvrXsz0TdLpnWXO55+lP9ncitkaDy+TXl5jt78im23c9jrN7ASHXWWNd6zHN3VNofT/2n/QfzSw8ht56k4PDTYXkNDYLYAeyv6O9rm7WLsMzBxsu6bGN2lnufq206/o2+vW5jvR+n+it9Rcp1XEb+0r8SkDbG1gsdLdaXXe99n+D9356AjQOtrIak+TYbX1Gu1jg17n0sstbW5lds1NZ+kaK3W/rdNs+mz9JXf/3G9O6taldV/wBoumsNuc1t9lTBNbJL3V7IZZ+sbm7bf0ywuhX5HUMtn2b3Zo3ip5fXs9U1F1bm/Qq21/TfQ/8Anf5v1f0i3vtHUs/BsOCK6cygGrKwnPY245VLvQysSmtt+Xf9k2+tfX+sepf/AMTcoJ4JGtAQBX4sgJA2Xz8eyuiut4eP0Yc5hJ9rW7SdzX+6tjv3/wDtlVWYTmY5e1rg5lJFrGtcSCXP2lm07nfQVbqP1i6FVbVQ6nOpvoijJyrcdjabnbA3fk05LmPr+hVva2v+Y9T0q/5tUbcvf6dtD/TG95dvBc1oJc1/oVu/mfU2bNn0P+DURwS2FdNlTIgLPk68/Z6WVuZa4teC5gneefe38z1Hu/RuexU7g8tc6ymx1jASwMY5znbRtb7GB3/Q9RVr68p2L9rpqsdjY8U7ztLXEEs3eizbe2lr3Oq9T+b9X9G9WuhdKb1M/Yr7vQzW4v22rfU4RXXb6Zc5rDW7H9Rzt9PpM+hfb/g/ZY6OCRGvluq72b/VSGdOywSP+81o15IolR/xedEbm4tHUcprH42GXNx2cl125z7H2fuso3M9L+X+k/0afrTmnAzgdNx6fA8S3Ga/T+p9Jav+Ld0fVKj/AI+//q1cABK0jfzegzT+t9MP/d0f+2+ag5H9KHwd/wBUp5rv1vpf/h1v/tvmoV5nLAHMOj/OSO6Rs4n1o6dndQZjDBY6x9LnlwaJIDw1n0ifZ9BcwPqf9Y2VllWM+S59m9zmNgl36Nn85+bX/wBNdq2nq2Q+zKP2dnT9xZi1WG2q57G+05f2ij1G7L7Wu9Gl+N/R/Tu9X/SZnU+pDHryH04tmQ7Gr9VwGYaw5hDnVvr3fpnsv2O9D9F+n/wf6P8ASJLh5PO5X1L+sD2uZXS07nbnOfYwCY+lta/cht+pn1iEl7a2mAGzY2QRHu3Ma73LZr6m/wCxHNz8eyvHloZk4uVY+l+76Oz7TZQ/876bH21/8Ws/L+sWCKrHYzcgmtzWk35FrWkvFr27RTc53+ASUe7/AP/QN1ZgxMJ9OJmep1W5zPslWR6bGlpMX/pLfSoZZXXuur+1W+n+jWT0DKzbs/7P1DMvrALw0N1Zb6WmT6N9FtDLX1N/SbMZ9nq/9t7265b1F3Q8qz17g+p9Tg71HA7f0gt77volco26+0stN7xdW4OZa5xc5pH0drn73JgjQoJfVegZ2NlYVNlNWUzBqY0GoXvHp1Nb+id9mptN+z0G7qKqfV31f9dVm+mtx34u77IBDJJcGlp2uaH7rd9FvtvxbfV/Psr/AEfpemuM6d9Z8zG6bj4+Ndi42Sza19lsuaG07Ps7W7PXd6Fn6b1a/Q9Wmz+j/wCmWtR1LKznnIb1npmHhVksygbMgzvDbNlbcqnp/g59fu/Ps/SI1aCAXWY5np+ru3CwnaG+5xa32yxv0n/Rcub6lkX09bszDVuuqLHii1k7ox9KbKoa57Hs9n/CMXV4fUukYNRtxQ/J2STbRVYGQTtrZ9pym013Psbu9/2n/wBKLFzup9IyerV5llJdk2vBsdVa91gLazRTFdbvsdX0a2Wen9t/kPQo6qiAC1MG92RnV5Gdi0MZRTbbQHMdWxxqq+1VW2NH0HU2+2v02fo1kdM619YepO+x1dWycuqxjq314uO0PPtOzZY+pnp+76V385XT6i6bCy8e7MryMrDy8m2pp9HGpo2NZugP9azqGRjuv/tV+mtcdasqI+ydBfU8jR1j8WnQ/wArH+1bfopkeMCga0+jIeD8UdX1O6S6nF+0dP8AUbjMfDHZD3uNji57LHuD6qL3M9W39I+v89ZOdmO6WWsvw6G5L2zcLWNLvceN9W6va9u3ds/trfb1/rcwOlVnSRuzB/1TMJyJ/wA4Otsk29LxGNALnE5zjAaN7z7en/up4B8Cjii8/Rl52YzGqpO2m17C+iuoWVVMc9pstGE6uyjbU53re+r2PQ8Po+R0Trb8tj39Tycrp5qNDDj0WMfY9rrK/QfZj/zbmM/mf0ttt/8AMqx0jqmZ9Zbbs7puNRg5TiHZrLzfdZw+vE3NGFjY7Nuzf6mPkZH6L+e/SLRqvz/TpxsXpLcOiu4iH3MqvOOXH/BW3Nv3bv531/0b2fpK67P5qyOIlGwbNnT9JfOUTw0Omv8Aa859YHCtmbS8hljbcGvaSA6W41ZsZt+nu2pvqx9bun9B+quPRfXbk5bnXXV49W0exz3NbZfdaQyhm+l/5ttn/BrrH9PblU3Y2R03Hya3SLDc+nc9pAZurtx2+pUz/Rv/AEN1a8y+tP1dz+i9ZrtvpZT0u+8ehc0B+PA97aLmwxjH/S30P/Q/znofq6mG7CR0emH+MgZl9FlXTR+p3C8VjKY57yKrqdrttPpsb+s/+Bq70b60Z3Xuu1YdfRracdxczJyTY9zamkG3fZY3GZWz1fTsqoY5/vsWGer1Oa2nrGJRdSIDLPSYa47fm/of9fTttXTfVy3pzKLcfp2Ls9Xa99uCXeqHN0rfa2x1jtzP+2/9JS9JVOp1HqeJVfWcoBuI17a9ggNj3elVt/O3+n/N/wCE/mvTXI0ZGNm9X6jk9TNdWNXlPY+nIcJyLmlrWWX1w7fiYeN6eRdX/M/0HH+h6qudfwfrAw1ZVNF+U3HyGZDTjVWVXbWMdXeb6bdzN9rbLatuG+1np/4H/R4vX/srOm4VOOwV/Z22V2ATq97aMq9z2vLrWvdfdZ/Pfpv3039q4OzmZf1Oyq7acrLbsvb6dno2Pgtb9DYG12Mr2fmfuLHdhfUxm5uN1LL9L2ue8OaXCweoylrXPxG+19FmVuXLh8DyV/C6d1PKw3XY9BtruLXVuDmCRUb6bnQ97Nuy2xjPcnAUiR0f/9GXU/2fk9OysEPbXl5TIqbZLQHPH6P/AIPb7v3lzlP1JzL6K7qc2h4tDodBbXIOz9G+x3rWt3Ne32YyP+0bjUyttlIs2Nayq2W7m/m/pbP0Td+73fpv7Fqt9Nzs/MyPsttP22Wk3Y+DLTP0a35GZsxqmUM/0frXeom6poPMdTxG9My2YZym5Vm0utNbS1jSDt2Me87rf+26kfEvfS5t1NrqbGD2W1ucywD/AIystXT431Jd1V1dV5utfUHDYHbamElsviqrFrZb/r+k/Rrdwf8AFb0ahzbLosgg+nYXWgaf6Pc2l39v1EVPADNZk2hpfZl3H81gNjiT/Jr3Lrfqx9V+qZOXjZmRi/Y8Oi1lrrLnj1HemRYK6aKd3uc9u3fbdX6S7jB6R0zp4FOLRta2JgbGafu01bWLQ3nbBBbHbkfD6IakpYWncSCQOYmefvTOush3v1/diD8kt9bvowZ1iNUiKnaAAzqORKSlNuu4J7aefmELPtc3ByHOOgrcSZ0AjnVELWz5Hw+7xVfLbQaSy0uayw7CWzuH3bvd7UlMrsuu1+yvJDJcQbGOaYAP0fcdvuVSjHryKvWuc5rnTO5gcYBgct3I/wBppDtxybYbEkyQJnTRn8lHqrtFfscTJ3bnNkmTvnQt/OclamozFqreBVe5m/uKwNPzpc5u1V+o9Nsy+n2491n2nEyGuZbU9oiJ+kNHt9Rn87U//B2rSe24Mc82Rt92jBx+d+8hVWuFL6ZD9rXQ4kCZBdw0bUrQ+W5X1V6v0dkUu+14kR6TyA4eVT3S33f6Gz9Gs/AzMvAvOV0nIfiXMlr6+In/AAT63h3pf1Nj6f8Agvz167mYlclpbo4S3dG0/wAk/wDfFxP1h+rFNpOVjzVcwQLANQPB/wCbbV/JeioF5zrX14+tWVZW11tuMKmgD7M30y897bLay/e//i3emqZ61ndSw9mfbddfTY57bLyXOLHsrbsa53u9r6f+mqnVKsui9rb2bHkbWvE7HR+5+c3/AIt6DjttaHOeNDxrPZBcokrRp6v1LAYx2LbAbRiAVvG9ga6p7rWtYf5v1LK2Pf6exZhKsXa4zD/wGJ+DL2ohadn/0rXSv8W/qll/XnuYxo9mDQ87o03NyL2e1n0ffVi/+xS63D6F0jDY1teOxtdZ9tXDARqXNpZ9J3777fWuXLs699Y3QRmMbOhP2eudP85FHVevPE/tAtdwXNox/wCyPdU5vtTLC6i9m69jK9pLQwDRsbW/5jfcoV13uI9zmtOsFcm3qXWHRPUX6GYFGPBP/bKmOs9W3bbOpPa06jbVREf2qnI2qnrXtIjUNE6Ge/0f5W9Ce5xkE6jSSQIPKyMG3LyDD+p5QcRLIpxYjy/Vtykx3U3dXdhHqd2xrNwd6eMXjQH3fq233IodYeo0TrBjjnmVJrg4xtMaakbfmqwxMzftPU8gkDdPpY3w/wC46X2XL+iepXnyNWP/AOkUqQ2w5kiBr2PB078+1V72V3gMeXjaZlgHwh0qDsLL5/aNxMyf0WP/AOkFNmFf3zbZ7foqNP8AwBJTTyaKKLdpDnMO31IiSD+7t2/vIOTfji3bVJDm8uJBmI/f/tI/WMPIx8dtrcx7nkwQ6unUf2amLn77clpl1xJjQmqvSfkgUh0HXENAkO7tO6df85SqyXtJA2RGh3E8iHNe0lc7k9TzGn22tM9zSwf9StP6u4req4tr35tlWRS4+oxlVMEH3Nc31GP/AKqQtRp6aqxmRRBJ2u1BmYd5qjnUMe13qfT7uJ0kfRcdx2f11C7pGTh1BtXVMjYQR7qsd/Ouz3U7Wt/sLleqdZ67iWEtzS5oJADqqODr7v0LfzmorQ2ep9HZkmyu1rXmzVtTmSx4/wCDsJ/9SrjepdBysJhvx2W2Yw/nK3t/S1f1g3+ep/4X/t1aln1q+soGwZjXNHG6qqfh7Wfmqnd9auvXHdbbV6gkbvSYCR5wla6i8y65n7wVu104NZ/4DH/B2QxXsj6w9XcC230SOCPTHfx19yqNsqyKX12VVMeK2ubq5jCPU9lXsP6LY51mx/8ANf6X99G0HZ//0z/nf6+KsM7LxtJRBkfZv8G/4Kbfof2h/wBSV4skih90o+iz+z/FXsL/AJXd/VXz6knx/asL9Nt/pLv+K/78pH6S+Ykk5D9P9kSr6S+XEkEv0v1/+iN/rfwXJZ30x8AvFUk2SQ+n5fZbH1F/5Qy/+J/iV4wkkN1HZ+kerf0V3yXB9d/iPyBeVJJxWjd7d/B/rs/78qeT9IrlEk1e9Fd9AfEqDf5t3/FD/wA+LASRCJbP/9kAOEJJTQQhAAAAAABVAAAAAQEAAAAPAEEAZABvAGIAZQAgAFAAaABvAHQAbwBzAGgAbwBwAAAAEwBBAGQAbwBiAGUAIABQAGgAbwB0AG8AcwBoAG8AcAAgAEMAUwAzAAAAAQA4QklNBAYAAAAAAAcABQAAAAEBAP/hD85odHRwOi8vbnMuYWRvYmUuY29tL3hhcC8xLjAvADw/eHBhY2tldCBiZWdpbj0i77u/IiBpZD0iVzVNME1wQ2VoaUh6cmVTek5UY3prYzlkIj8+IDx4OnhtcG1ldGEgeG1sbnM6eD0iYWRvYmU6bnM6bWV0YS8iIHg6eG1wdGs9IkFkb2JlIFhNUCBDb3JlIDQuMS1jMDM2IDQ2LjI3NjcyMCwgTW9uIEZlYiAxOSAyMDA3IDIyOjQwOjA4ICAgICAgICAiPiA8cmRmOlJERiB4bWxuczpyZGY9Imh0dHA6Ly93d3cudzMub3JnLzE5OTkvMDIvMjItcmRmLXN5bnRheC1ucyMiPiA8cmRmOkRlc2NyaXB0aW9uIHJkZjphYm91dD0iIiB4bWxuczpkYz0iaHR0cDovL3B1cmwub3JnL2RjL2VsZW1lbnRzLzEuMS8iIHhtbG5zOnhhcD0iaHR0cDovL25zLmFkb2JlLmNvbS94YXAvMS4wLyIgeG1sbnM6eGFwTU09Imh0dHA6Ly9ucy5hZG9iZS5jb20veGFwLzEuMC9tbS8iIHhtbG5zOnN0UmVmPSJodHRwOi8vbnMuYWRvYmUuY29tL3hhcC8xLjAvc1R5cGUvUmVzb3VyY2VSZWYjIiB4bWxuczpwaG90b3Nob3A9Imh0dHA6Ly9ucy5hZG9iZS5jb20vcGhvdG9zaG9wLzEuMC8iIHhtbG5zOnRpZmY9Imh0dHA6Ly9ucy5hZG9iZS5jb20vdGlmZi8xLjAvIiB4bWxuczpleGlmPSJodHRwOi8vbnMuYWRvYmUuY29tL2V4aWYvMS4wLyIgZGM6Zm9ybWF0PSJpbWFnZS9qcGVnIiB4YXA6Q3JlYXRvclRvb2w9IkFkb2JlIFBob3Rvc2hvcCBDUzMgV2luZG93cyIgeGFwOkNyZWF0ZURhdGU9IjIwMTUtMDQtMDhUMTc6Mzc6MDMrMDU6MzAiIHhhcDpNb2RpZnlEYXRlPSIyMDE1LTA0LTA4VDE3OjM3OjAzKzA1OjMwIiB4YXA6TWV0YWRhdGFEYXRlPSIyMDE1LTA0LTA4VDE3OjM3OjAzKzA1OjMwIiB4YXBNTTpEb2N1bWVudElEPSJ1dWlkOjA2QTM3MkIzRTdEREU0MTE4NkZFREY4MTEzNDFDRTc0IiB4YXBNTTpJbnN0YW5jZUlEPSJ1dWlkOjA3QTM3MkIzRTdEREU0MTE4NkZFREY4MTEzNDFDRTc0IiBwaG90b3Nob3A6Q29sb3JNb2RlPSIzIiBwaG90b3Nob3A6SUNDUHJvZmlsZT0ic1JHQiBJRUM2MTk2Ni0yLjEiIHBob3Rvc2hvcDpIaXN0b3J5PSIiIHRpZmY6T3JpZW50YXRpb249IjEiIHRpZmY6WFJlc29sdXRpb249IjcyMDAwMC8xMDAwMCIgdGlmZjpZUmVzb2x1dGlvbj0iNzIwMDAwLzEwMDAwIiB0aWZmOlJlc29sdXRpb25Vbml0PSIyIiB0aWZmOk5hdGl2ZURpZ2VzdD0iMjU2LDI1NywyNTgsMjU5LDI2MiwyNzQsMjc3LDI4NCw1MzAsNTMxLDI4MiwyODMsMjk2LDMwMSwzMTgsMzE5LDUyOSw1MzIsMzA2LDI3MCwyNzEsMjcyLDMwNSwzMTUsMzM0MzI7RTg2NTI0MjlDMDNGMEYyNkFFMzA4RDEzNEE2RjFGQjgiIGV4aWY6UGl4ZWxYRGltZW5zaW9uPSIzNzAiIGV4aWY6UGl4ZWxZRGltZW5zaW9uPSIxNTAiIGV4aWY6Q29sb3JTcGFjZT0iMSIgZXhpZjpOYXRpdmVEaWdlc3Q9IjM2ODY0LDQwOTYwLDQwOTYxLDM3MTIxLDM3MTIyLDQwOTYyLDQwOTYzLDM3NTEwLDQwOTY0LDM2ODY3LDM2ODY4LDMzNDM0LDMzNDM3LDM0ODUwLDM0ODUyLDM0ODU1LDM0ODU2LDM3Mzc3LDM3Mzc4LDM3Mzc5LDM3MzgwLDM3MzgxLDM3MzgyLDM3MzgzLDM3Mzg0LDM3Mzg1LDM3Mzg2LDM3Mzk2LDQxNDgzLDQxNDg0LDQxNDg2LDQxNDg3LDQxNDg4LDQxNDkyLDQxNDkzLDQxNDk1LDQxNzI4LDQxNzI5LDQxNzMwLDQxOTg1LDQxOTg2LDQxOTg3LDQxOTg4LDQxOTg5LDQxOTkwLDQxOTkxLDQxOTkyLDQxOTkzLDQxOTk0LDQxOTk1LDQxOTk2LDQyMDE2LDAsMiw0LDUsNiw3LDgsOSwxMCwxMSwxMiwxMywxNCwxNSwxNiwxNywxOCwyMCwyMiwyMywyNCwyNSwyNiwyNywyOCwzMDswOTJCMjVENzZFMEQ1NzYyQ0ZGREZFRjAxODEzQ0FFMiI+IDx4YXBNTTpEZXJpdmVkRnJvbSBzdFJlZjppbnN0YW5jZUlEPSJ1dWlkOjA1QTM3MkIzRTdEREU0MTE4NkZFREY4MTEzNDFDRTc0IiBzdFJlZjpkb2N1bWVudElEPSJ1dWlkOjA1QTM3MkIzRTdEREU0MTE4NkZFREY4MTEzNDFDRTc0Ii8+IDwvcmRmOkRlc2NyaXB0aW9uPiA8L3JkZjpSREY+IDwveDp4bXBtZXRhPiAgICAgICAgICAgICAgICAgICAgICAgICAgICAgICAgICAgICAgICAgICAgICAgICAgICAgICAgICAgICAgICAgICAgICAgICAgICAgICAgICAgICAgICAgICAgICAgICAgICAgICAgICAgICAgICAgICAgICAgICAgICAgICAgICAgICAgICAgICAgICAgICAgICAgICAgICAgICAgICAgICAgICAgICAgICAgICAgICAgICAgICAgICAgICAgICAgICAgICAgICAgICAgICAgICAgICAgICAgICAgICAgICAgICAgICAgICAgICAgICAgICAgICAgICAgICAgICAgICAgICAgICAgICAgICAgICAgICAgICAgICAgICAgICAgICAgICAgICAgICAgICAgICAgICAgICAgICAgICAgICAgICAgICAgICAgICAgICAgICAgICAgICAgICAgICAgICAgICAgICAgICAgICAgICAgICAgICAgICAgICAgICAgICAgICAgICAgICAgICAgICAgICAgICAgICAgICAgICAgICAgICAgICAgICAgICAgICAgICAgICAgICAgICAgICAgICAgICAgICAgICAgICAgICAgICAgICAgICAgICAgICAgICAgICAgICAgICAgICAgICAgICAgICAgICAgICAgICAgICAgICAgICAgICAgICAgICAgICAgICAgICAgICAgICAgICAgICAgICAgICAgICAgICAgICAgICAgICAgICAgICAgICAgICAgICAgICAgICAgICAgICAgICAgICAgICAgICAgICAgICAgICAgICAgICAgICAgICAgICAgICAgICAgICAgICAgICAgICAgICAgICAgICAgICAgICAgICAgICAgICAgICAgICAgICAgICAgICAgICAgICAgICAgICAgICAgICAgICAgICAgICAgICAgICAgICAgICAgICAgICAgICAgICAgICAgICAgICAgICAgICAgICAgICAgICAgICAgICAgICAgICAgICAgICAgICAgICAgICAgICAgICAgICAgICAgICAgICAgICAgICAgICAgICAgICAgICAgICAgICAgICAgICAgICAgICAgICAgICAgICAgICAgICAgICAgICAgICAgICAgICAgICAgICAgICAgICAgICAgICAgICAgICAgICAgICAgICAgICAgICAgICAgICAgICAgICAgICAgICAgICAgICAgICAgICAgICAgICAgICAgICAgICAgICAgICAgICAgICAgICAgICAgICAgICAgICAgICAgICAgICAgICAgICAgICAgICAgICAgICAgICAgICAgICAgICAgICAgICAgICAgICAgICAgICAgICAgICAgICAgICAgICAgICAgICAgICAgICAgICAgICAgICAgICAgICAgICAgICAgICAgICAgICAgICAgICAgICAgICAgICAgICAgICAgICAgICAgICAgICAgICAgICAgICAgICAgICAgICAgICAgICAgICAgICAgICAgICAgICAgICAgICAgICAgICAgICAgICAgICAgICAgICAgICAgICAgICAgICAgICAgICAgICAgICAgICAgICAgICAgICAgICAgICAgICAgICAgICAgICAgICAgICAgICAgICAgICAgICAgICAgICAgICAgICAgICAgICAgICAgICAgICAgICAgICAgICAgICAgICAgICAgICAgICAgICAgICAgICAgICAgICAgICAgICAgICAgICAgICAgICAgICAgICAgICAgICAgICAgICAgICAgICAgICAgICAgICAgICAgICAgICAgICAgICAgICAgICAgICAgICAgICAgICAgICAgICAgICAgICAgICAgICAgICAgICAgICAgICAgICAgICAgICAgICAgICAgICAgICAgICAgICAgICAgICAgICAgICAgICAgICAgICAgICAgICAgICAgICAgICAgICAgICAgICAgICAgICAgICAgICAgICAgICAgICAgICAgICAgICAgICAgICAgICAgICAgICAgICAgICAgICAgICAgICAgICAgICAgICAgICAgICAgICAgICAgICAgICAgICAgICAgICAgICAgICAgICAgICAgICAgICAgICAgICAgICAgICAgICAgICAgICAgICAgICAgICAgICAgICAgICAgICAgICAgICAgICAgICAgICAgICAgICAgICAgICAgICAgICAgICAgICAgICAgICAgICAgICAgICAgICAgICAgICAgICAgICAgICAgICAgICAgICAgICAgICAgICAgICAgICAgICAgICAgICAgICAgICAgICAgICAgICAgICAgICAgICAgICAgICAgICAgICAgICAgICAgICAgICAgICAgICAgICAgICAgICAgICAgICAgICAgICAgICAgICAgICAgICAgICAgICAgICAgICAgICAgICAgICAgICAgICAgICAgICAgICAgICAgICAgICAgICAgICAgICAgICAgICAgICAgICAgICAgICAgICAgICAgICAgICAgICAgICAgICAgICAgICAgICAgICAgICAgICAgICAgICAgICAgICAgICAgICAgICAgICAgICAgICAgICAgICAgICAgICAgICAgICAgICAgICAgICAgIDw/eHBhY2tldCBlbmQ9InciPz7/4gxYSUNDX1BST0ZJTEUAAQEAAAxITGlubwIQAABtbnRyUkdCIFhZWiAHzgACAAkABgAxAABhY3NwTVNGVAAAAABJRUMgc1JHQgAAAAAAAAAAAAAAAQAA9tYAAQAAAADTLUhQICAAAAAAAAAAAAAAAAAAAAAAAAAAAAAAAAAAAAAAAAAAAAAAAAAAAAAAAAAAAAAAABFjcHJ0AAABUAAAADNkZXNjAAABhAAAAGx3dHB0AAAB8AAAABRia3B0AAACBAAAABRyWFlaAAACGAAAABRnWFlaAAACLAAAABRiWFlaAAACQAAAABRkbW5kAAACVAAAAHBkbWRkAAACxAAAAIh2dWVkAAADTAAAAIZ2aWV3AAAD1AAAACRsdW1pAAAD+AAAABRtZWFzAAAEDAAAACR0ZWNoAAAEMAAAAAxyVFJDAAAEPAAACAxnVFJDAAAEPAAACAxiVFJDAAAEPAAACAx0ZXh0AAAAAENvcHlyaWdodCAoYykgMTk5OCBIZXdsZXR0LVBhY2thcmQgQ29tcGFueQAAZGVzYwAAAAAAAAASc1JHQiBJRUM2MTk2Ni0yLjEAAAAAAAAAAAAAABJzUkdCIElFQzYxOTY2LTIuMQAAAAAAAAAAAAAAAAAAAAAAAAAAAAAAAAAAAAAAAAAAAAAAAAAAAAAAAAAAAAAAAAAAWFlaIAAAAAAAAPNRAAEAAAABFsxYWVogAAAAAAAAAAAAAAAAAAAAAFhZWiAAAAAAAABvogAAOPUAAAOQWFlaIAAAAAAAAGKZAAC3hQAAGNpYWVogAAAAAAAAJKAAAA+EAAC2z2Rlc2MAAAAAAAAAFklFQyBodHRwOi8vd3d3LmllYy5jaAAAAAAAAAAAAAAAFklFQyBodHRwOi8vd3d3LmllYy5jaAAAAAAAAAAAAAAAAAAAAAAAAAAAAAAAAAAAAAAAAAAAAAAAAAAAAAAAAAAAAABkZXNjAAAAAAAAAC5JRUMgNjE5NjYtMi4xIERlZmF1bHQgUkdCIGNvbG91ciBzcGFjZSAtIHNSR0IAAAAAAAAAAAAAAC5JRUMgNjE5NjYtMi4xIERlZmF1bHQgUkdCIGNvbG91ciBzcGFjZSAtIHNSR0IAAAAAAAAAAAAAAAAAAAAAAAAAAAAAZGVzYwAAAAAAAAAsUmVmZXJlbmNlIFZpZXdpbmcgQ29uZGl0aW9uIGluIElFQzYxOTY2LTIuMQAAAAAAAAAAAAAALFJlZmVyZW5jZSBWaWV3aW5nIENvbmRpdGlvbiBpbiBJRUM2MTk2Ni0yLjEAAAAAAAAAAAAAAAAAAAAAAAAAAAAAAAAAAHZpZXcAAAAAABOk/gAUXy4AEM8UAAPtzAAEEwsAA1yeAAAAAVhZWiAAAAAAAEwJVgBQAAAAVx/nbWVhcwAAAAAAAAABAAAAAAAAAAAAAAAAAAAAAAAAAo8AAAACc2lnIAAAAABDUlQgY3VydgAAAAAAAAQAAAAABQAKAA8AFAAZAB4AIwAoAC0AMgA3ADsAQABFAEoATwBUAFkAXgBjAGgAbQByAHcAfACBAIYAiwCQAJUAmgCfAKQAqQCuALIAtwC8AMEAxgDLANAA1QDbAOAA5QDrAPAA9gD7AQEBBwENARMBGQEfASUBKwEyATgBPgFFAUwBUgFZAWABZwFuAXUBfAGDAYsBkgGaAaEBqQGxAbkBwQHJAdEB2QHhAekB8gH6AgMCDAIUAh0CJgIvAjgCQQJLAlQCXQJnAnECegKEAo4CmAKiAqwCtgLBAssC1QLgAusC9QMAAwsDFgMhAy0DOANDA08DWgNmA3IDfgOKA5YDogOuA7oDxwPTA+AD7AP5BAYEEwQgBC0EOwRIBFUEYwRxBH4EjASaBKgEtgTEBNME4QTwBP4FDQUcBSsFOgVJBVgFZwV3BYYFlgWmBbUFxQXVBeUF9gYGBhYGJwY3BkgGWQZqBnsGjAadBq8GwAbRBuMG9QcHBxkHKwc9B08HYQd0B4YHmQesB78H0gflB/gICwgfCDIIRghaCG4IggiWCKoIvgjSCOcI+wkQCSUJOglPCWQJeQmPCaQJugnPCeUJ+woRCicKPQpUCmoKgQqYCq4KxQrcCvMLCwsiCzkLUQtpC4ALmAuwC8gL4Qv5DBIMKgxDDFwMdQyODKcMwAzZDPMNDQ0mDUANWg10DY4NqQ3DDd4N+A4TDi4OSQ5kDn8Omw62DtIO7g8JDyUPQQ9eD3oPlg+zD88P7BAJECYQQxBhEH4QmxC5ENcQ9RETETERTxFtEYwRqhHJEegSBxImEkUSZBKEEqMSwxLjEwMTIxNDE2MTgxOkE8UT5RQGFCcUSRRqFIsUrRTOFPAVEhU0FVYVeBWbFb0V4BYDFiYWSRZsFo8WshbWFvoXHRdBF2UXiReuF9IX9xgbGEAYZRiKGK8Y1Rj6GSAZRRlrGZEZtxndGgQaKhpRGncanhrFGuwbFBs7G2MbihuyG9ocAhwqHFIcexyjHMwc9R0eHUcdcB2ZHcMd7B4WHkAeah6UHr4e6R8THz4faR+UH78f6iAVIEEgbCCYIMQg8CEcIUghdSGhIc4h+yInIlUigiKvIt0jCiM4I2YjlCPCI/AkHyRNJHwkqyTaJQklOCVoJZclxyX3JicmVyaHJrcm6CcYJ0kneierJ9woDSg/KHEooijUKQYpOClrKZ0p0CoCKjUqaCqbKs8rAis2K2krnSvRLAUsOSxuLKIs1y0MLUEtdi2rLeEuFi5MLoIuty7uLyQvWi+RL8cv/jA1MGwwpDDbMRIxSjGCMbox8jIqMmMymzLUMw0zRjN/M7gz8TQrNGU0njTYNRM1TTWHNcI1/TY3NnI2rjbpNyQ3YDecN9c4FDhQOIw4yDkFOUI5fzm8Ofk6Njp0OrI67zstO2s7qjvoPCc8ZTykPOM9Ij1hPaE94D4gPmA+oD7gPyE/YT+iP+JAI0BkQKZA50EpQWpBrEHuQjBCckK1QvdDOkN9Q8BEA0RHRIpEzkUSRVVFmkXeRiJGZ0arRvBHNUd7R8BIBUhLSJFI10kdSWNJqUnwSjdKfUrESwxLU0uaS+JMKkxyTLpNAk1KTZNN3E4lTm5Ot08AT0lPk0/dUCdQcVC7UQZRUFGbUeZSMVJ8UsdTE1NfU6pT9lRCVI9U21UoVXVVwlYPVlxWqVb3V0RXklfgWC9YfVjLWRpZaVm4WgdaVlqmWvVbRVuVW+VcNVyGXNZdJ114XcleGl5sXr1fD19hX7NgBWBXYKpg/GFPYaJh9WJJYpxi8GNDY5dj62RAZJRk6WU9ZZJl52Y9ZpJm6Gc9Z5Nn6Wg/aJZo7GlDaZpp8WpIap9q92tPa6dr/2xXbK9tCG1gbbluEm5rbsRvHm94b9FwK3CGcOBxOnGVcfByS3KmcwFzXXO4dBR0cHTMdSh1hXXhdj52m3b4d1Z3s3gReG54zHkqeYl553pGeqV7BHtje8J8IXyBfOF9QX2hfgF+Yn7CfyN/hH/lgEeAqIEKgWuBzYIwgpKC9INXg7qEHYSAhOOFR4Wrhg6GcobXhzuHn4gEiGmIzokziZmJ/opkisqLMIuWi/yMY4zKjTGNmI3/jmaOzo82j56QBpBukNaRP5GokhGSepLjk02TtpQglIqU9JVflcmWNJaflwqXdZfgmEyYuJkkmZCZ/JpomtWbQpuvnByciZz3nWSd0p5Anq6fHZ+Ln/qgaaDYoUehtqImopajBqN2o+akVqTHpTilqaYapoum/adup+CoUqjEqTepqaocqo+rAqt1q+msXKzQrUStuK4trqGvFq+LsACwdbDqsWCx1rJLssKzOLOutCW0nLUTtYq2AbZ5tvC3aLfguFm40blKucK6O7q1uy67p7whvJu9Fb2Pvgq+hL7/v3q/9cBwwOzBZ8Hjwl/C28NYw9TEUcTOxUvFyMZGxsPHQce/yD3IvMk6ybnKOMq3yzbLtsw1zLXNNc21zjbOts83z7jQOdC60TzRvtI/0sHTRNPG1EnUy9VO1dHWVdbY11zX4Nhk2OjZbNnx2nba+9uA3AXcit0Q3ZbeHN6i3ynfr+A24L3hROHM4lPi2+Nj4+vkc+T85YTmDeaW5x/nqegy6LzpRunQ6lvq5etw6/vshu0R7ZzuKO6070DvzPBY8OXxcvH/8ozzGfOn9DT0wvVQ9d72bfb794r4Gfio+Tj5x/pX+uf7d/wH/Jj9Kf26/kv+3P9t////7gAOQWRvYmUAZEAAAAAB/9sAhAAEAwMDAwMEAwMEBgQDBAYHBQQEBQcIBgYHBgYICggJCQkJCAoKDAwMDAwKDAwMDAwMDAwMDAwMDAwMDAwMDAwMAQQFBQgHCA8KCg8UDg4OFBQODg4OFBEMDAwMDBERDAwMDAwMEQwMDAwMDAwMDAwMDAwMDAwMDAwMDAwMDAwMDAz/wAARCACWAXIDAREAAhEBAxEB/90ABAAv/8QBogAAAAcBAQEBAQAAAAAAAAAABAUDAgYBAAcICQoLAQACAgMBAQEBAQAAAAAAAAABAAIDBAUGBwgJCgsQAAIBAwMCBAIGBwMEAgYCcwECAxEEAAUhEjFBUQYTYSJxgRQykaEHFbFCI8FS0eEzFmLwJHKC8SVDNFOSorJjc8I1RCeTo7M2F1RkdMPS4ggmgwkKGBmElEVGpLRW01UoGvLj88TU5PRldYWVpbXF1eX1ZnaGlqa2xtbm9jdHV2d3h5ent8fX5/c4SFhoeIiYqLjI2Oj4KTlJWWl5iZmpucnZ6fkqOkpaanqKmqq6ytrq+hEAAgIBAgMFBQQFBgQIAwNtAQACEQMEIRIxQQVRE2EiBnGBkTKhsfAUwdHhI0IVUmJy8TMkNEOCFpJTJaJjssIHc9I14kSDF1STCAkKGBkmNkUaJ2R0VTfyo7PDKCnT4/OElKS0xNTk9GV1hZWltcXV5fVGVmZ2hpamtsbW5vZHV2d3h5ent8fX5/c4SFhoeIiYqLjI2Oj4OUlZaXmJmam5ydnp+So6SlpqeoqaqrrK2ur6/9oADAMBAAIRAxEAPwDu6kDbMVsVA2Krw2KqgfCq7ngVxfFWuRY8R/sj/DCglCa1rek+WNGvPMGu3AtdH06P1LmalWPZY416tI7UVFH2myRQkn5c+VNY8w6w/wCZnna2NtrV3EbfQ9Gc1XR9Lf4hCP8Al4mHx3MnX/deCmuR6Ijzz+YcNr5s8t+U7GO4On3t2I7y7taIs5jNGtlcjZAN5WQhhsq5izycUgI8r3caUnjGqT6U2qz3ulXUrIZCZLU7x1Vdo+TDkCooPfdsw4RkBRA8uezjEi0BZ3apFeX93LIkKLzhrxIKBq8mH6/65nYoi+jEvOdVvINR1W+vrZ0kgnl5I8deBoqg0qAeozIA2dlhHoCO0H0jZ3cMiu/q3pAVeQU8IYz8ZXov05iaogRF+bHMeTJovNVysX1fUdE0jXGgDJFNInoyQq5VeShHHLiApFR+vNWcQkRUpR3YRyd4d5b8xaH5f17VbfzPpcWqaDqAtluruUEz2b25keOeE0KhhyJINOVOOZHaWOU4xMTRF7fznKE4jaQsFn/mux8pDSLRo9QguZLP1dRW4tJ5rqeW1umJ5ItsrMGYJ8fqjjKgX7XDOcwDKJGhzHDuK5e9yCI0hPLd095peoWmtaUzzEXRtb6Xk73HqgDnboKhuSlTzQKyBePA/ayvLChcTzrisen3EsAL5pqHkF5pttaXnoNbLwhlmXkhdFAf0jUkFF3Lg8jXj8quHcgciEX5onV73VJ4yjSwpIIJ7eaaePhVpCGYsBRTIOvOlVy78pIgEg3tV/xe7+iwOW+tvPfMPLVJdQniSO3t7eK2ULxDQsjuqmN2qPjZqmRj9rlQHJ4ASLBrv3+n8Fid9mn0kW+k656d3xezayJ9ZykiwvEDyVeJPwivpsPh4lcypxAlwSNE8j0O30piDVhMxSTy7NPZ3sU1ojzm4hkVndIYSgjmXiqkpJyA5Ntz+HqcwzCiYyG/f+iP9Ly+KAO5AaQL6/1Oea5ZLV7eP1og4rK7pKnNQnTlTdR9nxw4zGMth/0iyI2ZVrE91c2M09/LHIsKwSQRxkNxEfMqhkUA0KsA3w/8Fmb4sTHhvb+H8eSOE3ZS+We9sZtPa9HpyysVt2klVIwZIvSYmnKoHUrsPfMU45Cfq9O1xH+5l8eYQJ3yY1faWZtOdikpVklHqyMjxrcIq8jGHqUIC/YPw8PfJmtrr4c/84d/my5hD2EcqJZtzflcavpSOsZ/c+m11GXWQrsSx+yNguZGk/xiI6738vs82ID1jzWSfzS/L3mZP959basoCv8A3qAbDt/L/k510vpasv0sK/OZpD52tXqeMekPWlOjNKKHAT9PvcaLwf8ALORYdfu5Wm+rqmmzVuADJw+KIVABBJwZgDAg9zlZPpL1vyl5BtfzB81SWlvBLc+XIZY5b/kPQkubmWrpZqymgJ4l5pB/dQB368Mx8MTI10/GzhRsvtzQ9Hg0TT1tIghlJVriSJPTRnVQgCIPsxooCRJ+xGoHWubQCm5DecN/KPmIf9qrUKf9IsmTjzXqs/Ks1/JLyWf+1Dpv/UOmYcPpcpKfMB/0FyP9+J+s4nkgc0NYACFT4jJRYlUvN7Wc+CGuLKL5N/Ni5it/zK8xOrqXpHHKAKhEmii9TlXuwWlcnzZy2FvGfPWp3Zt3v2iaKFnf0o12pGuygL4YREgKSE9uPVgtIrFXAuZo7ZSG2McQYScvE1Y0pkRvv0Z8tkHa65dO9zaziRl5Nx6/EEfpTr9rISj6mYOxtQ01ZrULPamSf608hmdx6NBXcCvTr1+1kjTEWxrVj6Ei3M0yi1Dep6sjCSNSK0KqNy3zGT4CObWJXyRUuphNPt7h4ZpFlcI0rgGVlUVWi9h+1UjIcO+zZxjhREE8T2819WSRuUMMTdnlYctutF4nrgI3QBsv/S2q/wDLLbdeH2f2f5+nTI0Fov8A/9DuCyZitioHwWq8P742q8PgtVwkFMbVrmSaL9r9Q8cIFqrBo4keSWRYoYlaSaaRgqJGg5O7sdgABUnLeTFgPli0k/OPzJb+artGT8uNAmL+VLGVSv6RvFqp1SdD1RdxaI3/ABkyFokaDLfzI813thaR+XPLV1ZW1/cU+uT31y9m3oMfsQSemylpNwZOXw/PDw2K5OJOXRgXmLyvPL5n8peZNP1jTLkaDJJcXmnveLBZ3rxp8KelJ8AkVjxlkUVenOtTXNaY5RI8IBHkeR5fcwod4ShfI0d3bfpGx0BLGSZpDAba/ha2WV02BAnYOnI/Z+1wq2+VxhqYmpSuvduPx1YmASm8/LjW4/Lt9dxxXLajLEizWgNvNB6m/MRmNufCv2CS3vmxiJ7ggV9rHheRXtlcWFwLW7tzaXSxQtPbMnpsjtGCQVqaE9TlwFBzsX0hGaJZve2s9vGxSd7+QQOsUk/xrDEeJWMrsw/mNMxNTtwmrq0ZBdbslbTdTbVbe21DQLK4mgjN9b6jFI9tC9rGSXPBqqOLGhjrs3wj7XLNWDHmDW/D7pfzVjCpVSpouia/qGn+a9QstCh1/R7S0tr/AFDTb+KUJeRWbyvxgkXiEkUhjzqeJXhwbll3aU4wGPiPDxHhjL+bxD7b5V1b4Cwdr8mQ+T/L1zqGi/4lgFnpGm2oRrKGeb17uWaguIpGkHpFIYUcQCBfjVi3w5q8xINCz+r+L/ivczhG96pOtL1K48xprH1XVjdtb3/CSbnH9RihjIeRYiAvGV67yN8X2F98lkxY8PCZgUR9N7y99fwx/mx97OzIkApxHaQwa6Y2vYW09ATWVWbjwlZFLkGis1KUJ4uwblmu8eJPiAUa+PP6T9wr+HhafDHI8kZ5vFxbaa+oPdt6cMxSGUgxFhJG3ElKcULMw5faH7W2XantDxQYmNE0RL+KO/f+gKMIjvZYNq9tPftJZ3E1qkV5xkmKt8MwghklRFdaivKPmQNq8eWYHjAXXkPu3+3qy4e9NtKuRHoGo/WXilvbyfSbdkoKGKSGIemfV5GoWldwvX9nGcdwSPQOL57j5twICnrNpbWdm8lwRMkkirH6RSWF7QBpGIEda8WB4q2w3bwzGjKfEASOXL+L8FrkBzSaw1EmG31G9uI7K0mglm+uRr8USQ/A6sB9mppQ1+Jmp9nMqJs+47oCt5l1YXNrpcpuo7eweO2FzDGSsu8dS1WIQNJw2Vq8z/d8cysMt5D4+7z+PyWTH9T1+/1q1lu3tSb393DE7sCkELOCjyU3IPEclHYt4ZbxDiqR/HcGulO2uoLWeaGef6xPG8huGhuEjkLTIFcfvCvD41pxP+6scQgaIFH9XT9qoePzJYaj5s0XSYglrfSahpMxtQQPUSO5iRiUBojJwCqndPizZafGfGjO+9iCLevea1ZPzT/L5XV1IsNaajsHfede/wCr2zo5fS1ZPpYF+dvIedYDz4cNJJaPoSrGYAEdaZE/w+9x4PDfy70rUtd1q90TSGVNV1HT5ba0kmYRoju8JLuewVQWPfb4fiyyQtyZ8n6Iflh5AsPIegWllByknjhKrLMoWX97R5ZZB2lnYBn/AJEEcPRMvhARcdnFa5NISbzaa+UvMI/7VWof9QsmGPNVL8qDX8kPJZ6/7gdO/wCTC5hQ+lykr18/6C//ABkT9eGXJHVDWR/cp8slHkwPNfdn/RLkd/TOLOLwT8yvJV9rHmG+vrTSZ7x55opVmhiZq+lCoUVA33+jKiZCRcsCJiLYTc/k75mvDAt5ol3dQWbfWfTWEEzSMhb0wWI2D8VNcmJyIYcEO9Ruvyb/ADAv9We8Pl+4SWK0CLM7RelJKhBASr/aHjTJdEE7orS/yB8122oz3EunGOKaOMozXEVEdiHcEctyp+/EkoFWi7v8kPPk88kkVvYwowmaNpLhHb1ZNgX2NRTpTpldFs44sbH/ADjF5uYhpI9OiZnaaUm7En7w9lPpkgZY1E2iIv8AnG7ze0gl1C+0xioJ4GWdl5jYbLGNqDcd8lxHoxoJgv8Azj3r31URSa3YR3DP6krxx3HGtRsgoOIoAMr4S2cQa/6F31T/AKvth19X+4u/96PH7f2fbBwS72XiDuf/0ewifMVsXi4Hjiqos+BVQXA8cCtC4qQBuT0H+fbDSLRsAJoq1aRjTbqSfDLBsh53rElx+bXmGfyDosjf4C0mYJ5x1OEkDULuMhhpkLjrEh3uWH2j+7yuUl83sMEcWm2P1HTbcfVET0Y1jARXaMBfTQDoo2Unp+z2OCLROVbseuJdSuYT9fWNC4PraeW+tQIASAokIDNtTemX8xRFuvNXsxfU/Kek34kmdJ9PlYf30JE1uKin2aVQbUNN6ZGWOMh3MGC33lvzVo8x1ycW+s6XAxNtZaSGkjYrGQimFqujMRTo3TJRhR3HxTsWHy6rf31heG30t2srZDJc2YV5WgkKkBnAUMPDcDJjaO5vzRW7EdaYSaizLH6KiC1AiBqFH1aM7HIy2Jdnp/7sN6VqGtWCwwaTefVILzVJ01BGn+rRyxxxRFVdhU7GtKDKpGh+pjn5M4vvOl3dWj6PHdPf2jqImgLK/oivJyjUWqtTqd2pmvMJcVglxoyNov8ALrWr8X2q6JPdTS6VPCoSzcPJbRrcO8kzcaNH8Vd0df3v2a5R2jKvD+P9b/M/GzsDZIAesSy6d++jaSmnBDFBEIEWt1y5Iix+kTHLSklD+x49c08c2c8UiLuXp/m/1fOv6W99KRsd72WWdlp3lnSdT1S6NlBDqFwb3VA8VtbO4aiwCQLF8ZahCOPj5VHTNnGJnEHJVx5Da/6X/SIa5ZiOXVS03z7bS66t1p1tZxWV+0ttFFdwKl7dP6PNUl4IaxiQUVjyYf62YUhxD6bq+QHq8v8AjrZGcjuSx7zpqHmbSZ9Q1TzPPcRss9i3lm0aL1bX0plRLi2eIqyLRy5LScWVeJU70zYx0c/y9ygAZWbof5v9V2GIY5wIv1BBSNN5gv7CbSNdhMdsl1O62dtZlpuC7xLIyNGhOyvyAov7PIjNDHUiELyR3ujYDhCJ72L2Xn2N5F0jVQZrxidQuWt4oY4BFbxHmyhkqx4su4DcgKbZnSExAkbXtyHM+SLs2UXb+eNdkjmj8xfU/qckkkUBl+rtGUQD0y6oo2lOwBbjy+HltmKY8E6AF9fSPv8A6PViSeqto/mXWrk3SXTRqYYhFbG3htJI39ePiqhWRQQrLyHHowyrLkMRsBz7uX46s+fVh83mW64JbsqvLcyx2/1cpannGgI4isdFUE8uZ6b/AGc20JSvYAfANJPNu8836tbBWm1SG0jKM66SYrSF54wxiRFjELc2Bp9lum+JJM6q9+5AkeqMv9Wv9R1CkEEFtpl00fD1YLZGjuGKJxKeixavxEK3Xv1GZYnEy2PLy6KYzHuv9KM8s+Y9cu7qz8v666vfrremE3aW9spmjW/Cj97Cg5fCF3Wnw0XfLMMf3lj6aWJPE9I8zH0fzV8gLGAtNJ1lwqN6gBNyAaN79T75tJcvijL9LzP87bNYPPiXdnA6g6WFvHSpUK5l4l616sABgl0aYA089/5x6sre+/NjQ4LhQ8RkV17hXRkZWFe4IyzqG/L9JfpMXLOWPViST7nMpoDgdvpORSk/m0/86r5g/wC2Vf8A/ULJhjzXqoflGeX5G+Sj/wBqHTv+TK5hw+lykr19v9Bf/XT9eGXJiOaHsz+5X5YRyYnmrGNpxJCil2kWnFRViPbCyCWz67fWUrWo0eWRYvhVxKi8gO9DuMeIjozpDP5ovAP+ODMf+eseDjPcteaAn86XsP8A0zdw/wDqyxD9ePEe5KEfz/dr18s3Q/56xH+OPEe5UJL+YdyP+mZu/wDkZF/XBxHuVAy/mXdL/wBMvef8FD/XDxeSoOT80LgVH+F775Awn+ODiWkHL+aVwP8ApltQp7LEf44eJUP/AMrVn/6lfUev8kX9cPEr/9LpAux45is14uvfFbX/AF0AbnAtqT6qgIUHkxPFVHUk9hihMrWXiOTkGQ/aI6D2GWAIti/mzzBrOt6xH+VvkWcw+Zr+IS+YNZj3Gi6XLsWr/wAtMw+GFeqj48hIpAeteRvJWk+W9JtvK+gQ/VdE01BFcTKfjZqVZA/UyOTylf8AZr/MdoAWwJsp7fy2yTSIqrHBZwHgiiirX4UUfLfLA42UsWiNvGpCkMxqQp3NPmcMS4xAU7m5hiABXcLWi0BJP8BljAsLey1W58yRXaXyw2EKGd4VhCuhlcoPRlQqwkKqaNJyUDlRd8QVNUmOpQz3EMqyhb4SLwkkqbO9PhS4goSRX9oZIgS57tfufMvm0A+bdcjRXVIbowIsrCSQLDGiAO42Ztt275WABydtgFQDGdft7l/Lb3Edu72tvqc/1m6jQloecUSoOQ2XmfHrTHqnILpvQ/Mvl6CaKHUtEEqzH0Yr6zvriKWKRhxjYxuCjpypzTvk5Y4uKIb83o/lPUbfTYPMK3Gj6prt5fx21hb2OgIp1BWnhnRp4GZJKPGCTSnxD5ZiS0kM/DKRIMDe32hzSaosg/5x58/6Bp97rH5b+efzSuJtBt2bT9H8teYdNn0u99Tj+7lN5OW+qyITx4GQ+Pwptm1lCOSNVbVv1Tu88q+Y/MN75htru2W9i8v2pvfLl0kkiJe3kbACKONUaN1YLwePltJ9llrXObzYjjoZLuR4I8IP4j/WYYsNmXkLSD8sYrq08yS+ZvNMtpZ3mgWEn6Ge8uvTX69cR+mWRUJ+G3j9QuXBoVy2OHglY/zXL0cbNy/hZV5o/wCcl/8AnHXzJbzaDq2pXs3p2otjcR2t2tvezRpSKRnhX4QrAPzVakbfFm3qZjwdG24CXEDvbBLDzR+XmrWNtP5N1a51DW7e1S41qJl+p2xaFXWswdRxQk1ITlI3w8zmi1+ijjMTXEZmrO8Bfl9zMcOXilyI6IIapFf6amkaglvrCQXaShnt1WilSo+MsGBUCo38P8nKhp5mXFddI/rp1mqznEYxFG+/yYLHpGqXer3zWtxfx2dvMWvoFELpGruaiTkQoRiKcB0/HMqWK4+bgjVzvYMqmu/L3luzk1LULR7qKdvSFxGoWSySMAmRCG4h5BUA0+19nMCOj4tjf4/Q5unyyyg3QosXZtJuEM9lpx0/UkgSKGT1iySoy+q0Z5KPTaMfGymrc340o2bX8rvsTX6W0hIyty+oQas93JdahaEJ6alQhinPqFhzpRlAPxKe+/TL/wAt6eEfFpID3L8vvLlqnnXRPLt5q+l6dNfSyP5esbs3HqX1/C6NcOrwq6AKKwR+oR6hWUpuuYo0kSN9pd/+9/HVz4emiOhtn2qfknqvkGTTdXtNU0680qXzHpQubGJZY57e3N0BEkDvy9RgzUYPxHAch8XWz8rASErNx5b7f5385pEBdhC+Z5eH5r+QXTgR+gtYYm32ShvKHjX8feuZcuXxa8o9Lz/86ajzVd8qrXSragO1QXlOQlzisPpPw+953/zjg3/IXtB/1+/X9nL+oXJ9JfowH3OZLSuVqjIpSfzY3/Ora+P+1Xf/APULJhjzXqo/k/8A+SL8lf8AbC0//k0MxIfS5KU68/8AoEn+un68TyYjmo2Z/cL4UGSjyYHm8v8AzdTzb5t1DSvyu8jvPHqeqL9e1B7WVraT0Ym/dh50IMcQPxyMPtfCm/TCdm6HeyDy9+Vn56+S449MTXNI846YE9SZdVnuYZ7aSm8MdwVdyh7Fq/6q4GRAKZXeq6/o1jNe+Z/LSWcduB6rWep2t3yqeNY0+FyPnTBYteAsH1v83tHsomli0W6lQNwU81bkx6DjErmp/l64bXgeSeYvz6/Ma98xWvljyj5Yt9IvZYP0g0moobznYkVEx+JUVPDhyct8O2PEKTwMg8tfm/5nRxbed9Et50ZyFvtKkEc4Txa1PJTTr8EgxtTjZk/5k+RTTlfTR8v9+Wsi0+dK0w2x4Clt9+a/5f2HxyXs8yjdhDbuOQHWhbjgIBSIlhev/mfq6R2FtpTC2kutMtdSe9lRZmLXKGTj6Zog2IrTHgjYceWSQ5MB/wCVy/mJ/wAt1p9rj/vDH0+/JeHFPil//9OZtfxCvLjWlSCQNvH5Zh8cf5w+YTSHm1ADZVAPscnQVBSXE8v2C2/gK40hFaXaXdfrTpI7NURVQiiePzP6smAqH86+aNX8sabZQaFZ/XvN2vXaaT5cs5AfSN7MK+rL/wAVxL8beOJXm9K/Kz8uLPyNpcmmfpSG98xXchv/ADd5llmiMk13LuzFmbY9ViU7Rp8RymiSpPQPRJ/NXknRrYxSeYdHtLe1WnpvqVoCoO+9Zakk9e7HJkUxphsfmny/r+l3uo6Fq9nqtu936UstjOlwqGNfhR+BPEkfEA3zyPRw8n1bpO2qJHIHrVtwAOgr3PtiC1FSiu+YdpjzJNAKdT2/sGTBYqGn3LXDXF5TaeQ+kexih/doT9zHJLSKC3GoSiGBS0vYINyT3w8VLw2+YvN1ubbzp5lt2Uq0WozoVOxqONfxyI5O0xiohH6Vaa/cflv5mPl5ZJbs65axSW0ahuSsrESMTUKEK7nievbKs0+GIN0G7HASny6MZuPyy86289lqeraPbzafbXEcl4EuoUkKCrFuEbB6LUE0+WUQ1WMixLnyXJw8XDszn8u/zNt/yx8xNe391cW9tqsttatNAD6StHG7tJOF34BTTYGnKvTNnp5b8LXKPpu3sX5yeSNS/M3zR5c84fl/5B0vzRr+jj0vMdx5ghaHSr61miV4I1nEkX1loGqaqroOXGrceOZA9Mi0E2Hpuna3+dFvawR3vkTR9KtoTFGbGzvUuLdLYJxkCn0oQCG3VenD4a8sQAeqmT5j/Oyz/JrTTLZazpMHk/zHCZZW07yzHHe3F/BNHxUyH1PRtir1LAkseu+Ys8ZHKXD9rfGQPS/seAa3+WHk7QVeDW/O9xp9+luLo2k2nmViskfOMFom/b6VrmiGv7QMqGnBF/zxH4/pc8YdNW+Qj/NSn8stJ1vzDqdja6RHGLbUI7y2uokVRMLKOP8AfSgNRWr9hBXkzZu854wYVsKlGX8PFE/Nw4Dh3vfl8HsWleRfMum2M9qfL93/AKXdLdyurWKRwpFH6QVCZA5LA8mB22yvh6cQ+11+q0s80gRQFJzaflb531Kxl1TT/KuqXGmwOyl1axNVWrM6gTE8crFA0ZC/i4f8l5SLsV8Uy8oflbf6x5r8tReYdNfSLFZnkjGqNbSW10aGSMRqpb1ODoGkQ/A6/CvxYMwM8coRkLPd/C5el0ksRNnYvXPPfkGDzF5S1PRdWvR5u1W3lbV9F0tYYLK+udTjQq0aXFsyuPWX4STy+FVX7I2wtJpjhy8XiSltw8J+92HhUO8Pn/U/y0t/KJ0zWvPPkzWfKtrcXUUOlWM2o6fqMl7qL7R28Vs4Ez8mI5NXhEPids3BkfqYCEbYlrvmZ0/PbyhHZtxtvL2v6VpFrwdR+5025CSvVdiZJ5ZXIXbtmKTY+1yuGg+5/wAyp43s9KgikEsbeZ9IialVrxuzUUO/bIg782mtnkPmy5ji/NfyLMzeqB5b1cq3p8Azm8oPh2pSlPxy6f0/FpkLDzL80r2e5803hu3LOdPiEfLrxUymnyyu94oiBwn4MM/5xvI/5W7oH+vTb5DMnqGOT6X6Jq9SadcyC0rkf4a5AlklHmp/+dW1/f8A6Vd//wBQsmSjzVZ+TZ/5AN5J/wC2FYf8m8xYfS3pP5gemnSk/wA6frxLELLORBaq7sEjVOTu3RVAqSfYDfJx5NZZN+X2gR6Za6n53vIuGu+ZODIZB8cGmwjjawDwqtZnH877/ZGByBypbrfmB2ieFZCIBUu1aVA8MrlJtjF555vSztvJ2ped/OheHyTYwNNBptu3p3uqSAjgit1jjc/CWUcytWHFd8jGNm2d9Hjv5deetS1CO71jVWi01bhL3WLKwtYvTttPh9MelDGXAUoscYNGHJ+R5faynLzBDZj32eemPzf5z866Xr/lLQY45VtfQ1z0ALXRorOYh3k9WgWIrKTyi3ctQoGy7jFWxIL13Srfyjol/wClqFmdX1ZkLQ3stYtOjmB2HoU5yDvylPEf77ys5LZcHe8Y/N3WL3RfMNlcgiSDUVmW4qFHKZKEOpUAD4T0yeI2FyPMtQ1Br2rM9eXdjvXL2tlHmX9I3F95fsrKYwB/LGkSFgK/CLYVGWbUHXyqrY1+gtW/5bf2uPRun3ZHiCOIP//UOF/LLzV6wubfVbGKBpGlKXIuJpvTkBBUihUsa7b8EpVRyOchk7FE5SPFz/H473KEjTvztsta/KbybY+a3WPW5NQZLSO5tIJY7CC5kQlWuSzFlUgfB/O3wfDm50mDJhAxyPFEDaXX+pw+7q0TIJ7nyzL5t8x6pKLnVtSublp0ViI5ntkU7hgiwsoA9s2NMWZeTfLGv+aVE+m6ZLe2EbrHcSNqDQKtN6EzXAoP8qlMBNcyyp9D6V+W1jpuirq2seUNNsrCEhDcXeoQTMS9ACD6sjMWr1HX5ZDiBYkEMntfJvksxuttZeXS9uqyXYtwLyOCJyAHnEULAJU0Zm+x3w0h6B5X8ueVTEWitvK8zW4DSiCytniQl+CUuPTChif2TR/bG/JaLvzM0SPT9KXzXHpkdiljIsesPZKghmspaIl1IECkm3anKoLRxNJx+HBMWLa8keIPPZIHVyP2lPxKd9xlHE4vCpXcghtJpEJM6rSNRsTI5CpT/ZEZISTwo6KAWUENsDWOJAnIVA+AUJr7nfJGaiKnfXi6fZzXnrCBEUCOUtw4sxCKflyI+LADbPhp84eaYpovOHmOG4ZXnj1CdJJI90YrxHIH3G+WQ3iHLFVsnvkb8yb78udK1Z7OG2mXVLy4RvrMRldXhVApQhlAHxnkCGDZRnkdgOtuThjE2T0RN9+abTPDomoaJpeo3V6Uia6mtFedFkait6hZdxWq0G2Y2McYugG7JjjE9WZfkbcT2Q84m2VPXWXTALiSKOV4kBkEjqZFbjRK8iO2R1meeOMeE1bfocMMhPELp8qee/O2v+avPnmTzBoV3q0Oi6hqE8umww3E0Ma2wbgnFI5AoBC8vh8c2GHKY44gy3pw8uO5kgbKPl3WfzHTV7OPS9W1mG6nk9BGN/MiH1AVIcySlQp78st8f+kw8Lye5eQvyS8rSa5qcX5i6yJr610b9NKkU8Xoy3cjyrHFzaTnMwKVIHxMaUXicxfGJO3Jt8LhHm+hvPnk/wAjeYtCsdP1ry1+mE1pLS01e7stJpd2sCxK5lLRcXWhFAV3Vsn40eXLzZY8O9lFeZ/InkLyx5MTUPLGkWVibIWtnYTR2ItbtYCQhVnPx7qPj5buftb4TmEtg0jEYndhNlqVpYWL6m9r9Zu4LlPRdmUoqqvIqY3VlbkT9ojamXQiCLKJEg0l15+adhK6HUtKu5ZrYTJZS6ffDRzClwqrIKWkIWSvAFTIrcPi4/aOUnFjvr+uv53e3xyTA2r7/k5/zDv/ADLGyW0l1axwUrb3M0d2x8HRjCgSn2fhAzQ6vH+WN4rEZ3xf1u73fzXZ9m4oSiRIAyB+xJbzW9Q0V4bnSJ5NPvgCEu7QLFcopoGCyUJFRscxcWomDYLscuCFckLqXlz87/OEnlzUvLHmS3Y63+kZ9NsdeQXhSXTFV2vYpp45jbu3IRxmLgairbZvNLmlwEy9V97otVjjxUNq7nj6fkl5l8q/mjpeh6/cI2u6fcWOrB4U5wyWnqLOblZpCvwmVWiaoDep/rLmUBxRMrccmtqfZv5iXlv9a0eMOitL5r0tjGzrzH79yQVBr28Mqh9TSQeG3lfnWRpvzW8khS7OvlrUS3rALJX68ftDsf4Zlz+lxi8x/NvkfPsauPiGkqwPh+7mOV3vH3rH6ZfBiX/OOchX82fL7BlUiVfikNBQ0r/ZmR1DGY2L9FLYyOZSw4xxCsrv8KoP8pmoF+nMi2mmIXv5xflDpv12K78+6Glxpq876FbxZZIhy404xhizA7FU5MO4yBBbeFhmrf8AORP5Na1pGv6PpfmKSe5bT7qCK7+pXK2UktxA8capOyUNWI3oFHdsMdix4SmP5X/nh+T2jflN5V8ran510y11rT9Is7W9gd3KxzxKEdC6oVJVvhNCd/mMoiNm0sZ82/n5+UMFlPaweaItQvA6crbTre5upAARuaRhQN/5sJiWADKfyi8+/l1+a+rP5f8ALWsrqklhB9a1W0EFxCywIypRjLGgozMEIB/mx5bMRE29c81a0YibK3oihfjYD8B4ZCRckBgFtDDrut2ejSsRazSA3h3qYhuUFO70Ir2Xke2VgWWwmgxb/nJDzNp+laUl1d31k+mWjC2htoX2IuQFji6FQQvxGn7GSJs0oGz570PTdZ/MjzTpvkDytdlLnV5FM1yU5QWujWvB5rih2oBwVV6SMyJ+1kSLZXQfScFhoVhYyeXdDgU+XNGmFtCrEkytxPqXMjCnOWVhyZz/AKq/DlIAumw2EJN5P8magwuJVnScDcW1zIqj2oajJcIY8RYz5u/IXyF53trSO+u9UtFsnaS2kgmjY8nXiQRJG1Rko+nkgythkf8AziH5bedYYPOOp1dgq8rK1anI0FaMOmT4yxY7D+Qn+LtD0fVJvN8kFzbWS6SyrZhqJpsklup5eop3VRl/HWzg+Sn/ANCv2/8A1PF59nj/ALyDr/yO6YOPyY/B/9XrV3qc1latIwR5gDRiQOgr0zEJbnjXnf8AMyXzbY2/5ZeeZZbXyjrUsdxBBFIkF2TZS8qRyHkCi19ThRlLKq7YDx7UoMDzeVeaPKX5ZnTdEg/KnVPMHmLUeUx1a+u9HvPq8kbkej6KwQlUNd3PIjLBxXvVNZIQ2nSa5+VWs6PqXmGH6nb6pbmb6s0iSyGxkYKxmgVi0LjrwkVJKYzjxCmcTT0b8ztdM/lbyxpflm9KeWtSuGt5bWJOLMbVBMsiS1+zR6caUrR/8nKMY9W/NnLdn/5daRp0N7Y+VdYsTZ+a0sw2j+Z7WWS2vrixK/EjSIeLOnL0542VlkjKuPh+zcZ9WHC9Wh0qTydbwav5MtoL8280X6WsryiTTWxaksbyceLR8gskTOOcMinjVGK4RIFgQQreXtcvv0zqNxp5kk8q3wuW1Dy/qsnOGG4O1xasxDBRIr+pAf7qRaj9k5KOwosUIfLlxotgsMBaXTLZlit0uP8Ae20icExW1xX7XADhFN0mjVf21atGSNG2mUerFxqEl1rlrpsdlJLHFIbmW5HFU9OLZWHUsPUajCldsrjIFeGk2vNW01x9QhkE905AWC1BnetaVKx1pQ9eRGWcJYgIa58i+dtSukAs0t7eCVJYJ5ytwRwJqUiBCjr0dvoys8MfM+TkQxyPk+fPNOnXOnecfMlheuZLq21G5jmlZVQswKmpVfhFa9Bl+M3EMyKNJHceXda1/Q5Bo0Hrtb6je+qOQWnL0+PX5Zj6jJGBjblaeBkDTK4Py41ie707U76BYZLeS3JKvUmjA0IA3oc1mPVCOwdjk09i/JnP5K6lFYav5kW5j9S1vLq2tpVBoVUQ3MrOP9VUy3XVUfj+hj2eDUvg+WLj8y/zJ1W6YDXJ4rZJHFuirFEgjDnieKIB0pXMm4gcnGESznyjZeefOGoWtpP5sWe7uJVRNOSOJpHZzs3pxgVWP7ZJ2ouY0soHKLkRxk9X1Z+WX5MPoTvqnmq7i1zXZEigimSzit4IIYWLqUSj/vOTEmTkG7YYDi8vimZA972eHy7aJHsZCeu7nvmWA4pKU695B07X7GaxuZ7qCCQq/qwSBJAUPIUYhvp2xN9F26vJ/OfkG48u6eLLy3FqOsJM5lumlKzvHIBxVUoF2I3PXfLseURBEiwnj4jcQ8U1HQfNpkZR5d1LlU9LWT+mCWbGerIYp9yaeXdI8xaLBe3+r6Jd2aSRiKze7QwRyS15FQx/aoK5q9fkjKIA3Fu00EDGRJ7mUWfljUPOV2sGjwRhY1Hr3d1Mlvawsw2V5G6s1PhVQWzX6fDKZPCHN1OWMALL1vybpms+XtO8oXesab6s2iWmr6RNYR3EEL28U9zHIt0XlcI8Yiio3AlvjVqdc3eEcMAJDlbos0uKZMerCvzR/wAD+cfN2iHWYtR/ReqWN95bvRZENK55Lf2vpPbyHkS6Sqgrt9rrlhyADaVMRCXWNrNB/JPybHrVj5q8s6vdWmp2mqafeas2uJO0l5Hp6SJz3BPrFZAGkG0lPj+KpLjEpkSsHh/SuQiMTCq4q+xiPnd7KL84vK1leXghS18s36mV3JJK3rEbnc1zKyfSHWy2eR/mDrunan5zuJ7SUSpDpqwqVPMiscw38K7ZVE2Y/FNVE/Bhv5Parp2h+af05q8cc+m6ZZ3F3cW8rBY5fRi5LGS387hVHff4d8uyR4hw96YGpWoeY/zB86/mbb20XmPUbiPy89zcDSNLhlkFoSCGFoYo3qfQBHX1Hf8An7ZlR2FDkwJ3thkF1oEDMv6SJuGEqvbW9micZmegaNXJYEDc8j9GBNMi0PUrGaFtJlvrksSPrPqzW1tOAqkQlFkajRigMy1q3tiEEJ5NaW2ptK1tqBv7lLeS5Gm3E6rFJcA0PCOST0iYl/egSEnl9lB8OKEp0X8tvMnm/wA0WnkXQ9V0yHWfMTi3ZLxzauPTU3DHnGpDA0rRBWTovTIk0tvub/nEv8jNV/I/SPM7+Y7ixvNe1y7t0E2nvJKiWdpGxVCZVVgS8jkj5ZDqlmvmHUGF3dM54vyNVrVvpyqTdF5F5z8xWujX/l2DUYLnU/0sZ7pNC0/k91dAxvFbq6oyH0mIZ3UsoZMI2iSp3Lyr8/b7WNZ8h2GpaskenajpSQSajpKkLAJZEKyKhHwP6exAX7K7ZVilvXe2kbJz+VnnC3/KTya8Wo6XLL+YPm3T7W5vr0FYhY6TMOdpbop+L1JUb1pacR8cfXgMuqxfewHQomX8+tI0K3l0/wDR7PJPKJmc8yfhXjx+HoB1yMcVMpStLZv+cjmVa6fpMUYG4WQy0P3ZLgY2g3/5yX1/tpdmfAcrj+uHgRaFf/nJTzWZVZLK2jAYGiGUdD9+PAm0EPzW1fRtI0GxgiQR3GlW987DlXnePLK/T3OW8NuBVi/f96D/AOV0634DrT9rrjwrwv8A/9ZL/Hvm+grqjinT91Dt96ZQVth35w+cvO2j+WtC1bSNbn0+ecVnmto4I5JBKzKKOIqrQr+yRiF6vCG8+edtVYpqfmfVrpHHHhJf3HCp6fArhevtk2SBupV9JnIpLKeTnq7N4nuTgVNPK3m+e2/RGg616zaZYagtzp5LAIPXpE8UgfbhT4l3XwO2JAu2QL7U8o+ZtCm1K4uNQvkddMheaxurlOHBUUrIgalA6rsKH4xsMxCDTdapF/zkF5WHmm0tZRDNpGpKi+W/NduzJG0cgAuLW8SShUpJVeRBHxD55dwHh82uxaZal5ujsgLuC8hGn3Teld3Nsw9N4kkJjZkFaPHuklNganAJ7II3YDH+fGmafJqukaxqhFjDME0+4j4OzW7OVCiv7xgQqyFDXfdeOWipDdrMWZaPoVhqzW+q6nqcWpWmoDnAvrS2IEAYsoksGSOVAvXkxkD1yieLKPopMDiH1Xb1nQvLix2sNxY2llDpzShRIqmPmybnioUbj9eUflcpPqP2uQM+MD0hl0l9aWjQ+pJErXEqxRiQEHkxoNmpUV22zLGEuMcgfOPnH8mdS1jzD5g87X/mXS9E0HVry71CK5vlm9OOBXWM+pKKIHDLvHXkB/suMhAgKDaC8i+Qry10y/OjanHqmmS3k13Lqslu+m2giYgAq14wJXwcheX7AZd8wNZhnMxoW52lzRgDaJ1fzDo+nRtbR36ajNCV5NYrW3Tidi1xKFWlR+yv05jw0IG8j8v1uRLVyO0R8/1K35WfltffWrvXL2SMabPOtxp9vFcxyu4a3eF/XK1A/vCVCmp/ax1AGQgR5Bs05OIG+Ze12nkvy5Gi00KyDDYURcnHCDzDCWU9CntloemWJ52emW8L0oXjVFah7VG+WDCByDWcpPVMVS66Q268B7/25ZTCwrJ9ab4WtjX2NTiuyLjiu+SsIen+62U7ZIAtZIVX05pDyMCtXd6Ax/gN8l4ZY+I5tIhqD6LGvZagAfTh8JfFeefmV5bj816dHoSQzpapKLhp46wyCRAVAUmu1CeXjmFngJinN08zA28luI/LP5cal5e8h+ZDqZn8xy3WpabcWKJPcSSx+nbG3YVX4SPiU/a5Zh/vcVCEeIG+L+d/RroXYwEc8ZSJAMa+qxGvhvxeXJN9H8o+T/zN0WDzq8z22gaNdXNld3V4PRliFhP+8adTJxABBDLUrTL4HIcYll9FXxUbiA4OoOPDIgUdgfs6PW9Xh8qz6Ul3pq6RHcymO60e/khje05dijKpB5KW4sm++bQeCYCQEaPXoXVRnO9iWB6frFzrlvf3Vve6X5kt4pRAlhoc4tXt5Fpz/fyxBVqBuAhZuzDfIY+GQ9Gw8mcc3W7PmmehaXoEupve+Y/L9y0KWz28K30tjqnwu4YojLGJUA3P2+Jrvl8Yb9a86YZJiQqgk/5gflJ+VXn/AEWbSP0e3l255B7TV9KtY7W9jZtmD+mOMsZGzJJ813GXcPds4+wfFP5y/l7p/wCX7n9DWsNpCbs6RPAb8aiGmghMvrosqI8TNxB4P9ht8x8MpcZiRy6uVkjHhEo9ejwa+v7lVAj/AHcjSFQkRZfikADcTWoJ6nMm2l9UflP5z8oaRpNrY6PpNpDcwxD62slukd+jAAM0hcFm5H9sHj74BSmNvTp77y75vtfq2q6dYajZ1D/Vrq2hkpToQCtRv4HEhjTHbv8AJr8stRnn1CO3v9K1C4ZHlvtOuwsqGP7LReukoRh0DD4qfD0wWinpn5Sfkz+VnlvX7XzR5f1nWbnX7K1ezFjqLWnpqjDaSNUgBVlJLB4nHxE8tjTInfmr1TWoPMmmtZan5WdtR+oyNLeaFdyBWvYnADCCc0EcwA+ASD05PskoaNirx/zP540C98u6xrN1q0mlpYyGLULW4rZ3djK7EehPBIRIH7b15/7rLDKpA23xOzxz87tZ1uy84aH5ositpLp1z9SsImUxSUtiiqzK2/xrUfT8OWEWKRbLNL/LzQ/zM/MDQdM8zSpewyQudU0pWeSCKCMm7mmAZqRPwpCWoS3qLvmOL5BsJ2U/+cgpY9T8zWfmu3gW0t9Vskjjs0oRCtixgUBgAD8IHTpl8TYTVbPnPXpA90GBqdqnJhhJACVgo75Ji2ZT1J3HfFVhuD3HfFWQarLWy8uHcn9AadT6BJkw4Y5fP70o5J/N3rhTb//Xj/1C7cGkfAeLnjlLG0F+b2jm78i2ikktYaTHcBEFSZIpi4Py3NcJTe75cj+CWg3Fd8LJO4Zi6AboP25UCs5HyalD7jGkoiSx0m/T0proQBhxZ7kOh38TxOBXp2ia/bp5I1LyZrPmHRrmwvIljs9QZZWurbopqqMgdgi0Rqj4vibIEG7Z3Ype+m/lVr5dPNXne+MLmP8AdabawoV9OOOM8QquAWEYLnq2SFhiWZaRo3/OMBjs9A/xR5xuBT6tBZSSvZ20hmk5CMukQAMjnv18clw2xuT2PQPyS/5x/wDJlwdUmttP8v6hE684PMWpObmJzQD1FnkBIBIrx6dxkgGO7J4/zO/5x70Ykaj5z0SZ7OTmsGnxtqTyMxIPxW6PJLuPs/sfdkrY+GFWb89dP1zVrCTyPba/q1kin1NLl0WSztZbWM/vDFfzNbxp8PxJ6nL/AGOC2fCGLat+ZXn69tX0r9G6X5L8sFmkSXVUTW9akjMho5hRltopFHg0rV3rywjdGwYR5q80eXZ53utQ1G+80a1HHLCt/rEgnQFvsTW9uixwRP8A5Sx8/wDKrgNJSfT/AD7qN55S1bRLzT5dXg+vQaxDHD8d4JVQWr8ebKrDgQeJO7DwynITIUGyFA7orS/N8GnmOeP8qr3WL2LeOfzJqcEVshPdLa3i9NR8+R/ysxDphL6pE/c5I1FfSKZrZ/mz+dN/EV0HyF5as4I6LU3NxcKlelQnAZIYMcV8aZRZ81f85NX0phjuvK+kuF5si6aZWVfnLKQcyRijWwcc5Slh1P8APfUlP1n8zJLJQ3AjSdMtYACfAlDkBKPQIMyea9fJ35sysz3f5ueY2aRaq6zpGhHsqIMnxV0YCag/kjz8jBLz81/NCkkDnHdnifuFclxMrPei/wDlWHm+7KsPzT82tGdmlfUGWp/yQP45ITYcRXt+TXmIIHl/NnzSzk7w/pGYOR99MmL72BmXad+UNzcanBBP+ZPm8xeoPVjXVbh5CF+MigIG4HTGz3p43yv5b/M7UbnzdFJ59/MjzcPI5nuTe22kSXS34iIk9FYXlJQUfhyr+xyyPF5t276s/LX8v/yv892GmeePLs3nDzYtvLKdMvfM18Xu7X0ZaN6cVvTjGZEO7/aYeGUzxRmRxG67tm6GpyYgRGt+fVMPPPlTUfKmgN5V8j+WtSutP1aW61PVbJ5riRR600bXE0gP+6gzAlaN7DMXWYOPH4YJotUpzym5Ujrf8kPzh1bQ7jSNZ1Gzk02TkLAWuoHjDbutAtqwtP3QYfy1r1zDwdneHEDcgd59Pw7lFDqU+8hfkz+YHlq2uNCuTYab5digt49NGnahPcXIlt3ZiZGmt1HFg3FgqjkOuZWDTeFOUhfq578X9i+kck5/5Vz+aD3s8l/qenNo7guI7BZYb5FXfijkMC21BtRhmYCa5NsvCPLZXl/LXzEbdVe61GNC3qBxfoJN1A4k+kaDvxp9rLg4Z2eQfnj/AM4vR+f7KPU7K8ls/PEVusVtqt3IJbO7EAISG9aKNCkgB4rcULAcefJMSUgvz98weXtd8jecDoPnbTZtJ1PT51a7s7hdwNiHUiodGpVXQsrruuPMMwXt9lZ6TrmmW8jASqAHtLy3fhNGSNjHKu4+X2fFcAOzZSIj1nzD5cYPectS01NxqFqtLqMf8XQr9oU6vH/wGKGbeXvzEtbi3ha4l+s20n2LiNqrQeNOpHgdxjzY09J0nV7S8Edxpc/75SDG4cqVp3HfBSCHp+leYvNDWwS701tTQjaaEMkhHv2OBjST+ePKPlH8xraFPOnk3Umvrco1nrVvChv7cxNyXjIBV1BH93IGXwpil4Z+af5fecrvU3vvLNrHcWnrvct9ZCQXiCN+cQhjuKM7N1kDyElum2LO1f8AKfXtTWy84XN6k8XmCOGzsZ21C1FukSzyO0ioyOCWk9Na+3jlEhRbYc1D80ryWfQ/KksxCubW4V0Q8kBW5kFfpyyH0si8F1sgz9PDplga5JWWNAPxyTWtefgN/pxSnfkzybr/AOYF7daf5b+rG5skjmnF3OLdeMr+mvElWqa4OSLZs35Yec9X0rQbvTIbV4IdJtrGVpLpYz9ZtJJopQAR9mo+E98spw+IDb8c0B/yp78w/wDlmsutP97I/wDmnDujji//0De/0j6tdTWof1ljbikwBAdTurAHxBypqQPnnQbyXQJoZ0aFJNKmhSQbmqRMWG3f2wlJNPihBxAkbYsNsIbUQlwR3xVXS8ZDsxxpKJj1NwwJIr06DBSopL+5k2EjUP8AKafqxpUzs+U0ZBJqvfuCT1ySGW6X5mW1lJ8w6BpPmuEgI/6ZtvUuwo/31exFJ0b/ACiz4LvmzZvD+aWm2PpSeV7K80NowP8AQriaHULZdqFUkMUclO68viU4bYEKF1+bnnO4huLNNUkS0vD/AKXDCFiim3BBeNQF5AioYANjxLTHX1bUroUklYrvtU0HLc7dq5HiTS+K3nlNXJavjkLZU9w/5xu8vw6p56eDUbBdQ01LC4kuYJBVQRxEbH/ZbD54iip5PqEfl55MJLz+W7JgfijT0mJr4bsa0x4I9zGyjrDyd5Ptua2+j2luslC8YjZa8elQT2x8OJ5pEyORTRPL/laD4v0dbISOJPE7j5k9MsoMDusby75UZG/3E27L3UL3+g5Hgj3JUI/LnldJ2ZdHtQy7t8JLeA6mgpjwR7lRaaD5YV24aZaCXrJ+7BPxePzw8Me5W30Py+v/AErbUild4/DHhCqMui6A5PLTLdie3Dr7dcOyGNedtA0W38m65Pa6db20sdo5iliUo6MzKtVZTUGh6jAkDdZN+TP5SRsyr5L0nirEf3FO/wDrDGgmym2jWvlbyBZS/ovTotM0W3k9CO2s4yODXNJWotehfkx98nEMSVt959tJZnfTpWAKRmAyxMVSVWbkWWoJVlamxrtlgix4gwC60bSL+8kvJ7lo3Z2ZFinv4Y1DHlRUjkooB6DtgMR+CnjXvZW6UWG+PpgU3uNQDV+dTg4I+fzT4jooYR/f3k4AIp6N5e8qd93oMfDj3lfEZPDrfl+OzS3e+1RZI1ChRI7x1X5sT+ODw/MoMwsi8x6PFIGM97IgNeEjM6n5qTQ4PD82PGwD83vy+/Kv859CGj+Z7e4hvrZWGj65bwgXtg7b/ASf3kJP24H+E/aTg/xZLhK8Qfnbf6V5q/J3zXq+gQ3ceq2WnXklncBElFrcekftrUVjYg/NejVwSj3tgk9A0LzVpfmGES2cvGYCk1q+0sZ9x3H+UMrbULf6MrTPf6XMbG8kJMhReUMpH+/Y9g3+sKN74btCG07zXqWi3sa6ry081AjuVctZyN2HP9mv8r/8Fir7F/K//nJDyqumJY+Y6WN9AEi9dgT6pIoCAK0UeNcimnt0HnXR9S0r9NWF9C1gVLLOHFCB13r2wop8/wDmf/nLjytpl9NZWVx+lYonKM8cZkiamxAahB8MaZUGCax/zkp+XHmVAms+U2lk6iaBBE/sTxK1p79O2AhIYh591LQr/wAoeUNQ8tR3EGjTpqXoxXjepcKyXjcgzVJ4gn4fbEJDxjV3Bk5DrhDGSWeoP2T2OSYIeRuQp49sVelfl95y0z8r/L1j5uk0yW8uta1K70q+nt5AJVtrARTRhYpf3bbs3dG/ysFMasvXfI3nbQZtA0TTnukXULq0N/FZ80S5MN3cTyJ+5dhXb+R3wkFwzvfvLMfrumeL9f8AlnufteH931w2WHC//9Ga6Rf6RqMiSwXcV2LZvREkZ5BmXooNByKHb4a5WEV1Rfma5S70G4jSOV1YPwniHxRScSAaUY0bp9kjBKQpSLfKVr/zj5rt/K017rEGl6UhIjnuozCWSta87loEr8gciJhsESj7j8hNAiuYbfRPMM3mV2FJf0WouQkg7M0SKg3/AMo4eKR6LXmrL/zjH5ruHZ3WLSrICvr6rcx2hCgVJK1c7YeIrTA/P/kbyd5F0tJbH8xdO8zeZ2uEgk0HS4ZnWGEhvUkkuWCpVCAOIG9cIJQQxHTroVHIBlP7Lf2ZJDIbWJZj6ts/ogGhoTyr99CMBSnUAUL+9fkfHpgZIhHgXqcCq63lnHuSNsCW5PNGkWC8p5UQDf42ArirLfKsfnHzd6Z8peW5buCX+7v7sG2tCCacgXHNx/qKcgQm32d+RP5Ya1+XVje6t5svEl8yasixyW9orJZW9tH8aoyHrKCTV69+OTjsxkbeqyXiOprIUWtASGU1+nCxpfGQAtaE9FNeviBXChQuEinIBJIJoFrQe+K00bSGgMalQBQcTtTwAxVCGLnMRDGVeNaktUqVU1qCDvU9sVVIZ3m4rLHIrtuOSiqjoCaeOKogm5LEFwhqAeO6mntiqsvMLV+LnxHw1xVjH5gzp/gnXkMLoPqqgFR/NNGOxwHkkMlubiMXMqcmHxtTktRWvjhKEmvPq93cNY3LN9VlkZ5FTYs0cSFOoboScIQxnzj9S0OxtriwIDzR3TEScW3hEXGmw/n3xMikRDKYdH04tcBkakVzNEDSP7MbUH7ONopWOg6aa/u2od1qsdKfPhja0ENc+XtI4LcJy3IV6FaU7UHGgw8SCFE+XNH+scAJWHpep9pKV50/l32x4kcKH/wvpNzfSQRSSrEFkZDVaqU9MCuwB+0ceIsSAx7WfKs1vz+r3DpQEh6eoCPEUpX5ZLiTQLxT8xvystvMl/8ApG6MS6hLbxxXc1vH6KXDxVo8ip1biVUv9o0+LGrZA0+ePNX5JXuk6h9f0mdrG8U/A0cbVD9gQPh4n2yJiWQkkUesahpV0ul+aoBZ3bfDFdr/ALyze4bore2RpsErTFvRmheORVkikBDRsAVIPiDscbSlEmj3WmoW0WRTbnf9GTk+mP8AjFJuU/1TVPlh2KEu1LzhqEOntYJeXNhxHCbTpHaIgE17GjLXoy4RsklhLa2EACSqFHYFaZJhan/iGRTyEooDsNsCbeoaT5pXXvIug6axpdaNLfxyfyulxP6yMPlUqciWUTsx7VSS+4FepPTEKUpJ3+nCxU5D36YqyDUxz/Kzy/Xt5h1QEfO2hOFA5n4JX5hiWey8tNIAwTQbBVBFejz775YOTixP3n70u+u6n/1cr3+79H/eqf8Auv8Aff2/sf5PTGlf/9IGtxb+ZvLkpqCbeVnt/TQJQQ9VUSDqVJ3+HKoigp70gS01S09C6ttWezj2Lz1vIx6PUcRbtMDX+Vl/2WAyrm2cKb2KavqeqaT5hnvDd6ZpL/6VpmpMJIdRcu5j5W8ivJwCMobjGvJlyN9aZUOr1KLX/NNxp31xLZdN0WIU9aNINJtBTag9UlmHY8Y8rlIjmWUR3BgGv/mNKI5bXQlh1O9KkGSNGntlrUNWW4Hh/JHgETJsNDm+ffzZsRrVimreadds9OvbRJW0+0gs1rcMEAEIaFQxPwoqtJxRFqcyYQIcecgeTyHTNQiIMUziOQCq8zxVvYnsfA5NgyW11lYwBLRH6eoR1A9xscjSUXHrhupFttOjnv7lzxSK1ieVifAcQcCWV6N+XP5qeYLgww6KdMUKH9XU39EBG6MQKkDBaXqPlr/nGK71hw3mDzTIwVQ0tlYRG3Tfv6zBm4/Icjjuh7j+Xn/OMXl3SYYrrS7KKW7Z+a3c1ut0FpsBJJO3Iin2xgV9H+XPKGneX4xLAsD39AGuPTIKkbEIP2V/lw0hNJ47lyf3gYtvvzUD5FT+vFKi8V3uv7vp1HLf2BNfvxQ0yy8aCBZKChAbjQeANO2KqUkFB6UULcSCCCxKCvYiu+Koes8aiKNm49GSQBgAfvNMKFsLyF2MYbi4o8Q+BNqUo24G2KoqWcSUaPijRdVryNOwqOmKtC6t1ark8m3NBXf6MVc99EJFXkePE0biaDf5dcVYl+Y92s3kfXIYXdbmWGGGI03VpLmJRIFIoSvUdj3wFITeTQPMgnkJ8y6iQHapexsSGFetRANvlh4j5fJbCkmmaobsIdYuWkBf98bW15EhUrt6dNwQOn7Pucb9yLCH8y+XXk0+S91GeW++pwv6EcsMEKL60sCybxIp+yNsibZgi0+NnCs11HJNcK/rytRJnU8S1QdjkmNqbabbXAB+tXysv2Qt1MimviAd8d1tSbSbWXlA01y3JSvxXEh3PStWqcd1tRsNPSzWVradkloqOGdpOAU1pRiaAnr44KQr6SXl1aeKaTcJKeIUAV5x1Br06Y9WJTa5sIJYygVkUV25AUPtTJMAwi70/hcXoIA9OXgBswNEU/xxZhi2r6Ha3sD/ALoK4BHE7LuKbeNfwy0FFPEPPf5bR3dtPbXtok1qwrIJAPs+NPb+YfEMJFqC+eNf8s655GkaS3SW+0FTyeBqtcW6naqN+2v4jKjGm2MmrLVbXUIFuLaQSRnY+IPgRkWazVobC4sD9ft47lIwSqyKDQ07HqMIK08+ax0dia2qqe9KUGTpgpNp+j70t/l0640lN9CaK2RktBwhDn4fc0rkDzZBE6g/LjXpXbEKUtbxp9GFgpSkkbUB+eKWR3Z5/lZpBPVPMl6P+Csoz/DCxHM/BAawF+o+W2IJJ0KzH3TXAywcnGHX3lJqJ/DCtv8A/9PmVj5ivm02TSRbW95bXLnlbWcPBWNa7S960+IKjZWyp1x5u1xQ8VhK6TQxs/6Fu7h9PujFGtSbWUAwzKANhRX/AMnI82bHIvzlnhnhkS9vbO2ei3DvcQ3dwq9xGiIOXtyONbrYZLpPmjU/OOraYs+j6rqegLMv1u9vywiitzUvxH7uIN3+EOckBAG63RxHvZh+ZS+Tzo1hZ6Zr9p5blhmMsyQRvd3dzHIgVYRGrirV+LdTvhJLCmIyflDoPmbSkj1CbVnR5o5Y7i+kSCYKh+MJaogRSynjVyxWvSuV8XczET1ZBY/kjoDRfU7HS4ba3iKqCgeaRqmlZGJqdvtV+7BxFlwhldt/zjhoCxRyW9lbvcADnDKlEJ+z8K0IG3VjU9lpjupAem+WvyKl0qUwaNoESQMlU1M8ofipuHU8a9dqD/WyQY29U0X8qYIW4atIksK0lMSFvicdOZOzKMluxZVBovlzRlMFtZo0uzCMLyIbqCB4+5wKmrzWwjR5oDG5PwLHxJFPlSnywq5Lu0qyB5IAACV6Ka96+PtitOb1RIrSTilPh4LsxO6iu52HXFV7oU+L4Vr0HGlPprgVSYTNH+9RQK/HWo+EdMVXjiqcmXkFFQqmop7Yqpv6UoKMhIWhdUB+gGnhihpGVyz26cuHwp0UDxphVTmicHnIFWoNTWpJ+kDpgVyw/DwrxPeigV+Ve2KVKSElmKkLGh4luh2p4YUJPrWl2Wt27aJfgS2F4vpXVsSQJImIdgTUN0Qbg1GBKH/wX5eHwRWTR03qLq7II8K+tXfJcUu8p4i6Ly7pUHpwxW7LDWYCOSW4dgYWAHx+sCRViev9jZW27/y1ZXKRxywoyI3qULXJViro429ehAIGzAjASvEnKnU6zsbiJpBNIvM24Y0B7kvjaENTzBU/6Za+n+yq2fxfjLjfkFUo018MZf0naoteIZbMcwfD4pMNnuCFDULHWVmbhq5RZgHqLOIK1NjXfBZ8lQOnRXmnXjzX96196o4RsIhDSRmDUJBI340WtMAKCGSW+q2LUm+LpVy4249KEDocLWgYbW01CPUJYm+EXbmPnux+BNt9xvhW90qk022unaN/gnqfTJNCX8AegONs2M6rpsM8bWswPw9OaUFRtSpNcmJLTyfzf5HMql4o+agFogtdgOoY+PdaZPmxfOPnD8tJLS7fUtBkWz1Dq4pSC4qf20HQ/wCUuVmLZGTBJ9Sla3m0zU4WsdWhUs1tL0cD9qNujDIBsBYlcyqoBU7semWMUG1zTqaYEpvoU3qwFlNQJGBp9GRKQmd49Qop8jiFKBZ6Dw69/DJMUPI+x7gYFZLKS/5VWn/Ffmaav+zsF/phYjmfggdXFdL8rmvXRIB/wNzcjLBycYdfeUm4L49vxxS//9TimmzXqabJPpcvpXsTcoZKkMr8tqFdwT0GVM3SefdVm9e08z2MGrw254XUd1Es0iFdjV0Abb+ahxtJiFb/ABJomnwpf+WtB0fTQUrNqd4RJwcdQiEClB40wbIMSn+heUvPP5jz2f6U1W4t9HvKtbyTUsIJohuzQQCjuoA+2eKf5WG0U9t8ufk7onlazNzoD25v6AJqU3BpCvQ1mAb6Av35G2dFlul/lf5v1a2lVdOhWO6Zq3TkR8oqgIxVui9WVftdMUPXdG/Lew06FP0ky3DQqtYrVEiiQjb7bEuSe5w0tspsbex0tAtnaRxsR8B9SrUA2+JqkbffhQi5p5ZhRSFIHIvUuFHYVFNz4YUIa5SeZAsTiSCn74s4jcAb7GnQ98VQENlKK3FY4Uk+J3V2CkdPgBNOnjgVGpCJ1KvM7x0+FTSg8CNsUqnp3Qcp6yxgUWWVgPiJ6Ba7cv1YUIWYuECs3fkgVlVQBsCCprT54oU4ry7Ef1Zo5GkALKSFf7J6KSdxQ1qcBSiU+sSLRnZg5HAha0p32JpXFVNLyf6wYGeNGQ8eLJxDE9Kb9sVbS7libg6I8Dk7xV3U9a1616nwxRaKaVSv7qL43BA7D4em47YpQ90YY4jIyUjp+8KsSdu9N+mFC+NBIaq8jJtxZm+z9PfAlRVytQQytIxYVPj44VDEtXv9Sh1eYW8oWKJuJBSoAIG+5FD2yNppDzeZNQt4zyuACdq0Fd+lN9seIrSnDr2qDTYbi1uVeT1Zo+RUNQScX3oaVriZbKBujtH1e5vZSmoTNyjHGMqN/jZevtkRK0kMpW809PXVrtQGuJCu/ZqZawWyXFqoPp3MZYDYFqfj0x2Tu1FeacP3gd2JqpZYywBX3A2GKEBqV/bS2ga3uEmvIGqsZYLVD1FOuAppI7i/S7j/AH0fB/2QxqK+9DkbWk30rUFkIWWNZiaF1JUEHoJAR0qft/5W/wC1htrITDTmgZr8G4MchvJCGao/ZUDp1yTFAavpwWQXaFeH+7XQEUI7gH3xSClFzGNTjkZLctdxbz8WADrTZlHc+OLJil/YhVoWbv8AFyK1r0pkwrzPzjoEEarKeLmdyrKwaoJFTQKp3+eTYvFfOP5eQ6nHJDeW4PDe2lUem8bN/Kw6H2yBiyBeEa15c1Xy5KRexmWxLUS8C0FfBx+yfwystoKFhtoJv7xQyntTY/PFKbwQQRQqsKLGFJ+ECgPviUhD3zbdckEFLy+xFO9cLBQkOx2xSyXlX8qpR/vrzNH/AMPYH+mLEcz8ENq7f7hvKhO9dHA/4G9uRlg5OOOvvKR8z4e2BL//1eGtaSw2wjgmaGlGkkWo+Kteo8MottATr8v/APnH/wA7/mRdteeVF9LTi5F75gvSy2EdTRv3h+KVt/sRBj/Nxwe5lyfS/kj/AJxf8r+TGWSaEeafNMdCNc1SJVsYHboba0qwqp+yW9R/5qYm2N29QsfyveaWe58y6m0hdUhb6uqw+oqf78aTk7L4AcV/yckxZxpXljyd5Yt4m0+wjjKD91M6+rIT3py618QuHZU9N/zCBVQrJug51r4/LG1pSumsSqyXjR+qpJgJJQc/AU69uuKsda6nglaVJTGxY8lC7Ke4UPU7YsbaS8vZwiPWaO1XkFK/EW7Fv5q4ptOowGCy3kqK7qpeDi3M9wGbwHhilRuQLhf9HBhcgkq8YKu1diA5BNadhihs3tyrvEZbcJGo9WeOpMRbZVA6cj4dsUqTyyOq+vFE3oisbKxooPWtep9++FjagXaORGtzVqbMgDFgwO1O9fwxVbEwR3Evxhq0V1KLxA3K8vDow74FRX1i4a1tpW4V5emkUbfC6n7Pwqe+KUSjgGRLniiJQo5IDCVh0ruDxHc4qshETRoqxq0cbUStfi6ksd+p8DiqpHCkTIWCSRPXkY6gg1+HapphQqNBapOsoLBdz6dDxqRQnbvirYXirmKpQLUK1egHQdMUoZHEvwJtEAPt04MvTY9cVYdqPl/U7i+uGjtk4NMzCQiRjxH2Ts29fngtaUD5f1Jo/WlszzRT6rqpRFUd1B2I8cbWkEtp9XjW1kVY0lkMvIA9ClN1WtT88HNaTfTPLyLRfrJjtbkHkwilLlHFNvhod+m+Ck2lU9tawetCJ+TRt6ZPpyjiVNBuy+2S+SEvvGtar6MpMzL8XL1FUgeNAQcAHuW1C1u1cFnuAy7qxVXryB77CtPxx5d3zSp3M9iZBJJ6atyCmVRIjVHQEgU6Y7+SPmtWaxjb1mvqxMQFr6lVrv4GpHbbDR8vmhNoryK14XUV56fpfGh4u6GuxVlCV4kbMMI+DEhkmkXqXf1h9OuVSNpiz28zFx8QU0od6/5eEtVFkMIuZI2hSXlHSgPJXDDsPHAytjl3bz2d2SkrFzX02iKniB+yaAfRXFkClt/YC8C3CSSwIarLAtBRmPc0IoThCWF63pKWckV63OeOI1mb4jIIx+1yFAOOSBQwbzJbQcJbqyjF3bsQJAhDSR+JIqo2BqGUmuTtFPPtX0bT7uIpPYS3iSpxk4oVD16/CwG/jUYCAUgvG/Nn5aXlm5v/ACnY3UtklfrFg45yRt4xkdVI/Z7ZEimwSYRFOQGSQFGQlXVgQysDuCDuDkWay6kBjJrUbb4QgoAsKmop4ZJioTOApocCWR28lfyq1Pv6fmSyJ/2dnIP4YsRzKF1ZuWg+Uv8AJ0uUE/K/uMlHk0d/vKScx4n+3Cr/AP/W615C/wCcW/LOjxQal+YUqeYdVQ+qNJiZk0tGPQSUAecqfHjH/kHKKbbe7n9xDb2VpbxwWcK0jt4gsccca7BUjUABfkBhtFKdbjefktsUqqXDD1GAO3whjSpxQiY/q0SeqH5S04NPKQWNfE0AxWlv6QVJljjjeSWT4TIqjitB49N/AYpanuHUGQcYaE8mILyEDpxC7Cv+VtihAX2p2aQl4w00k1AHJZmAU7hag7+4HHFV0VnOyCedVa4YcYbeflJKUO4bio6/622Ko+HTI4axcx6gpSIVbg53J2oAf9XCqNngQBIZJeIkP7tZjzZiPDbbfFCHntYBJzmkRZI1LAjdRUcakE/8CMUqTQ2zRILTiUjB9MipQGvxFg1KsfHFBQax/WpWWK44mMFmrxK7DfYnscUUpCCMGO7eejqCVlRaUDbdxthQiI7F3iLJyBrUFqACm9eJ6/xxTSyeCRJIXiNXq3pDZE58d6KOhA6e+BO6i1/dekEitVEJIDGRQWFTQluQFDXFURC986PKXWNmWpglj5BAelSDUVxVHNLJb0eN4lZgOdI/Eda1GKqP1j04gHflVq0CEMAf8mtKDChyn1ULcgyniUVQyHiTvWpOKoSSd3/Z+yzCjkMwAPSg/XhVpNQvlJE8PogkCNkNQiHueuC0q+oysunXTmV0HpgFz0JYgAHbauKGBXz3KD14ywli3MDjZ6+IG+4wUKTZRdj5u1WOCKC5hUGMBISooApO32huR3ONppj2ta1cXN5JM1zGInqzMqhVb5cNga9sbWlAXRmBBnRYlAC12LV2B3p36ZBO6yUSSBvSmUcKh3G5qB3Fe2BKBlklmQRPKruV+2tSCPvFDjaadJbWtzC0F1GWWQHkylkb2PJaEHBxI4V9lbxWcaRwzRrFUemvIkLTbc8qn55IHvYmJT3S71be4MaBBFNSNiQa8q/C1e1Kn6MlbUYs4t3iEgdComKheY2ei7UJ74bYAIq5kW6i9KWnqp/dt326daY2yY/MXtXZTQo20gAABB8cbZ0kd6okQQtdI8JPItKpA4d1fjsCB374bWmMaxocwdbvT4BFCqkyTSgOrFfsoYxvv2fJ2xpj809nrEUtnc8bS9Y8fSfk6s+zDg1APxrkrV5/quja/pWoSG1aW4tGFTC1WLcT8Xpse468cCWA+efyuj8y89X0tTaeY33mhccY7pabcWFFEg8Hpy+zyrjsUiTwPWbS+0WeSz1SB7aeJijCRSm47fFSh9jgApndpYZo2BYMDvsAQcKoaaUcTvSmKshs5a/lVr+/2Nf0x/vt5h/DEMRzPudqLA+VPKEvXlaX0df+Md/J/wA1Yx6tJY/yHjkl3f/X9Np+bHkF/jk816VDCdlIuVdif8np08cxrcnwyqRfmx+VVum3mzS0UH4j9YUliNvGpxsI8OShd/nV+U1u3webNKlEpChUmBcPWlSAOm/zySOAoC7/ADn/ACpsYnlm856feTcwIojc8o2dzsqKKmg8TgBTwFQb8/fyjaeazPm3T5bmChlYSMtuOTD4dhvuabHG14CrP+ef5N2kQhufOenyySk05T8Q/fsAKL/wOINoMCFDS/zj/KG+l9WfzlpfqoY+EcLcCqA15dhuOvhkkCLIh+dn5R2jlm84aYUNXd0c1p1AJ33wWngLpP8AnIH8m04Rx+ctNSWbaGrNwrSpqwBAoN98No4ChG/5yB/KCCD1ZvO2mNezitC7GJFTZmHw1Apv4ntipiUOn58/kzfSMX88adJboBxdSwWRm25OStdvAdMTsjgJTCL89PyPiBA856e8jfu2ozUqOopT2w2F8MqD/nX+R9yr28fm2xDLuzUbkR1oCQAfDFfDKrD+cf5Jglo/NGm8moSzybVTtRjQUwWF8Mor/ld35RtuPOWmHaoPrDYePyGKeArYvzh/Kq4Y3J846ZxZQIUedV+AHqK71JxXgLrf84fyskeSX/FempxPFDJcrUqBuQPDFeAor/lb35YSMyx+b9MDIAXkNynFQe+53xRwFS/5Wb+V8MLAebdJeUEsJHuUFOXU19sIKOApdJ+an5aheUfm/SJQNjL9ZRunh3plnCWFF1t+av5Y3S+ivm7TOYryY3IpxHTBRWirQ/mF+WcqoV82aU1wvJv96QpAXx8Se2PCVoqqfmB5BRmmbzdYHYVUXAPXsKA9cFJorrn8xvy7mtLqK0802j3TRFo4jMeHLaikEUqfCuAqIliV5518mKQ8ut2rMBzJEq0+EfEQCa08MqbaSeTzb5VeJZDrMG4Dx+pNH6isu4P2uvtjumkmv9d8r36rE2tWkcjfE4a4jCMppWlGNDXt88RaCFQa55W9UJLrNlLbBQBEZkDqR1IIbv2xNrS1tV8pxoywa1bEM4ajXEbEgCoA+Km3TD0Rwm0Jc615dt4Zpv0nAApMoHrq54EVK0Vqt7YLKeFKZte0J9SNtb6ghCCRm5XKLAAAP23Jo4J+yNmxo0tI+LzJ5YXmg1i14RMVnU3MO0gAYt9rcU8MNyRwIOT8xfKFi1vM2s27200LSxEyhpClTtRTRSSOrDbJi2EoM8tfzj8oxpb3F9runWjERwvZ/WI3qG/u5OSk0I/aXBbV4RXj89fyymvC1r53sVMnwenXnEJQT9sEAUNCKg5LcJ8MpXN+e35ZNZSywea7aN4fhCtbvIfVBIpGtKMP4YUiBS+T86fyl1JI5LrzDaNccKSqi3ESEnqQCtKrgpNF1l+eX5Uw+raJqjp6Y+CYq5SRRtyFe1MlS0pXf5u/lhO4dNYjbuoEZHUFgTUbbLjdLwLF/Nv8tb+1dZ9YiZVAqGUrIA3Sop774bXgLEtb82+TrK4jaHWYltJF4UkoxYHejkGopX4WBwWvCWKaxffl/rtxF9bktbz0g0cU04WVgKUC8jsQK7c+XH9nG2Jix+60H8qzExit7Ca5rT03EK8iOvEoAN+2G/JHCWKeYPKH5eX1u8S2tvZyEfBcWUqpNE/bYji6+KnBbIAhhR8n3EXlPzD5X0S9ttYu5ryw1KIRMkTiC3WVJTJGzfDx5rU1pTfCE8jaAuvLuuXHlHyzBa2huJLH9K210YWR1WRbwNQENRhQ9RXJBpJFn3/oSH/CnmP/AKts3XwH9cNFeIP/0COHQdAEot4dKsgQa+mLaNmqBU1Yj8M19lzeEIuPyzpjSoW0yxjQmokjt4at/wALsBgsrQTWDy/oquqJplk5Q1o1rDQE9z8OG0UE1j0jSlSjaXYmEb0aygH0gBP147ooK66NpexTSbL0ya1FnAKDrQ/BitBHx2uicSF0yyjQ7NWC3INf9WPJIpEfUNGC0NhZGQjYi2goPapQb4rQQklhYeqHS3hi4j4SIYAAPChWmBKbWL2Cry+qREVBJaCMp9B47jEMCE6tbrRo2CfUrRgp5Mq28L7nvslK5bEgNUgzzQNR8uSxBpdMtQfs1azgr9/DMkGJ6NBiQytY9DbaPS7M7bUtIK+37GS4I9yOJ4h5mtIY/MUz3VvaF5GolrFbxLRegDUQVGY0oi3IgdnsnlfSNDudHt5rjSLB3pTk1nbhjTuaJmRwR7mm01udJ0CGImLR7BSO4tINv+EwcEe5Ft2ml+WprZJ4tH09Qw+39UhXfvtw8cfDj3M1OTRfL6hguiac5Jo1bOAD6fgw8Ee5FuTRfLdOLaJp1OlPqdvSn/AYOCPctrv0B5Ybb/D+mU6f7xW/f/YYmEe5NqjaNoqrRNKsVUdB9Ugp/wAQyPBHuW0MukaVG5Mel2KE9Stpbr99Ex4I9y2iU0rSzQtplkTWv+8sFa+P2MHBHuDKyjotO0dj+8061YeH1eLr/wADjwx7gtlGx6JoZqRploCep9CLf/hcPBHuWy8//MvQdFEcLxaZZnghZ0FtDWpNA1SnTIyiO5IJeOSabpvNg2l2jeJ+rRH8OPfKSA22ldxa6RGzV0y0LDv9Wir/AMRyNBKV3cGhseT6VabDelvF/BcNLaQajb6Mykrp1r9EEY/UuFWMXNppRJAsoBTqPSUH9WSDFMfJs3l3T/MNpLqGlWV1aM4SWO5t45Y6E7MQwI2wgBrndPs/SfKX5Z6nptvfQ+UdCIkUEgada9Tvt+76Vy3gHc1A7Im08oeSg0/p+VdIjUPReOn2o2AHhHk+EdyEj8w+UfKEbCU+XNNRSRVlsLYcT2JpH0x4B3NRYJ5m0rRbeANaaXYRmM8fhtYFUA0H7Ke+VmISHhvmLTPq9xPKIkMEoY0iChDQ/Lqp2I74GbzHUGEUsiIG9OtQvgfag6YuQN0lv4UniE9CJwfjSu/EfxwMkqlsWkoysQTvyqanFKSXUE8MhO4YjZiSNvfxxS6NC8fCQc991qdifDAoQVzaSAEoC0f+SxqKeOFSgXRlFAzfSScUIOX1ATRyCd+td/pxVG2N7qFhazahZS+jfW0sLRXEYCuASQQSBU198IY0ymOCXzR5YsbiC6hstba81SWKzIWC2m5zoWRXFFjev2QQEavVcs5hxiake6/0JB+hvNf/AFa9Q/vfq/8AvO/9/wDydP8Ahvs/5WNrs//RHQRoHqk0ZWlKBR95r3+ea1zlRSvqPzVfW8XJK9N6AACuIQjwspiU8lFvQUWOv4kCuSVEQGEUFAzb7uXHfvUfwxQi2S4MZ/eqqH7RK1PH25mmFVOExlYxQBqfAzFi5/1RTbFiVbdSFtgrzFjRpeIAfvSvfCqnIkhiKSSIsx5erIQxYDvQEVxVCxwRco1tLqqcSQ4SQCvhQg7YqnujL6bkSOstGqSoYVPh8QGEMCyuwe6ScOI/V3HpxIQq9fE7ZdBpkz/TrrVig/0EK1NqSIT+vMsOOXknmNJn1+VryUxzGWsiEVAr0AIB6DwzGl9Tkw5PbPLHq/o2EbemF2Yd/nmQ0JhqZIs5SByYKaDpXFSq6VwNjEWCCQj4VH2R7CuAswquBx+IivthQUMAeVQxHgKbYUIhAfH9eRZBUotN2398iqnQcvtfrxVVHGh74GSJhEFR8W/cHAqZRenx+A1HtklYB+ZK1MJ5EL6Z5KoY712rTtkJMg8j4xeo3xCn00/VlBbAxzVAvqGhBH04GSQXoPE7ivv09sUJBeBzHuQPn/tYVY5ciTcArTfcVpT7sIQggJBJ8JUio6Vr+rCxL6//ACdm1qTQrZNTtjCFRfTkDIyMO2wYkbe2Xjk4vXZ6VZg85/SP+7m298myQGvBGs5hcHjEUo5O9OoJ2798LAvJtaaQ2wHCkZJErEgkUGx36k/te+QkxDyjzCiux9CQRheVCQWVj3pUbe+Vtjx/W44frjcpd+YDFeVN+pPw029si3xSeVNlEUg9QbMQGJNK7mo6HFmEJJHEBG1vKpLD94jhuSmnaq7iuBKW3sNsVatyoY9SFfbwp8OFUrliTp6woOho9f8AiOKrY1cMaOrfePv2xZIK6jt2JPqqj/tKQxFfoXFBSaaOLkf3qV77N/zTihWhSD9GX4eReNYdxy68v9XChHWkf/Os6aI5R/vbqYRgGrTlFv08csDjH6j7/wBCK4+aP57v/eenS4/3k8en91/wmFjs/wD/2Q==\" alt=\"\">Aenean vitae risus tempor, suscipit turpis elementum, lacinia justo. Aenean tortor orci, tristique sed libero vel, vulputate elementum lectus.\n							   Aliquam dapibus nisi et gravida accumsan. Nam aliquam blandit dapibus. Aliquam bibendum vestibulum neque, eu dapibus nunc congue vitae. Praesent mollis dolor eget elementum auctor.<br></div>', 'art_9.jpg', '1', '2016-04-22 16:21:16');
INSERT INTO `housemag` VALUES ('A1001', 'A', '0', '', '100', '1000', '0', '1', '111啊就是噶卡卡', '1461314716865.jpg', '0', '2016-04-22 16:47:11');
INSERT INTO `housemag` VALUES ('A4001', 'A', '100', '两房一厅', '900000', '1000000', '0', '1', '<div align=\"left\">环境优美</div>', '1461114992678.jpg', '1', '2016-04-20 10:21:20');
INSERT INTO `housemag` VALUES ('A4002', 'A', '0', '', '8000', '10000', '2', '1', '<p><br></p>', '', '0', '2016-04-20 10:25:35');
INSERT INTO `housemag` VALUES ('A4003', 'A', '0', '', '0', '10000', '2', '1', '', '', '1', '2016-04-23 11:03:34');
INSERT INTO `housemag` VALUES ('A5001', 'A', '0', '', '800000', '10000000', '2', '1', '<p><br></p>', '', '0', '2016-04-23 08:43:08');
INSERT INTO `housemag` VALUES ('B0101', 'B', '20', '两房一厅', '9000', '10000', '2', '0', '', 'art_6.jpg', '1', '2016-04-22 16:41:02');
INSERT INTO `housemag` VALUES ('B0102', 'B', '20', '两房一厅', '9000', '10000', '2', '1', '', 'art_11.jpg', '0', '2016-04-06 19:40:53');
INSERT INTO `housemag` VALUES ('B0103', 'B', '20', '两房一厅', '9000', '10000', '2', '1', '', 'art_12.jpg', '0', '2016-04-06 19:40:57');
INSERT INTO `housemag` VALUES ('B0105', 'B', '20', '两房一厅', '9000', '10000', '2', '1', '', 'art_14.jpg', '0', '2016-04-06 19:41:01');
INSERT INTO `housemag` VALUES ('B1001', 'B', '0', '', '0', '0', '0', '1', '', 'art_13.jpg', '0', '2016-04-06 19:41:06');
INSERT INTO `housemag` VALUES ('B1003', 'B', '0', '', '0', '0', '0', '1', '', 'art_15.jpg', '0', '2016-04-06 19:41:13');
INSERT INTO `housemag` VALUES ('C0101', 'C', '20', '两房一厅', '9000', '100001', '3', '0', '', 'art_16.jpg', '0', '2016-04-06 19:41:17');
INSERT INTO `housemag` VALUES ('C0102', 'C', '20', '两房一厅', '9000', '10000', '2', '0', '', 'art_7.jpg', '1', '2016-04-22 16:41:19');
INSERT INTO `housemag` VALUES ('C0103', 'C', '20', '两房一厅', '9000', '10000', '2', '0', '', 'art_17.jpg', '0', '2016-04-06 19:41:21');
INSERT INTO `housemag` VALUES ('C0105', 'C', '20', '两房一厅', '9000', '10000', '2', '1', '', 'art_18.jpg', '0', '2016-04-06 19:41:28');
INSERT INTO `housemag` VALUES ('D0103', 'D', '20', '两房一厅', '9000', '10000', '2', '1', '', 'art_19.jpg', '0', '2016-04-06 19:41:32');
INSERT INTO `housemag` VALUES ('D0106', 'D', '20', '两房一厅', '9000', '10000', '2', '1', '', 'art_20.jpg', '0', '2016-04-06 19:41:35');
INSERT INTO `housemag` VALUES ('D0107', 'D', '20', '两房一厅', '9000', '10000', '2', '0', '', 'art_2.jpg', '1', '2016-04-06 19:56:18');
INSERT INTO `housemag` VALUES ('E0107', 'E', '20', '两房一厅', '9000', '10000', '2', '1', '', 'art_21.jpg', '0', '2016-04-06 19:41:41');
INSERT INTO `housemag` VALUES ('F0101', 'F', '20', '两房一厅', '9000', '10000', '2', '1', '', 'art_22.jpg', '0', '2016-04-06 19:41:44');
INSERT INTO `housemag` VALUES ('F0102', 'F', '20', '两房一厅', '9000', '10000', '2', '1', '', 'art_3.jpg', '1', '2016-04-06 19:56:23');
INSERT INTO `housemag` VALUES ('F0107', 'F', '20', '两房一厅', '9000', '10000', '2', '1', '', 'art_8.jpg', '1', '2016-04-06 19:56:43');
INSERT INTO `housemag` VALUES ('G0101', 'G', '20', '两房一厅', '9000', '10000', '2', '1', '', 'art_23.jpg', '0', '2016-04-06 19:41:47');
INSERT INTO `housemag` VALUES ('G0102', 'G', '20', '两房一厅', '9000', '10000', '2', '1', '', 'art_24.jpg', '0', '2016-04-06 19:41:53');
INSERT INTO `housemag` VALUES ('G0107', 'G', '20', '两房一厅', '9000', '10000', '2', '1', '', 'art_25.jpg', '0', '2016-04-06 19:41:56');
INSERT INTO `housemag` VALUES ('H0105', 'H', '20', '两房一厅', '9000', '10000', '2', '0', '', 'art_4.jpg', '1', '2016-04-22 16:41:34');
INSERT INTO `housemag` VALUES ('H0106', 'H', '20', '两房一厅', '9000', '10000', '2', '1', '', 'art_26.jpg', '0', '2016-04-06 19:41:59');
INSERT INTO `housemag` VALUES ('H0107', 'H', '20', '两房一厅', '9000', '10000', '2', '1', '', 'art_27.jpg', '0', '2016-04-06 19:42:02');
INSERT INTO `housemag` VALUES ('I0102', 'I', '20', '两房一厅', '9000', '10000', '2', '1', '', 'art_5.jpg', '1', '2016-04-06 19:56:31');
INSERT INTO `housemag` VALUES ('I0103', 'I', '20', '两房一厅', '9000', '10000', '2', '1', '', 'art_28.jpg', '0', '2016-04-06 19:42:05');
INSERT INTO `housemag` VALUES ('I0105', 'I', '20', '两房一厅', '9000', '10000', '2', '1', '', 'art_29.jpg', '0', '2016-04-06 19:42:09');

-- ----------------------------
-- Table structure for intrate_mag
-- ----------------------------
DROP TABLE IF EXISTS `intrate_mag`;
CREATE TABLE `intrate_mag` (
  `INTRATE_ID` int(11) NOT NULL AUTO_INCREMENT COMMENT '利率ID',
  `BYSTG_SUM` int(11) NOT NULL COMMENT '分期数',
  `INTRATE` double NOT NULL COMMENT '利率',
  PRIMARY KEY (`INTRATE_ID`)
) ENGINE=InnoDB AUTO_INCREMENT=6 DEFAULT CHARSET=utf8 COMMENT='利率管理';

-- ----------------------------
-- Records of intrate_mag
-- ----------------------------
INSERT INTO `intrate_mag` VALUES ('1', '0', '0');
INSERT INTO `intrate_mag` VALUES ('4', '240', '2');
INSERT INTO `intrate_mag` VALUES ('5', '360', '3');

-- ----------------------------
-- Table structure for menu
-- ----------------------------
DROP TABLE IF EXISTS `menu`;
CREATE TABLE `menu` (
  `MENU_CODE` varchar(20) NOT NULL COMMENT '菜单编码',
  `SPRR_MENU_CODE` varchar(20) DEFAULT NULL COMMENT '上级菜单编码',
  `MENU_NM` varchar(200) DEFAULT NULL COMMENT '菜单名',
  `URL` varchar(1000) DEFAULT NULL,
  `TRGT` varchar(100) DEFAULT NULL COMMENT '目标',
  `SEQ` varchar(10) DEFAULT NULL COMMENT '顺序',
  `STATE` varchar(10) DEFAULT NULL COMMENT '是否展开',
  `ICONCLS` varchar(50) DEFAULT NULL COMMENT '图标',
  PRIMARY KEY (`MENU_CODE`)
) ENGINE=InnoDB DEFAULT CHARSET=utf8;

-- ----------------------------
-- Records of menu
-- ----------------------------
INSERT INTO `menu` VALUES ('BLD_MAG', 'PREME_INF_MAG', '楼房管理', '/estate/manager/buildMag.jsp', 'content', '0101', 'open', 'icon-building');
INSERT INTO `menu` VALUES ('BYSTG_PAY_CRCS', 'SALEAF_INF_MAG', '付款跟踪', '/estate/manager/payCrcs.jsp', 'content', '0402', 'open', 'icon-money_yen');
INSERT INTO `menu` VALUES ('CUS_MAG', 'SELL_INF_MAG', '客户信息', '/estate/manager/cusInfo.jsp', 'content', '0201', 'open', 'icon-vcard');
INSERT INTO `menu` VALUES ('HOS_MAG', 'PREME_INF_MAG', '房间管理', '/estate/manager/houseMag.jsp', 'content', '0102', 'open', 'icon-house');
INSERT INTO `menu` VALUES ('HOS_PRC', 'SELL_INF_MAG', '房屋定价', '/estate/manager/housePricing.jsp', 'content', '0202', 'open', 'icon-map_edit');
INSERT INTO `menu` VALUES ('HOS_SELL', 'SELL_INF_MAG', '房屋销售', '/estate/manager/houseSell.jsp', 'content', '0203', 'open', 'icon-large-chart');
INSERT INTO `menu` VALUES ('INF_QUERY', 'PREME_INF_MAG', '信息查询', '/estate/manager/houseInfoSearch.jsp', 'content', '0103', 'open', 'icon-zoom');
INSERT INTO `menu` VALUES ('INTRATE_MAG', 'SALEAF_INF_MAG', '期数利率', '/estate/manager/intrateMag.jsp', 'content', '0401', 'open', 'icon-calendar');
INSERT INTO `menu` VALUES ('LIM_SET', 'WRKR_LIM_MAG', '权限设置', '/estate/manager/roleMenu.jsp', 'content', '0302', 'open', 'icon-lock_edit');
INSERT INTO `menu` VALUES ('PREME_INF_MAG', 'estate', '房屋信息管理', null, 'content', '01', 'closed', 'icon-building_link');
INSERT INTO `menu` VALUES ('SALEAF_INF_MAG', 'estate', '售后信息管理', null, 'content', '04', 'closed', 'icon-user_comment');
INSERT INTO `menu` VALUES ('SELL_INF_MAG', 'estate', '销售信息管理', null, 'content', '02', 'closed', 'icon-map');
INSERT INTO `menu` VALUES ('STCS_ANALY', 'SELL_INF_MAG', '统计分析', '/estate/manager/statcAnaly.jsp', 'content', '0204', 'open', 'icon-chart-curve');
INSERT INTO `menu` VALUES ('WRKR_INF', 'WRKR_LIM_MAG', '员工信息', '/estate/manager/wrkrInfo.jsp', 'content', '0301', 'open', 'icon-manager');
INSERT INTO `menu` VALUES ('WRKR_LIM_MAG', 'estate', '员工权限管理', null, 'content', '03', 'closed', 'icon-group');

-- ----------------------------
-- Table structure for per_prd_payed
-- ----------------------------
DROP TABLE IF EXISTS `per_prd_payed`;
CREATE TABLE `per_prd_payed` (
  `SEL_NO` int(11) NOT NULL COMMENT '销售ID',
  `PAY_DT` timestamp NULL DEFAULT CURRENT_TIMESTAMP ON UPDATE CURRENT_TIMESTAMP COMMENT '付款时间',
  `ID` int(11) NOT NULL AUTO_INCREMENT,
  PRIMARY KEY (`ID`)
) ENGINE=InnoDB AUTO_INCREMENT=7 DEFAULT CHARSET=utf8 COMMENT='每期已付款';

-- ----------------------------
-- Records of per_prd_payed
-- ----------------------------
INSERT INTO `per_prd_payed` VALUES ('26', '2016-03-01 16:00:27', '1');
INSERT INTO `per_prd_payed` VALUES ('25', null, '2');
INSERT INTO `per_prd_payed` VALUES ('25', '2016-03-02 15:30:19', '3');
INSERT INTO `per_prd_payed` VALUES ('29', '2016-04-20 10:27:24', '4');
INSERT INTO `per_prd_payed` VALUES ('32', '2016-04-22 16:33:54', '5');
INSERT INTO `per_prd_payed` VALUES ('34', '2016-04-23 08:44:08', '6');

-- ----------------------------
-- Table structure for per_prd_unpay
-- ----------------------------
DROP TABLE IF EXISTS `per_prd_unpay`;
CREATE TABLE `per_prd_unpay` (
  `ID` int(11) NOT NULL COMMENT '未付款ID',
  `SEL_NO` int(11) NOT NULL COMMENT '销售ID',
  PRIMARY KEY (`ID`)
) ENGINE=InnoDB DEFAULT CHARSET=utf8 COMMENT='每期未付款';

-- ----------------------------
-- Records of per_prd_unpay
-- ----------------------------

-- ----------------------------
-- Table structure for role
-- ----------------------------
DROP TABLE IF EXISTS `role`;
CREATE TABLE `role` (
  `ROLE_ID` varchar(10) NOT NULL COMMENT '角色ID',
  `ROLE_NM` varchar(20) DEFAULT NULL COMMENT '角色名',
  PRIMARY KEY (`ROLE_ID`)
) ENGINE=InnoDB DEFAULT CHARSET=utf8;

-- ----------------------------
-- Records of role
-- ----------------------------
INSERT INTO `role` VALUES ('0001', '管理员');
INSERT INTO `role` VALUES ('1001', '销售经理');
INSERT INTO `role` VALUES ('1002', '区域经理');
INSERT INTO `role` VALUES ('2001', '销售员');
INSERT INTO `role` VALUES ('3001', '总经理');
INSERT INTO `role` VALUES ('4001', '财务员');

-- ----------------------------
-- Table structure for rolemenu
-- ----------------------------
DROP TABLE IF EXISTS `rolemenu`;
CREATE TABLE `rolemenu` (
  `ROLE_ID` varchar(11) NOT NULL COMMENT '角色ID',
  `MENU_CODE` varchar(20) NOT NULL COMMENT '菜单编码',
  PRIMARY KEY (`ROLE_ID`,`MENU_CODE`)
) ENGINE=InnoDB DEFAULT CHARSET=utf8;

-- ----------------------------
-- Records of rolemenu
-- ----------------------------
INSERT INTO `rolemenu` VALUES ('0001', 'BLD_MAG');
INSERT INTO `rolemenu` VALUES ('0001', 'BYSTG_PAY_CRCS');
INSERT INTO `rolemenu` VALUES ('0001', 'CUS_MAG');
INSERT INTO `rolemenu` VALUES ('0001', 'HOS_MAG');
INSERT INTO `rolemenu` VALUES ('0001', 'HOS_PRC');
INSERT INTO `rolemenu` VALUES ('0001', 'HOS_SELL');
INSERT INTO `rolemenu` VALUES ('0001', 'INF_QUERY');
INSERT INTO `rolemenu` VALUES ('0001', 'INTRATE_MAG');
INSERT INTO `rolemenu` VALUES ('0001', 'LIM_SET');
INSERT INTO `rolemenu` VALUES ('0001', 'PREME_INF_MAG');
INSERT INTO `rolemenu` VALUES ('0001', 'SALEAF_INF_MAG');
INSERT INTO `rolemenu` VALUES ('0001', 'SELL_INF_MAG');
INSERT INTO `rolemenu` VALUES ('0001', 'STCS_ANALY');
INSERT INTO `rolemenu` VALUES ('0001', 'WRKR_INF');
INSERT INTO `rolemenu` VALUES ('0001', 'WRKR_LIM_MAG');
INSERT INTO `rolemenu` VALUES ('1001', 'BLD_MAG');
INSERT INTO `rolemenu` VALUES ('1001', 'CUS_MAG');
INSERT INTO `rolemenu` VALUES ('1001', 'HOS_MAG');
INSERT INTO `rolemenu` VALUES ('1001', 'HOS_PRC');
INSERT INTO `rolemenu` VALUES ('1001', 'HOS_SELL');
INSERT INTO `rolemenu` VALUES ('1001', 'INF_QUERY');
INSERT INTO `rolemenu` VALUES ('1001', 'PREME_INF_MAG');
INSERT INTO `rolemenu` VALUES ('1001', 'SELL_INF_MAG');
INSERT INTO `rolemenu` VALUES ('1001', 'STCS_ANALY');
INSERT INTO `rolemenu` VALUES ('2001', 'CUS_MAG');
INSERT INTO `rolemenu` VALUES ('2001', 'HOS_SELL');
INSERT INTO `rolemenu` VALUES ('2001', 'INF_QUERY');
INSERT INTO `rolemenu` VALUES ('2001', 'PREME_INF_MAG');
INSERT INTO `rolemenu` VALUES ('2001', 'SELL_INF_MAG');
INSERT INTO `rolemenu` VALUES ('2001', 'STCS_ANALY');
INSERT INTO `rolemenu` VALUES ('4001', 'BYSTG_PAY_CRCS');
INSERT INTO `rolemenu` VALUES ('4001', 'INTRATE_MAG');
INSERT INTO `rolemenu` VALUES ('4001', 'SALEAF_INF_MAG');

-- ----------------------------
-- Table structure for wrkrinfo
-- ----------------------------
DROP TABLE IF EXISTS `wrkrinfo`;
CREATE TABLE `wrkrinfo` (
  `WRKR_NO` varchar(11) NOT NULL COMMENT '员工号',
  `WRKR_NM` varchar(20) DEFAULT NULL COMMENT '员工名',
  `ROLE_ID` varchar(10) DEFAULT NULL COMMENT '角色ID',
  `WRKR_ICD` varchar(20) DEFAULT NULL COMMENT '身份证',
  `WRKR_TELL` varchar(20) DEFAULT NULL COMMENT '电话',
  `LOGIN_PSW` varchar(20) DEFAULT NULL COMMENT '登陆密码',
  `WRKR_PST` varchar(20) DEFAULT NULL COMMENT '职位',
  `SELL_SCR` double DEFAULT NULL COMMENT '销售成绩',
  PRIMARY KEY (`WRKR_NO`)
) ENGINE=InnoDB DEFAULT CHARSET=utf8;

-- ----------------------------
-- Records of wrkrinfo
-- ----------------------------
INSERT INTO `wrkrinfo` VALUES ('00000', 'meno0', '0001', '441581199310102458', '13148958558', 'admin', 'CEO', '0');
INSERT INTO `wrkrinfo` VALUES ('10001', 'cwh', '1001', '212121211414141414', '22222', '1001', '销售经理', '0');
INSERT INTO `wrkrinfo` VALUES ('20001', '小蔡', '2001', '111111111', '22222222', '2001', '销售员', '0');
INSERT INTO `wrkrinfo` VALUES ('20002', '财务元', '4001', '441581199310102222', '13148', '20002', '财务经理', '0');
INSERT INTO `wrkrinfo` VALUES ('20003', '蔡文浩', '1001', '441581199310102459', '13148958558', '20003', '', '0');
